Marker,Dye,Allele,Size,Height,IsStutter,Sample File,IsRare
D8S1179,B,10,129.7,128.0,False,B01_RD14-0003-44_45-1;1-M2S30-0.25IP-Q3.0_002.5sec.fsa,False
D21S11,B,28,198.68,53.0,False,B01_RD14-0003-44_45-1;1-M2S30-0.25IP-Q3.0_002.5sec.fsa,False
D3S1358,G,15,122.37,282.0,False,B01_RD14-0003-44_45-1;1-M2S30-0.25IP-Q3.0_002.5sec.fsa,False
TH01,G,6,168.61,83.0,False,B01_RD14-0003-44_45-1;1-M2S30-0.25IP-Q3.0_002.5sec.fsa,False
D13S317,G,8,215.16,120.0,False,B01_RD14-0003-44_45-1;1-M2S30-0.25IP-Q3.0_002.5sec.fsa,False
D19S433,Y,11,108.21,166.0,False,B01_RD14-0003-44_45-1;1-M2S30-0.25IP-Q3.0_002.5sec.fsa,False
vWA,Y,13,160.0,109.0,False,B01_RD14-0003-44_45-1;1-M2S30-0.25IP-Q3.0_002.5sec.fsa,False
vWA,Y,16,172.16,55.0,False,B01_RD14-0003-44_45-1;1-M2S30-0.25IP-Q3.0_002.5sec.fsa,False
TPOX,Y,11,240.93,80.0,False,B01_RD14-0003-44_45-1;1-M2S30-0.25IP-Q3.0_002.5sec.fsa,False
AMEL,R,X,104.98,335.0,False,B01_RD14-0003-44_45-1;1-M2S30-0.25IP-Q3.0_002.5sec.fsa,False
AMEL,R,Y,110.87,254.0,False,B01_RD14-0003-44_45-1;1-M2S30-0.25IP-Q3.0_002.5sec.fsa,False
D5S818,R,11,148.9,288.0,False,B01_RD14-0003-44_45-1;1-M2S30-0.25IP-Q3.0_002.5sec.fsa,False
D8S1179,B,10,129.68,85.0,False,C01_RD14-0003-44_45-1;1-M2S30-0.126IP-Q3.0_003.5sec.fsa,False
D3S1358,G,15,122.28,171.0,False,C01_RD14-0003-44_45-1;1-M2S30-0.126IP-Q3.0_003.5sec.fsa,False
D3S1358,G,16,126.43,61.0,False,C01_RD14-0003-44_45-1;1-M2S30-0.126IP-Q3.0_003.5sec.fsa,False
D3S1358,G,17,130.15,70.0,False,C01_RD14-0003-44_45-1;1-M2S30-0.126IP-Q3.0_003.5sec.fsa,False
TH01,G,6,168.65,59.0,False,C01_RD14-0003-44_45-1;1-M2S30-0.126IP-Q3.0_003.5sec.fsa,False
TH01,G,9.3,183.95,73.0,False,C01_RD14-0003-44_45-1;1-M2S30-0.126IP-Q3.0_003.5sec.fsa,False
D13S317,G,8,215.16,52.0,False,C01_RD14-0003-44_45-1;1-M2S30-0.126IP-Q3.0_003.5sec.fsa,False
D19S433,Y,11,108.22,77.0,False,C01_RD14-0003-44_45-1;1-M2S30-0.126IP-Q3.0_003.5sec.fsa,False
D19S433,Y,13,116.25,93.0,False,C01_RD14-0003-44_45-1;1-M2S30-0.126IP-Q3.0_003.5sec.fsa,False
D19S433,Y,14,120.15,77.0,False,C01_RD14-0003-44_45-1;1-M2S30-0.126IP-Q3.0_003.5sec.fsa,False
AMEL,R,X,104.99,103.0,False,C01_RD14-0003-44_45-1;1-M2S30-0.126IP-Q3.0_003.5sec.fsa,False
AMEL,R,Y,110.96,128.0,False,C01_RD14-0003-44_45-1;1-M2S30-0.126IP-Q3.0_003.5sec.fsa,False
D5S818,R,11,148.89,133.0,False,C01_RD14-0003-44_45-1;1-M2S30-0.126IP-Q3.0_003.5sec.fsa,False
D21S11,B,28,198.69,50.0,False,D01_RD14-0003-44_45-1;1-M3S30-0.062IP-Q3.1_004.5sec.fsa,False
D19S433,Y,13,116.33,70.0,False,D01_RD14-0003-44_45-1;1-M3S30-0.062IP-Q3.1_004.5sec.fsa,False
AMEL,R,X,105.04,79.0,False,D01_RD14-0003-44_45-1;1-M3S30-0.062IP-Q3.1_004.5sec.fsa,False
AMEL,R,Y,110.9,87.0,False,D01_RD14-0003-44_45-1;1-M3S30-0.062IP-Q3.1_004.5sec.fsa,False
D5S818,R,11,148.86,86.0,False,D01_RD14-0003-44_45-1;1-M3S30-0.062IP-Q3.1_004.5sec.fsa,False
D19S433,Y,13,116.31,50.0,False,E01_RD14-0003-44_45-1;1-M4S30-0.03IP-Q3.2_001.5sec.fsa,False
D3S1358,G,15,122.3,110.0,False,A02_RD14-0003-44_45-1;1-M4d-0.031IP-Q0.9_001.5sec.fsa,False
D3S1358,G,17,130.24,57.0,False,A02_RD14-0003-44_45-1;1-M4d-0.031IP-Q0.9_001.5sec.fsa,False
D2S1338,G,16,308.66,60.0,False,A02_RD14-0003-44_45-1;1-M4d-0.031IP-Q0.9_001.5sec.fsa,False
D19S433,Y,11,108.11,52.0,False,A02_RD14-0003-44_45-1;1-M4d-0.031IP-Q0.9_001.5sec.fsa,False
vWA,Y,16,172.15,70.0,False,A02_RD14-0003-44_45-1;1-M4d-0.031IP-Q0.9_001.5sec.fsa,False
AMEL,R,X,104.93,94.0,False,A02_RD14-0003-44_45-1;1-M4d-0.031IP-Q0.9_001.5sec.fsa,False
D8S1179,B,10,129.65,241.0,False,B01_RD14-0003-44_45-1;1-M3a-0.25IP-Q0.5_002.5sec.fsa,False
D8S1179,B,14,146.1,408.0,False,B01_RD14-0003-44_45-1;1-M3a-0.25IP-Q0.5_002.5sec.fsa,False
D8S1179,B,15,150.32,227.0,False,B01_RD14-0003-44_45-1;1-M3a-0.25IP-Q0.5_002.5sec.fsa,False
D21S11,B,28,198.65,363.0,False,B01_RD14-0003-44_45-1;1-M3a-0.25IP-Q0.5_002.5sec.fsa,False
D7S820,B,8,262.12,183.0,False,B01_RD14-0003-44_45-1;1-M3a-0.25IP-Q0.5_002.5sec.fsa,False
D7S820,B,9,266.04,133.0,False,B01_RD14-0003-44_45-1;1-M3a-0.25IP-Q0.5_002.5sec.fsa,False
D7S820,B,10,270.14,323.0,False,B01_RD14-0003-44_45-1;1-M3a-0.25IP-Q0.5_002.5sec.fsa,False
CSF1PO,B,11,322.92,246.0,False,B01_RD14-0003-44_45-1;1-M3a-0.25IP-Q0.5_002.5sec.fsa,False
CSF1PO,B,12,326.87,374.0,False,B01_RD14-0003-44_45-1;1-M3a-0.25IP-Q0.5_002.5sec.fsa,False
D3S1358,G,15,122.25,419.0,False,B01_RD14-0003-44_45-1;1-M3a-0.25IP-Q0.5_002.5sec.fsa,False
D3S1358,G,16,126.41,396.0,False,B01_RD14-0003-44_45-1;1-M3a-0.25IP-Q0.5_002.5sec.fsa,False
D3S1358,G,17,130.2,284.0,False,B01_RD14-0003-44_45-1;1-M3a-0.25IP-Q0.5_002.5sec.fsa,False
TH01,G,6,168.57,372.0,False,B01_RD14-0003-44_45-1;1-M3a-0.25IP-Q0.5_002.5sec.fsa,False
TH01,G,7,172.63,334.0,False,B01_RD14-0003-44_45-1;1-M3a-0.25IP-Q0.5_002.5sec.fsa,False
TH01,G,9,180.68,175.0,False,B01_RD14-0003-44_45-1;1-M3a-0.25IP-Q0.5_002.5sec.fsa,False
TH01,G,9.3,183.88,190.0,False,B01_RD14-0003-44_45-1;1-M3a-0.25IP-Q0.5_002.5sec.fsa,False
D13S317,G,8,215.11,436.0,False,B01_RD14-0003-44_45-1;1-M3a-0.25IP-Q0.5_002.5sec.fsa,False
D13S317,G,12,231.26,300.0,False,B01_RD14-0003-44_45-1;1-M3a-0.25IP-Q0.5_002.5sec.fsa,False
D16S539,G,10,271.25,597.0,False,B01_RD14-0003-44_45-1;1-M3a-0.25IP-Q0.5_002.5sec.fsa,False
D16S539,G,11,275.28,565.0,False,B01_RD14-0003-44_45-1;1-M3a-0.25IP-Q0.5_002.5sec.fsa,False
D2S1338,G,16,308.8,252.0,False,B01_RD14-0003-44_45-1;1-M3a-0.25IP-Q0.5_002.5sec.fsa,False
D2S1338,G,19,321.06,412.0,False,B01_RD14-0003-44_45-1;1-M3a-0.25IP-Q0.5_002.5sec.fsa,False
D19S433,Y,11,108.14,224.0,False,B01_RD14-0003-44_45-1;1-M3a-0.25IP-Q0.5_002.5sec.fsa,False
D19S433,Y,13,116.23,222.0,False,B01_RD14-0003-44_45-1;1-M3a-0.25IP-Q0.5_002.5sec.fsa,False
D19S433,Y,14,120.16,239.0,False,B01_RD14-0003-44_45-1;1-M3a-0.25IP-Q0.5_002.5sec.fsa,False
vWA,Y,13,160.0,327.0,False,B01_RD14-0003-44_45-1;1-M3a-0.25IP-Q0.5_002.5sec.fsa,False
vWA,Y,16,172.13,249.0,False,B01_RD14-0003-44_45-1;1-M3a-0.25IP-Q0.5_002.5sec.fsa,False
TPOX,Y,8,228.81,313.0,False,B01_RD14-0003-44_45-1;1-M3a-0.25IP-Q0.5_002.5sec.fsa,False
TPOX,Y,11,240.87,645.0,False,B01_RD14-0003-44_45-1;1-M3a-0.25IP-Q0.5_002.5sec.fsa,False
D18S51,Y,12,281.1,193.0,False,B01_RD14-0003-44_45-1;1-M3a-0.25IP-Q0.5_002.5sec.fsa,False
D18S51,Y,14,289.15,183.0,False,B01_RD14-0003-44_45-1;1-M3a-0.25IP-Q0.5_002.5sec.fsa,False
AMEL,R,X,104.96,288.0,False,B01_RD14-0003-44_45-1;1-M3a-0.25IP-Q0.5_002.5sec.fsa,False
AMEL,R,Y,110.92,423.0,False,B01_RD14-0003-44_45-1;1-M3a-0.25IP-Q0.5_002.5sec.fsa,False
D5S818,R,11,148.83,600.0,False,B01_RD14-0003-44_45-1;1-M3a-0.25IP-Q0.5_002.5sec.fsa,False
D5S818,R,12,152.98,208.0,False,B01_RD14-0003-44_45-1;1-M3a-0.25IP-Q0.5_002.5sec.fsa,False
FGA,R,21,229.15,150.0,False,B01_RD14-0003-44_45-1;1-M3a-0.25IP-Q0.5_002.5sec.fsa,False
D8S1179,B,10,129.69,165.0,False,B02_RD14-0003-44_45-1;1-M2e-0.25IP-Q0.8_002.5sec.fsa,False
D21S11,B,28,198.63,170.0,False,B02_RD14-0003-44_45-1;1-M2e-0.25IP-Q0.8_002.5sec.fsa,False
D21S11,B,31,210.63,75.0,False,B02_RD14-0003-44_45-1;1-M2e-0.25IP-Q0.8_002.5sec.fsa,False
D21S11,B,32,214.74,90.0,False,B02_RD14-0003-44_45-1;1-M2e-0.25IP-Q0.8_002.5sec.fsa,True
D7S820,B,8,262.13,95.0,False,B02_RD14-0003-44_45-1;1-M2e-0.25IP-Q0.8_002.5sec.fsa,False
CSF1PO,B,11,322.78,124.0,False,B02_RD14-0003-44_45-1;1-M2e-0.25IP-Q0.8_002.5sec.fsa,False
CSF1PO,B,12,326.84,77.0,False,B02_RD14-0003-44_45-1;1-M2e-0.25IP-Q0.8_002.5sec.fsa,False
D3S1358,G,15,122.29,429.0,False,B02_RD14-0003-44_45-1;1-M2e-0.25IP-Q0.8_002.5sec.fsa,False
D3S1358,G,16,126.46,224.0,False,B02_RD14-0003-44_45-1;1-M2e-0.25IP-Q0.8_002.5sec.fsa,False
D3S1358,G,17,130.22,140.0,False,B02_RD14-0003-44_45-1;1-M2e-0.25IP-Q0.8_002.5sec.fsa,False
TH01,G,6,168.65,173.0,False,B02_RD14-0003-44_45-1;1-M2e-0.25IP-Q0.8_002.5sec.fsa,False
TH01,G,7,172.66,123.0,False,B02_RD14-0003-44_45-1;1-M2e-0.25IP-Q0.8_002.5sec.fsa,False
TH01,G,9,180.8,124.0,False,B02_RD14-0003-44_45-1;1-M2e-0.25IP-Q0.8_002.5sec.fsa,False
D13S317,G,8,215.15,239.0,False,B02_RD14-0003-44_45-1;1-M2e-0.25IP-Q0.8_002.5sec.fsa,False
D13S317,G,12,231.28,94.0,False,B02_RD14-0003-44_45-1;1-M2e-0.25IP-Q0.8_002.5sec.fsa,False
D16S539,G,10,271.28,228.0,False,B02_RD14-0003-44_45-1;1-M2e-0.25IP-Q0.8_002.5sec.fsa,False
D16S539,G,11,275.18,146.0,False,B02_RD14-0003-44_45-1;1-M2e-0.25IP-Q0.8_002.5sec.fsa,False
D2S1338,G,16,308.77,75.0,False,B02_RD14-0003-44_45-1;1-M2e-0.25IP-Q0.8_002.5sec.fsa,False
D2S1338,G,19,321.13,94.0,False,B02_RD14-0003-44_45-1;1-M2e-0.25IP-Q0.8_002.5sec.fsa,False
D19S433,Y,11,108.12,254.0,False,B02_RD14-0003-44_45-1;1-M2e-0.25IP-Q0.8_002.5sec.fsa,False
D19S433,Y,13,116.2,240.0,False,B02_RD14-0003-44_45-1;1-M2e-0.25IP-Q0.8_002.5sec.fsa,False
vWA,Y,13,160.08,115.0,False,B02_RD14-0003-44_45-1;1-M2e-0.25IP-Q0.8_002.5sec.fsa,False
vWA,Y,16,172.19,95.0,False,B02_RD14-0003-44_45-1;1-M2e-0.25IP-Q0.8_002.5sec.fsa,False
TPOX,Y,8,228.84,103.0,False,B02_RD14-0003-44_45-1;1-M2e-0.25IP-Q0.8_002.5sec.fsa,False
TPOX,Y,11,240.84,254.0,False,B02_RD14-0003-44_45-1;1-M2e-0.25IP-Q0.8_002.5sec.fsa,False
D18S51,Y,12,281.07,51.0,False,B02_RD14-0003-44_45-1;1-M2e-0.25IP-Q0.8_002.5sec.fsa,False
AMEL,R,X,105.02,345.0,False,B02_RD14-0003-44_45-1;1-M2e-0.25IP-Q0.8_002.5sec.fsa,False
AMEL,R,Y,110.92,349.0,False,B02_RD14-0003-44_45-1;1-M2e-0.25IP-Q0.8_002.5sec.fsa,False
D5S818,R,11,148.92,354.0,False,B02_RD14-0003-44_45-1;1-M2e-0.25IP-Q0.8_002.5sec.fsa,False
D5S818,R,12,152.97,111.0,False,B02_RD14-0003-44_45-1;1-M2e-0.25IP-Q0.8_002.5sec.fsa,False
FGA,R,21,229.17,117.0,False,B02_RD14-0003-44_45-1;1-M2e-0.25IP-Q0.8_002.5sec.fsa,False
FGA,R,23,237.23,71.0,False,B02_RD14-0003-44_45-1;1-M2e-0.25IP-Q0.8_002.5sec.fsa,False
D8S1179,B,10,129.73,215.0,False,C01_RD14-0003-44_45-1;1-M3a-0.126IP-Q0.5_003.5sec.fsa,False
D21S11,B,28,198.65,235.0,False,C01_RD14-0003-44_45-1;1-M3a-0.126IP-Q0.5_003.5sec.fsa,False
D21S11,B,31,210.67,52.0,False,C01_RD14-0003-44_45-1;1-M3a-0.126IP-Q0.5_003.5sec.fsa,False
D7S820,B,8,262.12,133.0,False,C01_RD14-0003-44_45-1;1-M3a-0.126IP-Q0.5_003.5sec.fsa,False
D7S820,B,9,266.19,99.0,False,C01_RD14-0003-44_45-1;1-M3a-0.126IP-Q0.5_003.5sec.fsa,False
D7S820,B,10,270.1,152.0,False,C01_RD14-0003-44_45-1;1-M3a-0.126IP-Q0.5_003.5sec.fsa,False
CSF1PO,B,11,322.82,199.0,False,C01_RD14-0003-44_45-1;1-M3a-0.126IP-Q0.5_003.5sec.fsa,False
CSF1PO,B,12,326.85,158.0,False,C01_RD14-0003-44_45-1;1-M3a-0.126IP-Q0.5_003.5sec.fsa,False
D3S1358,G,15,122.25,316.0,False,C01_RD14-0003-44_45-1;1-M3a-0.126IP-Q0.5_003.5sec.fsa,False
TH01,G,6,168.62,121.0,False,C01_RD14-0003-44_45-1;1-M3a-0.126IP-Q0.5_003.5sec.fsa,False
TH01,G,7,172.66,119.0,False,C01_RD14-0003-44_45-1;1-M3a-0.126IP-Q0.5_003.5sec.fsa,False
TH01,G,9,180.67,155.0,False,C01_RD14-0003-44_45-1;1-M3a-0.126IP-Q0.5_003.5sec.fsa,False
D13S317,G,8,215.11,197.0,False,C01_RD14-0003-44_45-1;1-M3a-0.126IP-Q0.5_003.5sec.fsa,False
D13S317,G,12,231.29,163.0,False,C01_RD14-0003-44_45-1;1-M3a-0.126IP-Q0.5_003.5sec.fsa,False
D13S317,G,13,235.34,163.0,False,C01_RD14-0003-44_45-1;1-M3a-0.126IP-Q0.5_003.5sec.fsa,False
D16S539,G,10,271.29,165.0,False,C01_RD14-0003-44_45-1;1-M3a-0.126IP-Q0.5_003.5sec.fsa,False
D16S539,G,11,275.3,320.0,False,C01_RD14-0003-44_45-1;1-M3a-0.126IP-Q0.5_003.5sec.fsa,False
D2S1338,G,16,308.74,94.0,False,C01_RD14-0003-44_45-1;1-M3a-0.126IP-Q0.5_003.5sec.fsa,False
D2S1338,G,19,321.06,298.0,False,C01_RD14-0003-44_45-1;1-M3a-0.126IP-Q0.5_003.5sec.fsa,False
D19S433,Y,11,108.11,118.0,False,C01_RD14-0003-44_45-1;1-M3a-0.126IP-Q0.5_003.5sec.fsa,False
vWA,Y,13,160.0,79.0,False,C01_RD14-0003-44_45-1;1-M3a-0.126IP-Q0.5_003.5sec.fsa,False
vWA,Y,16,172.16,102.0,False,C01_RD14-0003-44_45-1;1-M3a-0.126IP-Q0.5_003.5sec.fsa,False
TPOX,Y,8,228.76,173.0,False,C01_RD14-0003-44_45-1;1-M3a-0.126IP-Q0.5_003.5sec.fsa,False
TPOX,Y,11,240.87,150.0,False,C01_RD14-0003-44_45-1;1-M3a-0.126IP-Q0.5_003.5sec.fsa,False
D18S51,Y,12,281.1,97.0,False,C01_RD14-0003-44_45-1;1-M3a-0.126IP-Q0.5_003.5sec.fsa,False
D18S51,Y,14,289.16,54.0,False,C01_RD14-0003-44_45-1;1-M3a-0.126IP-Q0.5_003.5sec.fsa,False
D18S51,Y,16,297.12,115.0,False,C01_RD14-0003-44_45-1;1-M3a-0.126IP-Q0.5_003.5sec.fsa,False
D18S51,Y,17,301.08,57.0,False,C01_RD14-0003-44_45-1;1-M3a-0.126IP-Q0.5_003.5sec.fsa,False
AMEL,R,X,104.99,184.0,False,C01_RD14-0003-44_45-1;1-M3a-0.126IP-Q0.5_003.5sec.fsa,False
AMEL,R,Y,110.9,280.0,False,C01_RD14-0003-44_45-1;1-M3a-0.126IP-Q0.5_003.5sec.fsa,False
D5S818,R,11,148.92,336.0,False,C01_RD14-0003-44_45-1;1-M3a-0.126IP-Q0.5_003.5sec.fsa,False
D5S818,R,12,152.99,105.0,False,C01_RD14-0003-44_45-1;1-M3a-0.126IP-Q0.5_003.5sec.fsa,False
FGA,R,21,229.09,144.0,False,C01_RD14-0003-44_45-1;1-M3a-0.126IP-Q0.5_003.5sec.fsa,False
D8S1179,B,10,129.69,70.0,False,D01_RD14-0003-44_45-1;1-M3a-0.062IP-Q0.5_004.5sec.fsa,False
D21S11,B,28,198.74,94.0,False,D01_RD14-0003-44_45-1;1-M3a-0.062IP-Q0.5_004.5sec.fsa,False
D21S11,B,31,210.69,64.0,False,D01_RD14-0003-44_45-1;1-M3a-0.062IP-Q0.5_004.5sec.fsa,False
D7S820,B,10,270.13,113.0,False,D01_RD14-0003-44_45-1;1-M3a-0.062IP-Q0.5_004.5sec.fsa,False
CSF1PO,B,11,322.8,141.0,False,D01_RD14-0003-44_45-1;1-M3a-0.062IP-Q0.5_004.5sec.fsa,False
CSF1PO,B,12,326.8,116.0,False,D01_RD14-0003-44_45-1;1-M3a-0.062IP-Q0.5_004.5sec.fsa,False
D3S1358,G,15,122.25,169.0,False,D01_RD14-0003-44_45-1;1-M3a-0.062IP-Q0.5_004.5sec.fsa,False
TH01,G,7,172.6,111.0,False,D01_RD14-0003-44_45-1;1-M3a-0.062IP-Q0.5_004.5sec.fsa,False
D13S317,G,8,215.18,160.0,False,D01_RD14-0003-44_45-1;1-M3a-0.062IP-Q0.5_004.5sec.fsa,False
D13S317,G,12,231.23,78.0,False,D01_RD14-0003-44_45-1;1-M3a-0.062IP-Q0.5_004.5sec.fsa,False
D13S317,G,13,235.36,86.0,False,D01_RD14-0003-44_45-1;1-M3a-0.062IP-Q0.5_004.5sec.fsa,False
D16S539,G,10,271.24,227.0,False,D01_RD14-0003-44_45-1;1-M3a-0.062IP-Q0.5_004.5sec.fsa,False
D16S539,G,11,275.23,238.0,False,D01_RD14-0003-44_45-1;1-M3a-0.062IP-Q0.5_004.5sec.fsa,False
D2S1338,G,16,308.79,256.0,False,D01_RD14-0003-44_45-1;1-M3a-0.062IP-Q0.5_004.5sec.fsa,False
D2S1338,G,19,321.05,121.0,False,D01_RD14-0003-44_45-1;1-M3a-0.062IP-Q0.5_004.5sec.fsa,False
D19S433,Y,11,108.09,64.0,False,D01_RD14-0003-44_45-1;1-M3a-0.062IP-Q0.5_004.5sec.fsa,False
D19S433,Y,13,116.16,63.0,False,D01_RD14-0003-44_45-1;1-M3a-0.062IP-Q0.5_004.5sec.fsa,False
D19S433,Y,14,120.15,109.0,False,D01_RD14-0003-44_45-1;1-M3a-0.062IP-Q0.5_004.5sec.fsa,False
vWA,Y,13,160.0,142.0,False,D01_RD14-0003-44_45-1;1-M3a-0.062IP-Q0.5_004.5sec.fsa,False
vWA,Y,16,172.19,57.0,False,D01_RD14-0003-44_45-1;1-M3a-0.062IP-Q0.5_004.5sec.fsa,False
vWA,Y,20,188.57,72.0,False,D01_RD14-0003-44_45-1;1-M3a-0.062IP-Q0.5_004.5sec.fsa,True
TPOX,Y,8,228.79,88.0,False,D01_RD14-0003-44_45-1;1-M3a-0.062IP-Q0.5_004.5sec.fsa,False
TPOX,Y,11,240.78,188.0,False,D01_RD14-0003-44_45-1;1-M3a-0.062IP-Q0.5_004.5sec.fsa,False
D18S51,Y,12,281.1,163.0,False,D01_RD14-0003-44_45-1;1-M3a-0.062IP-Q0.5_004.5sec.fsa,False
AMEL,R,X,104.92,178.0,False,D01_RD14-0003-44_45-1;1-M3a-0.062IP-Q0.5_004.5sec.fsa,False
AMEL,R,Y,110.85,139.0,False,D01_RD14-0003-44_45-1;1-M3a-0.062IP-Q0.5_004.5sec.fsa,False
FGA,R,21,229.04,55.0,False,D01_RD14-0003-44_45-1;1-M3a-0.062IP-Q0.5_004.5sec.fsa,False
D3S1358,G,15,122.37,195.0,False,D02_RD14-0003-44_45-1;1-M4e-0.062IP-Q1.3_004.5sec.fsa,False
TH01,G,7,172.6,66.0,False,D02_RD14-0003-44_45-1;1-M4e-0.062IP-Q1.3_004.5sec.fsa,False
D13S317,G,8,215.13,52.0,False,D02_RD14-0003-44_45-1;1-M4e-0.062IP-Q1.3_004.5sec.fsa,False
D19S433,Y,14,120.07,77.0,False,D02_RD14-0003-44_45-1;1-M4e-0.062IP-Q1.3_004.5sec.fsa,False
D19S433,Y,15,124.08,68.0,False,D02_RD14-0003-44_45-1;1-M4e-0.062IP-Q1.3_004.5sec.fsa,False
AMEL,R,X,104.94,141.0,False,D02_RD14-0003-44_45-1;1-M4e-0.062IP-Q1.3_004.5sec.fsa,False
AMEL,R,Y,110.84,81.0,False,D02_RD14-0003-44_45-1;1-M4e-0.062IP-Q1.3_004.5sec.fsa,False
D5S818,R,11,148.93,140.0,False,D02_RD14-0003-44_45-1;1-M4e-0.062IP-Q1.3_004.5sec.fsa,False
D8S1179,B,14,146.14,99.0,False,E01_RD14-0003-44_45-1;1-M4a-0.031IP-Q0.5_001.5sec.fsa,False
D21S11,B,28,198.75,66.0,False,E01_RD14-0003-44_45-1;1-M4a-0.031IP-Q0.5_001.5sec.fsa,False
D7S820,B,9,266.17,87.0,False,E01_RD14-0003-44_45-1;1-M4a-0.031IP-Q0.5_001.5sec.fsa,False
D7S820,B,10,270.19,56.0,False,E01_RD14-0003-44_45-1;1-M4a-0.031IP-Q0.5_001.5sec.fsa,False
CSF1PO,B,12,326.89,67.0,False,E01_RD14-0003-44_45-1;1-M4a-0.031IP-Q0.5_001.5sec.fsa,False
TH01,G,9,180.83,57.0,False,E01_RD14-0003-44_45-1;1-M4a-0.031IP-Q0.5_001.5sec.fsa,False
TH01,G,9.3,183.9,105.0,False,E01_RD14-0003-44_45-1;1-M4a-0.031IP-Q0.5_001.5sec.fsa,False
D13S317,G,8,215.16,129.0,False,E01_RD14-0003-44_45-1;1-M4a-0.031IP-Q0.5_001.5sec.fsa,False
D16S539,G,10,271.27,78.0,False,E01_RD14-0003-44_45-1;1-M4a-0.031IP-Q0.5_001.5sec.fsa,False
D16S539,G,11,275.3,118.0,False,E01_RD14-0003-44_45-1;1-M4a-0.031IP-Q0.5_001.5sec.fsa,False
D2S1338,G,16,308.85,104.0,False,E01_RD14-0003-44_45-1;1-M4a-0.031IP-Q0.5_001.5sec.fsa,False
D19S433,Y,13,116.28,55.0,False,E01_RD14-0003-44_45-1;1-M4a-0.031IP-Q0.5_001.5sec.fsa,False
vWA,Y,13,160.08,90.0,False,E01_RD14-0003-44_45-1;1-M4a-0.031IP-Q0.5_001.5sec.fsa,False
vWA,Y,16,172.19,72.0,False,E01_RD14-0003-44_45-1;1-M4a-0.031IP-Q0.5_001.5sec.fsa,False
TPOX,Y,11,240.94,245.0,False,E01_RD14-0003-44_45-1;1-M4a-0.031IP-Q0.5_001.5sec.fsa,False
D18S51,Y,16,297.1,59.0,False,E01_RD14-0003-44_45-1;1-M4a-0.031IP-Q0.5_001.5sec.fsa,False
AMEL,R,X,104.94,106.0,False,E01_RD14-0003-44_45-1;1-M4a-0.031IP-Q0.5_001.5sec.fsa,False
AMEL,R,Y,110.86,75.0,False,E01_RD14-0003-44_45-1;1-M4a-0.031IP-Q0.5_001.5sec.fsa,False
D5S818,R,11,148.93,120.0,False,E01_RD14-0003-44_45-1;1-M4a-0.031IP-Q0.5_001.5sec.fsa,False
D13S317,G,8,215.11,53.0,False,E02_RD14-0003-44_45-1;1-M4e-0.031IP-Q1.3_001.5sec.fsa,False
TPOX,Y,11,240.8,69.0,False,E02_RD14-0003-44_45-1;1-M4e-0.031IP-Q1.3_001.5sec.fsa,False
AMEL,R,X,104.93,71.0,False,E02_RD14-0003-44_45-1;1-M4e-0.031IP-Q1.3_001.5sec.fsa,False
AMEL,R,Y,110.86,86.0,False,E02_RD14-0003-44_45-1;1-M4e-0.031IP-Q1.3_001.5sec.fsa,False
D8S1179,B,10,129.68,169.0,False,F01_RD14-0003-44_45-1;1-M2d-0.25IP-Q0.7_002.5sec.fsa,False
D8S1179,B,14,146.22,531.0,False,F01_RD14-0003-44_45-1;1-M2d-0.25IP-Q0.7_002.5sec.fsa,False
D21S11,B,28,198.75,243.0,False,F01_RD14-0003-44_45-1;1-M2d-0.25IP-Q0.7_002.5sec.fsa,False
D7S820,B,8,262.07,67.0,False,F01_RD14-0003-44_45-1;1-M2d-0.25IP-Q0.7_002.5sec.fsa,False
D7S820,B,9,266.05,63.0,False,F01_RD14-0003-44_45-1;1-M2d-0.25IP-Q0.7_002.5sec.fsa,False
D7S820,B,10,270.13,137.0,False,F01_RD14-0003-44_45-1;1-M2d-0.25IP-Q0.7_002.5sec.fsa,False
CSF1PO,B,11,322.84,160.0,False,F01_RD14-0003-44_45-1;1-M2d-0.25IP-Q0.7_002.5sec.fsa,False
CSF1PO,B,12,326.87,134.0,False,F01_RD14-0003-44_45-1;1-M2d-0.25IP-Q0.7_002.5sec.fsa,False
D3S1358,G,15,122.3,555.0,False,F01_RD14-0003-44_45-1;1-M2d-0.25IP-Q0.7_002.5sec.fsa,False
D3S1358,G,16,126.4,241.0,False,F01_RD14-0003-44_45-1;1-M2d-0.25IP-Q0.7_002.5sec.fsa,False
TH01,G,6,168.65,222.0,False,F01_RD14-0003-44_45-1;1-M2d-0.25IP-Q0.7_002.5sec.fsa,False
TH01,G,7,172.7,209.0,False,F01_RD14-0003-44_45-1;1-M2d-0.25IP-Q0.7_002.5sec.fsa,False
TH01,G,9,180.75,456.0,False,F01_RD14-0003-44_45-1;1-M2d-0.25IP-Q0.7_002.5sec.fsa,False
D13S317,G,8,215.1,346.0,False,F01_RD14-0003-44_45-1;1-M2d-0.25IP-Q0.7_002.5sec.fsa,False
D2S1338,G,16,308.82,79.0,False,F01_RD14-0003-44_45-1;1-M2d-0.25IP-Q0.7_002.5sec.fsa,False
D2S1338,G,19,321.12,169.0,False,F01_RD14-0003-44_45-1;1-M2d-0.25IP-Q0.7_002.5sec.fsa,False
D19S433,Y,11,108.18,215.0,False,F01_RD14-0003-44_45-1;1-M2d-0.25IP-Q0.7_002.5sec.fsa,False
vWA,Y,13,160.08,270.0,False,F01_RD14-0003-44_45-1;1-M2d-0.25IP-Q0.7_002.5sec.fsa,False
TPOX,Y,8,228.84,179.0,False,F01_RD14-0003-44_45-1;1-M2d-0.25IP-Q0.7_002.5sec.fsa,False
TPOX,Y,11,240.94,432.0,False,F01_RD14-0003-44_45-1;1-M2d-0.25IP-Q0.7_002.5sec.fsa,False
D18S51,Y,12,281.17,86.0,False,F01_RD14-0003-44_45-1;1-M2d-0.25IP-Q0.7_002.5sec.fsa,False
D18S51,Y,14,289.23,104.0,False,F01_RD14-0003-44_45-1;1-M2d-0.25IP-Q0.7_002.5sec.fsa,False
AMEL,R,X,104.94,377.0,False,F01_RD14-0003-44_45-1;1-M2d-0.25IP-Q0.7_002.5sec.fsa,False
AMEL,R,Y,110.86,500.0,False,F01_RD14-0003-44_45-1;1-M2d-0.25IP-Q0.7_002.5sec.fsa,False
D5S818,R,11,148.93,529.0,False,F01_RD14-0003-44_45-1;1-M2d-0.25IP-Q0.7_002.5sec.fsa,False
D5S818,R,12,153.05,148.0,False,F01_RD14-0003-44_45-1;1-M2d-0.25IP-Q0.7_002.5sec.fsa,False
D8S1179,B,10,129.69,127.0,False,G01_RD14-0003-44_45-1;1-M3d-0.126IP-Q0.5_003.5sec.fsa,False
D21S11,B,28,198.76,192.0,False,G01_RD14-0003-44_45-1;1-M3d-0.126IP-Q0.5_003.5sec.fsa,False
D3S1358,G,15,122.3,292.0,False,G01_RD14-0003-44_45-1;1-M3d-0.126IP-Q0.5_003.5sec.fsa,False
D3S1358,G,16,126.41,158.0,False,G01_RD14-0003-44_45-1;1-M3d-0.126IP-Q0.5_003.5sec.fsa,False
TH01,G,6,168.69,65.0,False,G01_RD14-0003-44_45-1;1-M3d-0.126IP-Q0.5_003.5sec.fsa,False
TH01,G,7,172.75,150.0,False,G01_RD14-0003-44_45-1;1-M3d-0.126IP-Q0.5_003.5sec.fsa,False
D13S317,G,8,215.16,201.0,False,G01_RD14-0003-44_45-1;1-M3d-0.126IP-Q0.5_003.5sec.fsa,False
D13S317,G,12,231.26,110.0,False,G01_RD14-0003-44_45-1;1-M3d-0.126IP-Q0.5_003.5sec.fsa,False
D13S317,G,13,235.42,90.0,False,G01_RD14-0003-44_45-1;1-M3d-0.126IP-Q0.5_003.5sec.fsa,False
D16S539,G,10,271.3,125.0,False,G01_RD14-0003-44_45-1;1-M3d-0.126IP-Q0.5_003.5sec.fsa,False
D16S539,G,11,275.31,262.0,False,G01_RD14-0003-44_45-1;1-M3d-0.126IP-Q0.5_003.5sec.fsa,False
D2S1338,G,19,321.12,149.0,False,G01_RD14-0003-44_45-1;1-M3d-0.126IP-Q0.5_003.5sec.fsa,False
D19S433,Y,11,108.18,78.0,False,G01_RD14-0003-44_45-1;1-M3d-0.126IP-Q0.5_003.5sec.fsa,False
D19S433,Y,13,116.28,137.0,False,G01_RD14-0003-44_45-1;1-M3d-0.126IP-Q0.5_003.5sec.fsa,False
D19S433,Y,14,120.15,184.0,False,G01_RD14-0003-44_45-1;1-M3d-0.126IP-Q0.5_003.5sec.fsa,False
D19S433,Y,15,124.16,124.0,False,G01_RD14-0003-44_45-1;1-M3d-0.126IP-Q0.5_003.5sec.fsa,False
vWA,Y,13,160.08,160.0,False,G01_RD14-0003-44_45-1;1-M3d-0.126IP-Q0.5_003.5sec.fsa,False
vWA,Y,16,172.27,153.0,False,G01_RD14-0003-44_45-1;1-M3d-0.126IP-Q0.5_003.5sec.fsa,False
TPOX,Y,8,228.77,66.0,False,G01_RD14-0003-44_45-1;1-M3d-0.126IP-Q0.5_003.5sec.fsa,False
TPOX,Y,11,240.94,118.0,False,G01_RD14-0003-44_45-1;1-M3d-0.126IP-Q0.5_003.5sec.fsa,False
D18S51,Y,12,281.16,54.0,False,G01_RD14-0003-44_45-1;1-M3d-0.126IP-Q0.5_003.5sec.fsa,False
AMEL,R,X,104.94,249.0,False,G01_RD14-0003-44_45-1;1-M3d-0.126IP-Q0.5_003.5sec.fsa,False
AMEL,R,Y,110.86,202.0,False,G01_RD14-0003-44_45-1;1-M3d-0.126IP-Q0.5_003.5sec.fsa,False
D5S818,R,11,148.89,326.0,False,G01_RD14-0003-44_45-1;1-M3d-0.126IP-Q0.5_003.5sec.fsa,False
D5S818,R,12,152.99,105.0,False,G01_RD14-0003-44_45-1;1-M3d-0.126IP-Q0.5_003.5sec.fsa,False
FGA,R,21,229.18,92.0,False,G01_RD14-0003-44_45-1;1-M3d-0.126IP-Q0.5_003.5sec.fsa,False
FGA,R,23,237.25,103.0,False,G01_RD14-0003-44_45-1;1-M3d-0.126IP-Q0.5_003.5sec.fsa,False
D21S11,B,28,198.68,100.0,False,H01_RD14-0003-44_45-1;1-M4d-0.062IP-Q0.9_004.5sec.fsa,False
D7S820,B,10,270.14,66.0,False,H01_RD14-0003-44_45-1;1-M4d-0.062IP-Q0.9_004.5sec.fsa,False
D3S1358,G,15,122.31,168.0,False,H01_RD14-0003-44_45-1;1-M4d-0.062IP-Q0.9_004.5sec.fsa,False
D3S1358,G,16,126.49,85.0,False,H01_RD14-0003-44_45-1;1-M4d-0.062IP-Q0.9_004.5sec.fsa,False
TH01,G,6,168.73,77.0,False,H01_RD14-0003-44_45-1;1-M4d-0.062IP-Q0.9_004.5sec.fsa,False
D13S317,G,8,215.1,126.0,False,H01_RD14-0003-44_45-1;1-M4d-0.062IP-Q0.9_004.5sec.fsa,False
D16S539,G,10,271.3,109.0,False,H01_RD14-0003-44_45-1;1-M4d-0.062IP-Q0.9_004.5sec.fsa,False
D16S539,G,11,275.27,64.0,False,H01_RD14-0003-44_45-1;1-M4d-0.062IP-Q0.9_004.5sec.fsa,False
D2S1338,G,19,321.11,114.0,False,H01_RD14-0003-44_45-1;1-M4d-0.062IP-Q0.9_004.5sec.fsa,False
D19S433,Y,11,108.11,100.0,False,H01_RD14-0003-44_45-1;1-M4d-0.062IP-Q0.9_004.5sec.fsa,False
D19S433,Y,13,116.31,84.0,False,H01_RD14-0003-44_45-1;1-M4d-0.062IP-Q0.9_004.5sec.fsa,False
D19S433,Y,14,120.23,101.0,False,H01_RD14-0003-44_45-1;1-M4d-0.062IP-Q0.9_004.5sec.fsa,False
D19S433,Y,15,124.16,65.0,False,H01_RD14-0003-44_45-1;1-M4d-0.062IP-Q0.9_004.5sec.fsa,False
vWA,Y,13,160.08,65.0,False,H01_RD14-0003-44_45-1;1-M4d-0.062IP-Q0.9_004.5sec.fsa,False
AMEL,R,X,104.97,138.0,False,H01_RD14-0003-44_45-1;1-M4d-0.062IP-Q0.9_004.5sec.fsa,False
AMEL,R,Y,110.86,137.0,False,H01_RD14-0003-44_45-1;1-M4d-0.062IP-Q0.9_004.5sec.fsa,False
D5S818,R,11,148.94,173.0,False,H01_RD14-0003-44_45-1;1-M4d-0.062IP-Q0.9_004.5sec.fsa,False
D8S1179,B,11,133.76,51.0,False,A03_RD14-0003-46_47_48-1;1;1-M3S10-0.045IP-Q1.4_001.5sec.fsa,False
D3S1358,G,14,118.42,110.0,False,A03_RD14-0003-46_47_48-1;1;1-M3S10-0.045IP-Q1.4_001.5sec.fsa,False
D3S1358,G,15,122.38,52.0,False,A03_RD14-0003-46_47_48-1;1;1-M3S10-0.045IP-Q1.4_001.5sec.fsa,False
vWA,Y,16,172.27,66.0,False,A03_RD14-0003-46_47_48-1;1;1-M3S10-0.045IP-Q1.4_001.5sec.fsa,False
TPOX,Y,8,228.78,66.0,False,A03_RD14-0003-46_47_48-1;1;1-M3S10-0.045IP-Q1.4_001.5sec.fsa,False
AMEL,R,X,104.99,52.0,False,A03_RD14-0003-46_47_48-1;1;1-M3S10-0.045IP-Q1.4_001.5sec.fsa,False
D8S1179,B,11,133.77,121.0,False,F02_RD14-0003-46_47_48-1;1;1-M2S10-0.375IP-Q1.2_002.5sec.fsa,False
D21S11,B,29,202.75,68.0,False,F02_RD14-0003-46_47_48-1;1;1-M2S10-0.375IP-Q1.2_002.5sec.fsa,False
D7S820,B,9,266.06,55.0,False,F02_RD14-0003-46_47_48-1;1;1-M2S10-0.375IP-Q1.2_002.5sec.fsa,False
D7S820,B,10,270.14,73.0,False,F02_RD14-0003-46_47_48-1;1;1-M2S10-0.375IP-Q1.2_002.5sec.fsa,False
CSF1PO,B,10,318.87,81.0,False,F02_RD14-0003-46_47_48-1;1;1-M2S10-0.375IP-Q1.2_002.5sec.fsa,False
CSF1PO,B,12,327.02,58.0,False,F02_RD14-0003-46_47_48-1;1;1-M2S10-0.375IP-Q1.2_002.5sec.fsa,False
D3S1358,G,14,118.37,625.0,False,F02_RD14-0003-46_47_48-1;1;1-M2S10-0.375IP-Q1.2_002.5sec.fsa,False
D3S1358,G,15,122.29,378.0,False,F02_RD14-0003-46_47_48-1;1;1-M2S10-0.375IP-Q1.2_002.5sec.fsa,False
D3S1358,G,18,134.5,150.0,False,F02_RD14-0003-46_47_48-1;1;1-M2S10-0.375IP-Q1.2_002.5sec.fsa,False
TH01,G,6,168.63,158.0,False,F02_RD14-0003-46_47_48-1;1;1-M2S10-0.375IP-Q1.2_002.5sec.fsa,False
TH01,G,7,172.75,266.0,False,F02_RD14-0003-46_47_48-1;1;1-M2S10-0.375IP-Q1.2_002.5sec.fsa,False
TH01,G,9,180.86,414.0,False,F02_RD14-0003-46_47_48-1;1;1-M2S10-0.375IP-Q1.2_002.5sec.fsa,False
D13S317,G,11,227.23,91.0,False,F02_RD14-0003-46_47_48-1;1;1-M2S10-0.375IP-Q1.2_002.5sec.fsa,False
D13S317,G,12,231.28,355.0,False,F02_RD14-0003-46_47_48-1;1;1-M2S10-0.375IP-Q1.2_002.5sec.fsa,False
D16S539,G,11,275.37,79.0,False,F02_RD14-0003-46_47_48-1;1;1-M2S10-0.375IP-Q1.2_002.5sec.fsa,False
D16S539,G,12,279.3,150.0,False,F02_RD14-0003-46_47_48-1;1;1-M2S10-0.375IP-Q1.2_002.5sec.fsa,False
D16S539,G,13,283.28,56.0,False,F02_RD14-0003-46_47_48-1;1;1-M2S10-0.375IP-Q1.2_002.5sec.fsa,False
D19S433,Y,10,104.07,130.0,False,F02_RD14-0003-46_47_48-1;1;1-M2S10-0.375IP-Q1.2_002.5sec.fsa,False
D19S433,Y,13,116.26,294.0,False,F02_RD14-0003-46_47_48-1;1;1-M2S10-0.375IP-Q1.2_002.5sec.fsa,False
vWA,Y,16,172.25,399.0,False,F02_RD14-0003-46_47_48-1;1;1-M2S10-0.375IP-Q1.2_002.5sec.fsa,False
TPOX,Y,8,228.87,189.0,False,F02_RD14-0003-46_47_48-1;1;1-M2S10-0.375IP-Q1.2_002.5sec.fsa,False
TPOX,Y,9,232.83,61.0,False,F02_RD14-0003-46_47_48-1;1;1-M2S10-0.375IP-Q1.2_002.5sec.fsa,False
AMEL,R,X,104.96,480.0,False,F02_RD14-0003-46_47_48-1;1;1-M2S10-0.375IP-Q1.2_002.5sec.fsa,False
AMEL,R,Y,110.86,419.0,False,F02_RD14-0003-46_47_48-1;1;1-M2S10-0.375IP-Q1.2_002.5sec.fsa,False
D5S818,R,11,148.94,156.0,False,F02_RD14-0003-46_47_48-1;1;1-M2S10-0.375IP-Q1.2_002.5sec.fsa,False
D7S820,B,10,270.19,56.0,False,G02_RD14-0003-46_47_48-1;1;1-M2S10-0.189IP-Q1.2_003.5sec.fsa,False
CSF1PO,B,12,326.87,52.0,False,G02_RD14-0003-46_47_48-1;1;1-M2S10-0.189IP-Q1.2_003.5sec.fsa,False
D3S1358,G,14,118.36,373.0,False,G02_RD14-0003-46_47_48-1;1;1-M2S10-0.189IP-Q1.2_003.5sec.fsa,False
D3S1358,G,15,122.29,174.0,False,G02_RD14-0003-46_47_48-1;1;1-M2S10-0.189IP-Q1.2_003.5sec.fsa,False
TH01,G,6,168.69,192.0,False,G02_RD14-0003-46_47_48-1;1;1-M2S10-0.189IP-Q1.2_003.5sec.fsa,False
TH01,G,7,172.79,177.0,False,G02_RD14-0003-46_47_48-1;1;1-M2S10-0.189IP-Q1.2_003.5sec.fsa,False
TH01,G,9,180.85,278.0,False,G02_RD14-0003-46_47_48-1;1;1-M2S10-0.189IP-Q1.2_003.5sec.fsa,False
D19S433,Y,10,104.05,103.0,False,G02_RD14-0003-46_47_48-1;1;1-M2S10-0.189IP-Q1.2_003.5sec.fsa,False
D19S433,Y,13,116.26,167.0,False,G02_RD14-0003-46_47_48-1;1;1-M2S10-0.189IP-Q1.2_003.5sec.fsa,False
D19S433,Y,14,120.16,83.0,False,G02_RD14-0003-46_47_48-1;1;1-M2S10-0.189IP-Q1.2_003.5sec.fsa,False
vWA,Y,16,172.29,140.0,False,G02_RD14-0003-46_47_48-1;1;1-M2S10-0.189IP-Q1.2_003.5sec.fsa,False
vWA,Y,18,180.34,84.0,False,G02_RD14-0003-46_47_48-1;1;1-M2S10-0.189IP-Q1.2_003.5sec.fsa,False
TPOX,Y,8,228.8,174.0,False,G02_RD14-0003-46_47_48-1;1;1-M2S10-0.189IP-Q1.2_003.5sec.fsa,False
AMEL,R,X,104.93,362.0,False,G02_RD14-0003-46_47_48-1;1;1-M2S10-0.189IP-Q1.2_003.5sec.fsa,False
AMEL,R,Y,110.88,227.0,False,G02_RD14-0003-46_47_48-1;1;1-M2S10-0.189IP-Q1.2_003.5sec.fsa,False
D5S818,R,11,148.95,140.0,False,G02_RD14-0003-46_47_48-1;1;1-M2S10-0.189IP-Q1.2_003.5sec.fsa,False
D5S818,R,12,153.07,137.0,False,G02_RD14-0003-46_47_48-1;1;1-M2S10-0.189IP-Q1.2_003.5sec.fsa,False
D8S1179,B,11,133.75,80.0,False,H02_RD14-0003-46_47_48-1;1;1-M3S10-0.093IP-Q1.4_004.5sec.fsa,False
D3S1358,G,14,118.44,142.0,False,H02_RD14-0003-46_47_48-1;1;1-M3S10-0.093IP-Q1.4_004.5sec.fsa,False
D3S1358,G,15,122.36,72.0,False,H02_RD14-0003-46_47_48-1;1;1-M3S10-0.093IP-Q1.4_004.5sec.fsa,False
TH01,G,7,172.68,92.0,False,H02_RD14-0003-46_47_48-1;1;1-M3S10-0.093IP-Q1.4_004.5sec.fsa,False
TH01,G,9,180.85,139.0,False,H02_RD14-0003-46_47_48-1;1;1-M3S10-0.093IP-Q1.4_004.5sec.fsa,False
D13S317,G,11,227.24,59.0,False,H02_RD14-0003-46_47_48-1;1;1-M3S10-0.093IP-Q1.4_004.5sec.fsa,False
D13S317,G,12,231.26,112.0,False,H02_RD14-0003-46_47_48-1;1;1-M3S10-0.093IP-Q1.4_004.5sec.fsa,False
D16S539,G,13,283.25,79.0,False,H02_RD14-0003-46_47_48-1;1;1-M3S10-0.093IP-Q1.4_004.5sec.fsa,False
D19S433,Y,10,104.04,74.0,False,H02_RD14-0003-46_47_48-1;1;1-M3S10-0.093IP-Q1.4_004.5sec.fsa,False
D19S433,Y,13,116.34,136.0,False,H02_RD14-0003-46_47_48-1;1;1-M3S10-0.093IP-Q1.4_004.5sec.fsa,False
vWA,Y,16,172.26,125.0,False,H02_RD14-0003-46_47_48-1;1;1-M3S10-0.093IP-Q1.4_004.5sec.fsa,False
TPOX,Y,8,228.78,82.0,False,H02_RD14-0003-46_47_48-1;1;1-M3S10-0.093IP-Q1.4_004.5sec.fsa,False
AMEL,R,X,104.93,213.0,False,H02_RD14-0003-46_47_48-1;1;1-M3S10-0.093IP-Q1.4_004.5sec.fsa,False
AMEL,R,Y,110.88,149.0,False,H02_RD14-0003-46_47_48-1;1;1-M3S10-0.093IP-Q1.4_004.5sec.fsa,False
D5S818,R,13,157.13,54.0,False,H02_RD14-0003-46_47_48-1;1;1-M3S10-0.093IP-Q1.4_004.5sec.fsa,False
D7S820,B,9,266.07,54.0,False,A07_RD14-0003-46_47_48-1;1;1-M4d-0.045IP-Q0.6_001.5sec.fsa,False
CSF1PO,B,10,318.78,64.0,False,A07_RD14-0003-46_47_48-1;1;1-M4d-0.045IP-Q0.6_001.5sec.fsa,False
CSF1PO,B,12,326.95,62.0,False,A07_RD14-0003-46_47_48-1;1;1-M4d-0.045IP-Q0.6_001.5sec.fsa,False
D3S1358,G,14,118.35,117.0,False,A07_RD14-0003-46_47_48-1;1;1-M4d-0.045IP-Q0.6_001.5sec.fsa,False
D3S1358,G,15,122.28,89.0,False,A07_RD14-0003-46_47_48-1;1;1-M4d-0.045IP-Q0.6_001.5sec.fsa,False
TH01,G,7,172.68,58.0,False,A07_RD14-0003-46_47_48-1;1;1-M4d-0.045IP-Q0.6_001.5sec.fsa,False
D13S317,G,12,231.26,66.0,False,A07_RD14-0003-46_47_48-1;1;1-M4d-0.045IP-Q0.6_001.5sec.fsa,False
D19S433,Y,13,116.25,107.0,False,A07_RD14-0003-46_47_48-1;1;1-M4d-0.045IP-Q0.6_001.5sec.fsa,False
vWA,Y,16,172.27,75.0,False,A07_RD14-0003-46_47_48-1;1;1-M4d-0.045IP-Q0.6_001.5sec.fsa,False
TPOX,Y,8,228.81,92.0,False,A07_RD14-0003-46_47_48-1;1;1-M4d-0.045IP-Q0.6_001.5sec.fsa,False
AMEL,R,X,105.01,83.0,False,A07_RD14-0003-46_47_48-1;1;1-M4d-0.045IP-Q0.6_001.5sec.fsa,False
AMEL,R,Y,110.91,91.0,False,A07_RD14-0003-46_47_48-1;1;1-M4d-0.045IP-Q0.6_001.5sec.fsa,False
D8S1179,B,11,133.71,276.0,False,B06_RD14-0003-46_47_48-1;1;1-M2a-0.375IP-Q0.4_002.5sec.fsa,False
D8S1179,B,13,142.01,581.0,False,B06_RD14-0003-46_47_48-1;1;1-M2a-0.375IP-Q0.4_002.5sec.fsa,False
D8S1179,B,14,146.11,671.0,False,B06_RD14-0003-46_47_48-1;1;1-M2a-0.375IP-Q0.4_002.5sec.fsa,False
D21S11,B,27,194.6,300.0,False,B06_RD14-0003-46_47_48-1;1;1-M2a-0.375IP-Q0.4_002.5sec.fsa,False
D21S11,B,29,202.7,321.0,False,B06_RD14-0003-46_47_48-1;1;1-M2a-0.375IP-Q0.4_002.5sec.fsa,False
D7S820,B,8,262.1,199.0,False,B06_RD14-0003-46_47_48-1;1;1-M2a-0.375IP-Q0.4_002.5sec.fsa,False
D7S820,B,9,266.06,455.0,False,B06_RD14-0003-46_47_48-1;1;1-M2a-0.375IP-Q0.4_002.5sec.fsa,False
D7S820,B,10,270.11,331.0,False,B06_RD14-0003-46_47_48-1;1;1-M2a-0.375IP-Q0.4_002.5sec.fsa,False
D7S820,B,12,278.11,150.0,False,B06_RD14-0003-46_47_48-1;1;1-M2a-0.375IP-Q0.4_002.5sec.fsa,False
CSF1PO,B,10,318.69,674.0,False,B06_RD14-0003-46_47_48-1;1;1-M2a-0.375IP-Q0.4_002.5sec.fsa,False
CSF1PO,B,11,322.81,280.0,False,B06_RD14-0003-46_47_48-1;1;1-M2a-0.375IP-Q0.4_002.5sec.fsa,False
D3S1358,G,13,114.43,57.0,False,B06_RD14-0003-46_47_48-1;1;1-M2a-0.375IP-Q0.4_002.5sec.fsa,True
D3S1358,G,14,118.41,1111.0,False,B06_RD14-0003-46_47_48-1;1;1-M2a-0.375IP-Q0.4_002.5sec.fsa,False
D3S1358,G,15,122.27,592.0,False,B06_RD14-0003-46_47_48-1;1;1-M2a-0.375IP-Q0.4_002.5sec.fsa,False
TH01,G,6,168.5,408.0,False,B06_RD14-0003-46_47_48-1;1;1-M2a-0.375IP-Q0.4_002.5sec.fsa,False
TH01,G,7,172.61,755.0,False,B06_RD14-0003-46_47_48-1;1;1-M2a-0.375IP-Q0.4_002.5sec.fsa,False
TH01,G,9,180.71,933.0,False,B06_RD14-0003-46_47_48-1;1;1-M2a-0.375IP-Q0.4_002.5sec.fsa,False
D13S317,G,11,227.23,309.0,False,B06_RD14-0003-46_47_48-1;1;1-M2a-0.375IP-Q0.4_002.5sec.fsa,False
D13S317,G,12,231.29,1571.0,False,B06_RD14-0003-46_47_48-1;1;1-M2a-0.375IP-Q0.4_002.5sec.fsa,False
D16S539,G,9,267.27,228.0,False,B06_RD14-0003-46_47_48-1;1;1-M2a-0.375IP-Q0.4_002.5sec.fsa,False
D16S539,G,11,275.25,491.0,False,B06_RD14-0003-46_47_48-1;1;1-M2a-0.375IP-Q0.4_002.5sec.fsa,False
D16S539,G,12,279.26,919.0,False,B06_RD14-0003-46_47_48-1;1;1-M2a-0.375IP-Q0.4_002.5sec.fsa,False
D2S1338,G,17,312.75,497.0,False,B06_RD14-0003-46_47_48-1;1;1-M2a-0.375IP-Q0.4_002.5sec.fsa,False
D2S1338,G,23,337.15,508.0,False,B06_RD14-0003-46_47_48-1;1;1-M2a-0.375IP-Q0.4_002.5sec.fsa,False
D19S433,Y,10,103.99,361.0,False,B06_RD14-0003-46_47_48-1;1;1-M2a-0.375IP-Q0.4_002.5sec.fsa,False
D19S433,Y,13,116.17,651.0,False,B06_RD14-0003-46_47_48-1;1;1-M2a-0.375IP-Q0.4_002.5sec.fsa,False
D19S433,Y,14,120.07,223.0,False,B06_RD14-0003-46_47_48-1;1;1-M2a-0.375IP-Q0.4_002.5sec.fsa,False
vWA,Y,15,168.19,68.0,False,B06_RD14-0003-46_47_48-1;1;1-M2a-0.375IP-Q0.4_002.5sec.fsa,False
vWA,Y,16,172.15,1288.0,False,B06_RD14-0003-46_47_48-1;1;1-M2a-0.375IP-Q0.4_002.5sec.fsa,False
vWA,Y,17,176.19,432.0,False,B06_RD14-0003-46_47_48-1;1;1-M2a-0.375IP-Q0.4_002.5sec.fsa,False
vWA,Y,18,180.24,288.0,False,B06_RD14-0003-46_47_48-1;1;1-M2a-0.375IP-Q0.4_002.5sec.fsa,False
TPOX,Y,8,228.74,1085.0,False,B06_RD14-0003-46_47_48-1;1;1-M2a-0.375IP-Q0.4_002.5sec.fsa,False
TPOX,Y,9,232.72,202.0,False,B06_RD14-0003-46_47_48-1;1;1-M2a-0.375IP-Q0.4_002.5sec.fsa,False
D18S51,Y,12,281.13,287.0,False,B06_RD14-0003-46_47_48-1;1;1-M2a-0.375IP-Q0.4_002.5sec.fsa,False
D18S51,Y,13,285.09,460.0,False,B06_RD14-0003-46_47_48-1;1;1-M2a-0.375IP-Q0.4_002.5sec.fsa,False
D18S51,Y,15,293.11,223.0,False,B06_RD14-0003-46_47_48-1;1;1-M2a-0.375IP-Q0.4_002.5sec.fsa,False
AMEL,R,X,104.97,696.0,False,B06_RD14-0003-46_47_48-1;1;1-M2a-0.375IP-Q0.4_002.5sec.fsa,False
AMEL,R,Y,110.88,656.0,False,B06_RD14-0003-46_47_48-1;1;1-M2a-0.375IP-Q0.4_002.5sec.fsa,False
D5S818,R,11,148.83,386.0,False,B06_RD14-0003-46_47_48-1;1;1-M2a-0.375IP-Q0.4_002.5sec.fsa,False
D5S818,R,12,152.95,584.0,False,B06_RD14-0003-46_47_48-1;1;1-M2a-0.375IP-Q0.4_002.5sec.fsa,False
D5S818,R,13,157.1,398.0,False,B06_RD14-0003-46_47_48-1;1;1-M2a-0.375IP-Q0.4_002.5sec.fsa,False
D5S818,R,14,161.23,185.0,False,B06_RD14-0003-46_47_48-1;1;1-M2a-0.375IP-Q0.4_002.5sec.fsa,True
FGA,R,19,221.03,278.0,False,B06_RD14-0003-46_47_48-1;1;1-M2a-0.375IP-Q0.4_002.5sec.fsa,False
FGA,R,21,229.14,361.0,False,B06_RD14-0003-46_47_48-1;1;1-M2a-0.375IP-Q0.4_002.5sec.fsa,False
FGA,R,22,233.2,285.0,False,B06_RD14-0003-46_47_48-1;1;1-M2a-0.375IP-Q0.4_002.5sec.fsa,False
D8S1179,B,11,133.73,124.0,False,B07_RD14-0003-46_47_48-1;1;1-M2e-0.375IP-Q1.0_002.5sec.fsa,False
D21S11,B,27,194.64,64.0,False,B07_RD14-0003-46_47_48-1;1;1-M2e-0.375IP-Q1.0_002.5sec.fsa,False
D7S820,B,8,262.04,65.0,False,B07_RD14-0003-46_47_48-1;1;1-M2e-0.375IP-Q1.0_002.5sec.fsa,False
CSF1PO,B,10,318.78,147.0,False,B07_RD14-0003-46_47_48-1;1;1-M2e-0.375IP-Q1.0_002.5sec.fsa,False
CSF1PO,B,11,322.88,66.0,False,B07_RD14-0003-46_47_48-1;1;1-M2e-0.375IP-Q1.0_002.5sec.fsa,False
TH01,G,6,168.63,215.0,False,B07_RD14-0003-46_47_48-1;1;1-M2e-0.375IP-Q1.0_002.5sec.fsa,False
TH01,G,7,172.71,190.0,False,B07_RD14-0003-46_47_48-1;1;1-M2e-0.375IP-Q1.0_002.5sec.fsa,False
D13S317,G,11,227.22,142.0,False,B07_RD14-0003-46_47_48-1;1;1-M2e-0.375IP-Q1.0_002.5sec.fsa,False
D13S317,G,12,231.28,473.0,False,B07_RD14-0003-46_47_48-1;1;1-M2e-0.375IP-Q1.0_002.5sec.fsa,False
D16S539,G,9,267.27,63.0,False,B07_RD14-0003-46_47_48-1;1;1-M2e-0.375IP-Q1.0_002.5sec.fsa,False
D16S539,G,11,275.31,68.0,False,B07_RD14-0003-46_47_48-1;1;1-M2e-0.375IP-Q1.0_002.5sec.fsa,False
D16S539,G,12,279.26,164.0,False,B07_RD14-0003-46_47_48-1;1;1-M2e-0.375IP-Q1.0_002.5sec.fsa,False
D2S1338,G,17,312.67,57.0,False,B07_RD14-0003-46_47_48-1;1;1-M2e-0.375IP-Q1.0_002.5sec.fsa,False
D19S433,Y,10,104.07,218.0,False,B07_RD14-0003-46_47_48-1;1;1-M2e-0.375IP-Q1.0_002.5sec.fsa,False
D19S433,Y,13,116.25,417.0,False,B07_RD14-0003-46_47_48-1;1;1-M2e-0.375IP-Q1.0_002.5sec.fsa,False
D19S433,Y,14,120.23,182.0,False,B07_RD14-0003-46_47_48-1;1;1-M2e-0.375IP-Q1.0_002.5sec.fsa,False
vWA,Y,16,172.23,331.0,False,B07_RD14-0003-46_47_48-1;1;1-M2e-0.375IP-Q1.0_002.5sec.fsa,False
vWA,Y,17,176.31,80.0,False,B07_RD14-0003-46_47_48-1;1;1-M2e-0.375IP-Q1.0_002.5sec.fsa,False
vWA,Y,18,180.33,67.0,False,B07_RD14-0003-46_47_48-1;1;1-M2e-0.375IP-Q1.0_002.5sec.fsa,False
TPOX,Y,8,228.84,278.0,False,B07_RD14-0003-46_47_48-1;1;1-M2e-0.375IP-Q1.0_002.5sec.fsa,False
TPOX,Y,9,232.83,68.0,False,B07_RD14-0003-46_47_48-1;1;1-M2e-0.375IP-Q1.0_002.5sec.fsa,False
TPOX,Y,10,236.82,76.0,False,B07_RD14-0003-46_47_48-1;1;1-M2e-0.375IP-Q1.0_002.5sec.fsa,False
D18S51,Y,12,281.14,87.0,False,B07_RD14-0003-46_47_48-1;1;1-M2e-0.375IP-Q1.0_002.5sec.fsa,False
D18S51,Y,13,285.11,89.0,False,B07_RD14-0003-46_47_48-1;1;1-M2e-0.375IP-Q1.0_002.5sec.fsa,False
D18S51,Y,15,293.04,74.0,False,B07_RD14-0003-46_47_48-1;1;1-M2e-0.375IP-Q1.0_002.5sec.fsa,False
AMEL,R,X,104.93,578.0,False,B07_RD14-0003-46_47_48-1;1;1-M2e-0.375IP-Q1.0_002.5sec.fsa,False
AMEL,R,Y,110.91,617.0,False,B07_RD14-0003-46_47_48-1;1;1-M2e-0.375IP-Q1.0_002.5sec.fsa,False
D5S818,R,11,148.91,164.0,False,B07_RD14-0003-46_47_48-1;1;1-M2e-0.375IP-Q1.0_002.5sec.fsa,False
D5S818,R,12,153.02,253.0,False,B07_RD14-0003-46_47_48-1;1;1-M2e-0.375IP-Q1.0_002.5sec.fsa,False
D5S818,R,13,157.16,90.0,False,B07_RD14-0003-46_47_48-1;1;1-M2e-0.375IP-Q1.0_002.5sec.fsa,False
FGA,R,19,220.89,71.0,False,B07_RD14-0003-46_47_48-1;1;1-M2e-0.375IP-Q1.0_002.5sec.fsa,False
FGA,R,21,229.09,101.0,False,B07_RD14-0003-46_47_48-1;1;1-M2e-0.375IP-Q1.0_002.5sec.fsa,False
FGA,R,22,233.15,91.0,False,B07_RD14-0003-46_47_48-1;1;1-M2e-0.375IP-Q1.0_002.5sec.fsa,False
D8S1179,B,11,133.73,143.0,False,C06_RD14-0003-46_47_48-1;1;1-M3a-0.189IP-Q0.5_003.5sec.fsa,False
D8S1179,B,13,142.08,316.0,False,C06_RD14-0003-46_47_48-1;1;1-M3a-0.189IP-Q0.5_003.5sec.fsa,False
D21S11,B,27,194.6,160.0,False,C06_RD14-0003-46_47_48-1;1;1-M3a-0.189IP-Q0.5_003.5sec.fsa,False
D21S11,B,29,202.7,102.0,False,C06_RD14-0003-46_47_48-1;1;1-M3a-0.189IP-Q0.5_003.5sec.fsa,False
D7S820,B,9,266.07,190.0,False,C06_RD14-0003-46_47_48-1;1;1-M3a-0.189IP-Q0.5_003.5sec.fsa,False
D7S820,B,10,270.13,137.0,False,C06_RD14-0003-46_47_48-1;1;1-M3a-0.189IP-Q0.5_003.5sec.fsa,False
D7S820,B,12,278.12,54.0,False,C06_RD14-0003-46_47_48-1;1;1-M3a-0.189IP-Q0.5_003.5sec.fsa,False
CSF1PO,B,10,318.69,200.0,False,C06_RD14-0003-46_47_48-1;1;1-M3a-0.189IP-Q0.5_003.5sec.fsa,False
CSF1PO,B,11,322.81,98.0,False,C06_RD14-0003-46_47_48-1;1;1-M3a-0.189IP-Q0.5_003.5sec.fsa,False
CSF1PO,B,12,326.88,262.0,False,C06_RD14-0003-46_47_48-1;1;1-M3a-0.189IP-Q0.5_003.5sec.fsa,False
D3S1358,G,14,118.39,629.0,False,C06_RD14-0003-46_47_48-1;1;1-M3a-0.189IP-Q0.5_003.5sec.fsa,False
D3S1358,G,15,122.28,179.0,False,C06_RD14-0003-46_47_48-1;1;1-M3a-0.189IP-Q0.5_003.5sec.fsa,False
TH01,G,6,168.58,153.0,False,C06_RD14-0003-46_47_48-1;1;1-M3a-0.189IP-Q0.5_003.5sec.fsa,False
TH01,G,7,172.61,294.0,False,C06_RD14-0003-46_47_48-1;1;1-M3a-0.189IP-Q0.5_003.5sec.fsa,False
TH01,G,9,180.71,877.0,False,C06_RD14-0003-46_47_48-1;1;1-M3a-0.189IP-Q0.5_003.5sec.fsa,False
D13S317,G,11,227.24,113.0,False,C06_RD14-0003-46_47_48-1;1;1-M3a-0.189IP-Q0.5_003.5sec.fsa,False
D13S317,G,12,231.22,872.0,False,C06_RD14-0003-46_47_48-1;1;1-M3a-0.189IP-Q0.5_003.5sec.fsa,False
D16S539,G,9,267.28,127.0,False,C06_RD14-0003-46_47_48-1;1;1-M3a-0.189IP-Q0.5_003.5sec.fsa,False
D16S539,G,11,275.26,323.0,False,C06_RD14-0003-46_47_48-1;1;1-M3a-0.189IP-Q0.5_003.5sec.fsa,False
D16S539,G,12,279.26,435.0,False,C06_RD14-0003-46_47_48-1;1;1-M3a-0.189IP-Q0.5_003.5sec.fsa,False
D2S1338,G,17,312.75,130.0,False,C06_RD14-0003-46_47_48-1;1;1-M3a-0.189IP-Q0.5_003.5sec.fsa,False
D19S433,Y,10,103.98,123.0,False,C06_RD14-0003-46_47_48-1;1;1-M3a-0.189IP-Q0.5_003.5sec.fsa,False
D19S433,Y,13,116.2,240.0,False,C06_RD14-0003-46_47_48-1;1;1-M3a-0.189IP-Q0.5_003.5sec.fsa,False
D19S433,Y,14,120.15,64.0,False,C06_RD14-0003-46_47_48-1;1;1-M3a-0.189IP-Q0.5_003.5sec.fsa,False
D19S433,Y,14.2,122.13,112.0,False,C06_RD14-0003-46_47_48-1;1;1-M3a-0.189IP-Q0.5_003.5sec.fsa,True
TPOX,Y,8,228.75,463.0,False,C06_RD14-0003-46_47_48-1;1;1-M3a-0.189IP-Q0.5_003.5sec.fsa,False
TPOX,Y,9,232.74,56.0,False,C06_RD14-0003-46_47_48-1;1;1-M3a-0.189IP-Q0.5_003.5sec.fsa,False
TPOX,Y,10,236.73,151.0,False,C06_RD14-0003-46_47_48-1;1;1-M3a-0.189IP-Q0.5_003.5sec.fsa,False
D18S51,Y,12,281.13,124.0,False,C06_RD14-0003-46_47_48-1;1;1-M3a-0.189IP-Q0.5_003.5sec.fsa,False
D18S51,Y,13,285.18,291.0,False,C06_RD14-0003-46_47_48-1;1;1-M3a-0.189IP-Q0.5_003.5sec.fsa,False
D18S51,Y,15,293.2,131.0,False,C06_RD14-0003-46_47_48-1;1;1-M3a-0.189IP-Q0.5_003.5sec.fsa,False
AMEL,R,X,104.96,365.0,False,C06_RD14-0003-46_47_48-1;1;1-M3a-0.189IP-Q0.5_003.5sec.fsa,False
AMEL,R,Y,110.87,321.0,False,C06_RD14-0003-46_47_48-1;1;1-M3a-0.189IP-Q0.5_003.5sec.fsa,False
D5S818,R,11,148.9,285.0,False,C06_RD14-0003-46_47_48-1;1;1-M3a-0.189IP-Q0.5_003.5sec.fsa,False
D5S818,R,12,152.95,182.0,False,C06_RD14-0003-46_47_48-1;1;1-M3a-0.189IP-Q0.5_003.5sec.fsa,False
FGA,R,19,220.95,89.0,False,C06_RD14-0003-46_47_48-1;1;1-M3a-0.189IP-Q0.5_003.5sec.fsa,False
D8S1179,B,11,133.73,69.0,False,C07_RD14-0003-46_47_48-1;1;1-M2e-0.189IP-Q1.0_003.5sec.fsa,False
D8S1179,B,13,142.07,115.0,False,C07_RD14-0003-46_47_48-1;1;1-M2e-0.189IP-Q1.0_003.5sec.fsa,False
D8S1179,B,14,146.15,168.0,False,C07_RD14-0003-46_47_48-1;1;1-M2e-0.189IP-Q1.0_003.5sec.fsa,False
D21S11,B,27,194.7,57.0,False,C07_RD14-0003-46_47_48-1;1;1-M2e-0.189IP-Q1.0_003.5sec.fsa,False
D21S11,B,30,206.82,64.0,False,C07_RD14-0003-46_47_48-1;1;1-M2e-0.189IP-Q1.0_003.5sec.fsa,False
D7S820,B,9,266.04,94.0,False,C07_RD14-0003-46_47_48-1;1;1-M2e-0.189IP-Q1.0_003.5sec.fsa,False
D7S820,B,10,270.14,96.0,False,C07_RD14-0003-46_47_48-1;1;1-M2e-0.189IP-Q1.0_003.5sec.fsa,False
D3S1358,G,14,118.43,302.0,False,C07_RD14-0003-46_47_48-1;1;1-M2e-0.189IP-Q1.0_003.5sec.fsa,False
D3S1358,G,15,122.27,162.0,False,C07_RD14-0003-46_47_48-1;1;1-M2e-0.189IP-Q1.0_003.5sec.fsa,False
TH01,G,6,168.62,122.0,False,C07_RD14-0003-46_47_48-1;1;1-M2e-0.189IP-Q1.0_003.5sec.fsa,False
TH01,G,7,172.7,212.0,False,C07_RD14-0003-46_47_48-1;1;1-M2e-0.189IP-Q1.0_003.5sec.fsa,False
TH01,G,9,180.82,235.0,False,C07_RD14-0003-46_47_48-1;1;1-M2e-0.189IP-Q1.0_003.5sec.fsa,False
D13S317,G,11,227.22,80.0,False,C07_RD14-0003-46_47_48-1;1;1-M2e-0.189IP-Q1.0_003.5sec.fsa,False
D13S317,G,12,231.28,235.0,False,C07_RD14-0003-46_47_48-1;1;1-M2e-0.189IP-Q1.0_003.5sec.fsa,False
D16S539,G,9,267.27,85.0,False,C07_RD14-0003-46_47_48-1;1;1-M2e-0.189IP-Q1.0_003.5sec.fsa,False
D16S539,G,11,275.31,63.0,False,C07_RD14-0003-46_47_48-1;1;1-M2e-0.189IP-Q1.0_003.5sec.fsa,False
D19S433,Y,10,104.07,99.0,False,C07_RD14-0003-46_47_48-1;1;1-M2e-0.189IP-Q1.0_003.5sec.fsa,False
D19S433,Y,13,116.33,257.0,False,C07_RD14-0003-46_47_48-1;1;1-M2e-0.189IP-Q1.0_003.5sec.fsa,False
D19S433,Y,14,120.15,55.0,False,C07_RD14-0003-46_47_48-1;1;1-M2e-0.189IP-Q1.0_003.5sec.fsa,False
D19S433,Y,14.2,122.27,63.0,False,C07_RD14-0003-46_47_48-1;1;1-M2e-0.189IP-Q1.0_003.5sec.fsa,True
vWA,Y,16,172.22,352.0,False,C07_RD14-0003-46_47_48-1;1;1-M2e-0.189IP-Q1.0_003.5sec.fsa,False
TPOX,Y,8,228.84,210.0,False,C07_RD14-0003-46_47_48-1;1;1-M2e-0.189IP-Q1.0_003.5sec.fsa,False
D18S51,Y,12,281.22,61.0,False,C07_RD14-0003-46_47_48-1;1;1-M2e-0.189IP-Q1.0_003.5sec.fsa,False
AMEL,R,X,104.93,337.0,False,C07_RD14-0003-46_47_48-1;1;1-M2e-0.189IP-Q1.0_003.5sec.fsa,False
AMEL,R,Y,110.91,443.0,False,C07_RD14-0003-46_47_48-1;1;1-M2e-0.189IP-Q1.0_003.5sec.fsa,False
D5S818,R,11,148.87,81.0,False,C07_RD14-0003-46_47_48-1;1;1-M2e-0.189IP-Q1.0_003.5sec.fsa,False
FGA,R,21,229.09,76.0,False,C07_RD14-0003-46_47_48-1;1;1-M2e-0.189IP-Q1.0_003.5sec.fsa,False
D8S1179,B,11,133.76,92.0,False,D06_RD14-0003-46_47_48-1;1;1-M3a-0.093IP-Q0.5_004.5sec.fsa,False
D8S1179,B,13,142.0,198.0,False,D06_RD14-0003-46_47_48-1;1;1-M3a-0.093IP-Q0.5_004.5sec.fsa,False
D7S820,B,9,266.1,122.0,False,D06_RD14-0003-46_47_48-1;1;1-M3a-0.093IP-Q0.5_004.5sec.fsa,False
D7S820,B,10,270.13,138.0,False,D06_RD14-0003-46_47_48-1;1;1-M3a-0.093IP-Q0.5_004.5sec.fsa,False
CSF1PO,B,10,318.78,156.0,False,D06_RD14-0003-46_47_48-1;1;1-M3a-0.093IP-Q0.5_004.5sec.fsa,False
CSF1PO,B,11,322.87,82.0,False,D06_RD14-0003-46_47_48-1;1;1-M3a-0.093IP-Q0.5_004.5sec.fsa,False
CSF1PO,B,12,326.91,121.0,False,D06_RD14-0003-46_47_48-1;1;1-M3a-0.093IP-Q0.5_004.5sec.fsa,False
D3S1358,G,14,118.41,408.0,False,D06_RD14-0003-46_47_48-1;1;1-M3a-0.093IP-Q0.5_004.5sec.fsa,False
D3S1358,G,15,122.33,236.0,False,D06_RD14-0003-46_47_48-1;1;1-M3a-0.093IP-Q0.5_004.5sec.fsa,False
TH01,G,6,168.55,140.0,False,D06_RD14-0003-46_47_48-1;1;1-M3a-0.093IP-Q0.5_004.5sec.fsa,False
TH01,G,7,172.65,167.0,False,D06_RD14-0003-46_47_48-1;1;1-M3a-0.093IP-Q0.5_004.5sec.fsa,False
TH01,G,9,180.71,438.0,False,D06_RD14-0003-46_47_48-1;1;1-M3a-0.093IP-Q0.5_004.5sec.fsa,False
D13S317,G,11,227.28,178.0,False,D06_RD14-0003-46_47_48-1;1;1-M3a-0.093IP-Q0.5_004.5sec.fsa,False
D13S317,G,12,231.32,506.0,False,D06_RD14-0003-46_47_48-1;1;1-M3a-0.093IP-Q0.5_004.5sec.fsa,False
D16S539,G,9,267.31,64.0,False,D06_RD14-0003-46_47_48-1;1;1-M3a-0.093IP-Q0.5_004.5sec.fsa,False
D16S539,G,11,275.3,101.0,False,D06_RD14-0003-46_47_48-1;1;1-M3a-0.093IP-Q0.5_004.5sec.fsa,False
D2S1338,G,17,312.75,141.0,False,D06_RD14-0003-46_47_48-1;1;1-M3a-0.093IP-Q0.5_004.5sec.fsa,False
D19S433,Y,10,103.99,92.0,False,D06_RD14-0003-46_47_48-1;1;1-M3a-0.093IP-Q0.5_004.5sec.fsa,False
vWA,Y,16,172.18,287.0,False,D06_RD14-0003-46_47_48-1;1;1-M3a-0.093IP-Q0.5_004.5sec.fsa,False
TPOX,Y,8,228.78,279.0,False,D06_RD14-0003-46_47_48-1;1;1-M3a-0.093IP-Q0.5_004.5sec.fsa,False
TPOX,Y,9,232.75,69.0,False,D06_RD14-0003-46_47_48-1;1;1-M3a-0.093IP-Q0.5_004.5sec.fsa,False
D18S51,Y,12,281.04,55.0,False,D06_RD14-0003-46_47_48-1;1;1-M3a-0.093IP-Q0.5_004.5sec.fsa,False
D18S51,Y,13,285.13,221.0,False,D06_RD14-0003-46_47_48-1;1;1-M3a-0.093IP-Q0.5_004.5sec.fsa,False
D18S51,Y,15,293.08,128.0,False,D06_RD14-0003-46_47_48-1;1;1-M3a-0.093IP-Q0.5_004.5sec.fsa,False
AMEL,R,X,104.97,233.0,False,D06_RD14-0003-46_47_48-1;1;1-M3a-0.093IP-Q0.5_004.5sec.fsa,False
AMEL,R,Y,110.88,154.0,False,D06_RD14-0003-46_47_48-1;1;1-M3a-0.093IP-Q0.5_004.5sec.fsa,False
D5S818,R,11,148.86,95.0,False,D06_RD14-0003-46_47_48-1;1;1-M3a-0.093IP-Q0.5_004.5sec.fsa,False
D5S818,R,12,152.98,130.0,False,D06_RD14-0003-46_47_48-1;1;1-M3a-0.093IP-Q0.5_004.5sec.fsa,False
FGA,R,21,229.1,64.0,False,D06_RD14-0003-46_47_48-1;1;1-M3a-0.093IP-Q0.5_004.5sec.fsa,False
FGA,R,22,233.23,81.0,False,D06_RD14-0003-46_47_48-1;1;1-M3a-0.093IP-Q0.5_004.5sec.fsa,False
D8S1179,B,13,141.99,255.0,False,E06_RD14-0003-46_47_48-1;1;1-M3a-0.045IP-Q0.5_001.5sec.fsa,False
D8S1179,B,14,146.15,121.0,False,E06_RD14-0003-46_47_48-1;1;1-M3a-0.045IP-Q0.5_001.5sec.fsa,False
D21S11,B,27,194.58,52.0,False,E06_RD14-0003-46_47_48-1;1;1-M3a-0.045IP-Q0.5_001.5sec.fsa,False
D7S820,B,9,266.04,67.0,False,E06_RD14-0003-46_47_48-1;1;1-M3a-0.045IP-Q0.5_001.5sec.fsa,False
D7S820,B,10,270.09,53.0,False,E06_RD14-0003-46_47_48-1;1;1-M3a-0.045IP-Q0.5_001.5sec.fsa,False
CSF1PO,B,10,318.68,138.0,False,E06_RD14-0003-46_47_48-1;1;1-M3a-0.045IP-Q0.5_001.5sec.fsa,False
CSF1PO,B,12,326.86,60.0,False,E06_RD14-0003-46_47_48-1;1;1-M3a-0.045IP-Q0.5_001.5sec.fsa,False
D3S1358,G,14,118.39,95.0,False,E06_RD14-0003-46_47_48-1;1;1-M3a-0.045IP-Q0.5_001.5sec.fsa,False
D3S1358,G,15,122.26,118.0,False,E06_RD14-0003-46_47_48-1;1;1-M3a-0.045IP-Q0.5_001.5sec.fsa,False
TH01,G,6,168.55,75.0,False,E06_RD14-0003-46_47_48-1;1;1-M3a-0.045IP-Q0.5_001.5sec.fsa,False
TH01,G,7,172.64,137.0,False,E06_RD14-0003-46_47_48-1;1;1-M3a-0.045IP-Q0.5_001.5sec.fsa,False
TH01,G,9,180.69,158.0,False,E06_RD14-0003-46_47_48-1;1;1-M3a-0.045IP-Q0.5_001.5sec.fsa,False
D13S317,G,11,227.23,84.0,False,E06_RD14-0003-46_47_48-1;1;1-M3a-0.045IP-Q0.5_001.5sec.fsa,False
D13S317,G,12,231.21,281.0,False,E06_RD14-0003-46_47_48-1;1;1-M3a-0.045IP-Q0.5_001.5sec.fsa,False
D2S1338,G,23,337.11,88.0,False,E06_RD14-0003-46_47_48-1;1;1-M3a-0.045IP-Q0.5_001.5sec.fsa,False
D2S1338,G,24,341.1,176.0,False,E06_RD14-0003-46_47_48-1;1;1-M3a-0.045IP-Q0.5_001.5sec.fsa,True
D19S433,Y,13,116.23,119.0,False,E06_RD14-0003-46_47_48-1;1;1-M3a-0.045IP-Q0.5_001.5sec.fsa,False
vWA,Y,16,172.22,297.0,False,E06_RD14-0003-46_47_48-1;1;1-M3a-0.045IP-Q0.5_001.5sec.fsa,False
vWA,Y,18,180.26,75.0,False,E06_RD14-0003-46_47_48-1;1;1-M3a-0.045IP-Q0.5_001.5sec.fsa,False
TPOX,Y,8,228.7,117.0,False,E06_RD14-0003-46_47_48-1;1;1-M3a-0.045IP-Q0.5_001.5sec.fsa,False
TPOX,Y,10,236.69,59.0,False,E06_RD14-0003-46_47_48-1;1;1-M3a-0.045IP-Q0.5_001.5sec.fsa,False
D18S51,Y,12,281.05,76.0,False,E06_RD14-0003-46_47_48-1;1;1-M3a-0.045IP-Q0.5_001.5sec.fsa,False
D18S51,Y,13,285.08,191.0,False,E06_RD14-0003-46_47_48-1;1;1-M3a-0.045IP-Q0.5_001.5sec.fsa,False
AMEL,R,X,104.99,205.0,False,E06_RD14-0003-46_47_48-1;1;1-M3a-0.045IP-Q0.5_001.5sec.fsa,False
AMEL,R,Y,110.9,70.0,False,E06_RD14-0003-46_47_48-1;1;1-M3a-0.045IP-Q0.5_001.5sec.fsa,False
D5S818,R,11,148.9,101.0,False,E06_RD14-0003-46_47_48-1;1;1-M3a-0.045IP-Q0.5_001.5sec.fsa,False
D5S818,R,12,153.0,86.0,False,E06_RD14-0003-46_47_48-1;1;1-M3a-0.045IP-Q0.5_001.5sec.fsa,False
CSF1PO,B,10,318.64,108.0,False,E07_RD14-0003-46_47_48-1;1;1-M3e-0.093IP-Q0.8_001.5sec.fsa,False
D3S1358,G,14,118.41,144.0,False,E07_RD14-0003-46_47_48-1;1;1-M3e-0.093IP-Q0.8_001.5sec.fsa,False
TH01,G,7,172.61,115.0,False,E07_RD14-0003-46_47_48-1;1;1-M3e-0.093IP-Q0.8_001.5sec.fsa,False
D13S317,G,12,231.22,70.0,False,E07_RD14-0003-46_47_48-1;1;1-M3e-0.093IP-Q0.8_001.5sec.fsa,False
D16S539,G,12,279.21,83.0,False,E07_RD14-0003-46_47_48-1;1;1-M3e-0.093IP-Q0.8_001.5sec.fsa,False
D19S433,Y,13,116.17,118.0,False,E07_RD14-0003-46_47_48-1;1;1-M3e-0.093IP-Q0.8_001.5sec.fsa,False
AMEL,R,X,105.0,157.0,False,E07_RD14-0003-46_47_48-1;1;1-M3e-0.093IP-Q0.8_001.5sec.fsa,False
AMEL,R,Y,110.86,54.0,False,E07_RD14-0003-46_47_48-1;1;1-M3e-0.093IP-Q0.8_001.5sec.fsa,False
D8S1179,B,11,133.68,128.0,False,F06_RD14-0003-46_47_48-1;1;1-M3d-0.375IP-Q0.5_002.5sec.fsa,False
D21S11,B,27,194.61,183.0,False,F06_RD14-0003-46_47_48-1;1;1-M3d-0.375IP-Q0.5_002.5sec.fsa,False
D21S11,B,29,202.68,68.0,False,F06_RD14-0003-46_47_48-1;1;1-M3d-0.375IP-Q0.5_002.5sec.fsa,False
D21S11,B,30,206.72,129.0,False,F06_RD14-0003-46_47_48-1;1;1-M3d-0.375IP-Q0.5_002.5sec.fsa,False
D21S11,B,31,210.69,51.0,False,F06_RD14-0003-46_47_48-1;1;1-M3d-0.375IP-Q0.5_002.5sec.fsa,False
D7S820,B,8,262.1,96.0,False,F06_RD14-0003-46_47_48-1;1;1-M3d-0.375IP-Q0.5_002.5sec.fsa,False
D7S820,B,9,266.03,172.0,False,F06_RD14-0003-46_47_48-1;1;1-M3d-0.375IP-Q0.5_002.5sec.fsa,False
D7S820,B,10,270.15,174.0,False,F06_RD14-0003-46_47_48-1;1;1-M3d-0.375IP-Q0.5_002.5sec.fsa,False
CSF1PO,B,10,318.76,226.0,False,F06_RD14-0003-46_47_48-1;1;1-M3d-0.375IP-Q0.5_002.5sec.fsa,False
D3S1358,G,14,118.39,692.0,False,F06_RD14-0003-46_47_48-1;1;1-M3d-0.375IP-Q0.5_002.5sec.fsa,False
D3S1358,G,15,122.26,435.0,False,F06_RD14-0003-46_47_48-1;1;1-M3d-0.375IP-Q0.5_002.5sec.fsa,False
D3S1358,G,18,134.48,126.0,False,F06_RD14-0003-46_47_48-1;1;1-M3d-0.375IP-Q0.5_002.5sec.fsa,False
TH01,G,6,168.59,268.0,False,F06_RD14-0003-46_47_48-1;1;1-M3d-0.375IP-Q0.5_002.5sec.fsa,False
D13S317,G,12,231.27,643.0,False,F06_RD14-0003-46_47_48-1;1;1-M3d-0.375IP-Q0.5_002.5sec.fsa,False
D16S539,G,9,267.35,115.0,False,F06_RD14-0003-46_47_48-1;1;1-M3d-0.375IP-Q0.5_002.5sec.fsa,False
D16S539,G,11,275.33,325.0,False,F06_RD14-0003-46_47_48-1;1;1-M3d-0.375IP-Q0.5_002.5sec.fsa,False
D16S539,G,12,279.3,331.0,False,F06_RD14-0003-46_47_48-1;1;1-M3d-0.375IP-Q0.5_002.5sec.fsa,False
D16S539,G,13,283.23,172.0,False,F06_RD14-0003-46_47_48-1;1;1-M3d-0.375IP-Q0.5_002.5sec.fsa,False
D2S1338,G,17,312.73,63.0,False,F06_RD14-0003-46_47_48-1;1;1-M3d-0.375IP-Q0.5_002.5sec.fsa,False
D2S1338,G,23,337.23,237.0,False,F06_RD14-0003-46_47_48-1;1;1-M3d-0.375IP-Q0.5_002.5sec.fsa,False
D19S433,Y,10,104.0,165.0,False,F06_RD14-0003-46_47_48-1;1;1-M3d-0.375IP-Q0.5_002.5sec.fsa,False
D19S433,Y,13,116.23,368.0,False,F06_RD14-0003-46_47_48-1;1;1-M3d-0.375IP-Q0.5_002.5sec.fsa,False
D19S433,Y,14,120.16,125.0,False,F06_RD14-0003-46_47_48-1;1;1-M3d-0.375IP-Q0.5_002.5sec.fsa,False
vWA,Y,16,172.19,499.0,False,F06_RD14-0003-46_47_48-1;1;1-M3d-0.375IP-Q0.5_002.5sec.fsa,False
vWA,Y,17,176.3,116.0,False,F06_RD14-0003-46_47_48-1;1;1-M3d-0.375IP-Q0.5_002.5sec.fsa,False
vWA,Y,18,180.34,150.0,False,F06_RD14-0003-46_47_48-1;1;1-M3d-0.375IP-Q0.5_002.5sec.fsa,False
TPOX,Y,8,228.77,604.0,False,F06_RD14-0003-46_47_48-1;1;1-M3d-0.375IP-Q0.5_002.5sec.fsa,False
TPOX,Y,9,232.82,95.0,False,F06_RD14-0003-46_47_48-1;1;1-M3d-0.375IP-Q0.5_002.5sec.fsa,False
TPOX,Y,10,236.8,154.0,False,F06_RD14-0003-46_47_48-1;1;1-M3d-0.375IP-Q0.5_002.5sec.fsa,False
D18S51,Y,12,281.05,145.0,False,F06_RD14-0003-46_47_48-1;1;1-M3d-0.375IP-Q0.5_002.5sec.fsa,False
D18S51,Y,13,285.15,213.0,False,F06_RD14-0003-46_47_48-1;1;1-M3d-0.375IP-Q0.5_002.5sec.fsa,False
D18S51,Y,15,293.09,148.0,False,F06_RD14-0003-46_47_48-1;1;1-M3d-0.375IP-Q0.5_002.5sec.fsa,False
AMEL,R,X,104.95,497.0,False,F06_RD14-0003-46_47_48-1;1;1-M3d-0.375IP-Q0.5_002.5sec.fsa,False
AMEL,R,Y,110.84,487.0,False,F06_RD14-0003-46_47_48-1;1;1-M3d-0.375IP-Q0.5_002.5sec.fsa,False
D5S818,R,11,148.86,314.0,False,F06_RD14-0003-46_47_48-1;1;1-M3d-0.375IP-Q0.5_002.5sec.fsa,False
D5S818,R,12,152.94,394.0,False,F06_RD14-0003-46_47_48-1;1;1-M3d-0.375IP-Q0.5_002.5sec.fsa,False
D5S818,R,13,157.05,260.0,False,F06_RD14-0003-46_47_48-1;1;1-M3d-0.375IP-Q0.5_002.5sec.fsa,False
FGA,R,19,220.94,105.0,False,F06_RD14-0003-46_47_48-1;1;1-M3d-0.375IP-Q0.5_002.5sec.fsa,False
FGA,R,21,229.11,176.0,False,F06_RD14-0003-46_47_48-1;1;1-M3d-0.375IP-Q0.5_002.5sec.fsa,False
FGA,R,22,233.17,105.0,False,F06_RD14-0003-46_47_48-1;1;1-M3d-0.375IP-Q0.5_002.5sec.fsa,False
D8S1179,B,13,141.93,64.0,False,F07_RD14-0003-46_47_48-1;1;1-M3e-0.045IP-Q0.8_002.5sec.fsa,False
D3S1358,G,14,118.41,96.0,False,F07_RD14-0003-46_47_48-1;1;1-M3e-0.045IP-Q0.8_002.5sec.fsa,False
D13S317,G,12,231.25,63.0,False,F07_RD14-0003-46_47_48-1;1;1-M3e-0.045IP-Q0.8_002.5sec.fsa,False
vWA,Y,16,172.18,55.0,False,F07_RD14-0003-46_47_48-1;1;1-M3e-0.045IP-Q0.8_002.5sec.fsa,False
TPOX,Y,8,228.76,52.0,False,F07_RD14-0003-46_47_48-1;1;1-M3e-0.045IP-Q0.8_002.5sec.fsa,False
AMEL,R,X,104.97,60.0,False,F07_RD14-0003-46_47_48-1;1;1-M3e-0.045IP-Q0.8_002.5sec.fsa,False
AMEL,R,Y,110.88,86.0,False,F07_RD14-0003-46_47_48-1;1;1-M3e-0.045IP-Q0.8_002.5sec.fsa,False
D8S1179,B,13,141.99,215.0,False,G06_RD14-0003-46_47_48-1;1;1-M4d-0.189IP-Q0.6_003.5sec.fsa,False
D8S1179,B,14,146.15,232.0,False,G06_RD14-0003-46_47_48-1;1;1-M4d-0.189IP-Q0.6_003.5sec.fsa,False
D21S11,B,27,194.61,74.0,False,G06_RD14-0003-46_47_48-1;1;1-M4d-0.189IP-Q0.6_003.5sec.fsa,False
D7S820,B,9,266.11,82.0,False,G06_RD14-0003-46_47_48-1;1;1-M4d-0.189IP-Q0.6_003.5sec.fsa,False
CSF1PO,B,10,318.78,128.0,False,G06_RD14-0003-46_47_48-1;1;1-M4d-0.189IP-Q0.6_003.5sec.fsa,False
D3S1358,G,14,118.39,464.0,False,G06_RD14-0003-46_47_48-1;1;1-M4d-0.189IP-Q0.6_003.5sec.fsa,False
D3S1358,G,15,122.25,140.0,False,G06_RD14-0003-46_47_48-1;1;1-M4d-0.189IP-Q0.6_003.5sec.fsa,False
TH01,G,6,168.6,269.0,False,G06_RD14-0003-46_47_48-1;1;1-M4d-0.189IP-Q0.6_003.5sec.fsa,False
D13S317,G,11,227.22,100.0,False,G06_RD14-0003-46_47_48-1;1;1-M4d-0.189IP-Q0.6_003.5sec.fsa,False
D13S317,G,12,231.27,378.0,False,G06_RD14-0003-46_47_48-1;1;1-M4d-0.189IP-Q0.6_003.5sec.fsa,False
D16S539,G,11,275.33,109.0,False,G06_RD14-0003-46_47_48-1;1;1-M4d-0.189IP-Q0.6_003.5sec.fsa,False
D16S539,G,12,279.29,151.0,False,G06_RD14-0003-46_47_48-1;1;1-M4d-0.189IP-Q0.6_003.5sec.fsa,False
D16S539,G,13,283.21,67.0,False,G06_RD14-0003-46_47_48-1;1;1-M4d-0.189IP-Q0.6_003.5sec.fsa,False
D2S1338,G,17,312.83,83.0,False,G06_RD14-0003-46_47_48-1;1;1-M4d-0.189IP-Q0.6_003.5sec.fsa,False
D19S433,Y,10,103.92,135.0,False,G06_RD14-0003-46_47_48-1;1;1-M4d-0.189IP-Q0.6_003.5sec.fsa,False
D19S433,Y,13,116.23,258.0,False,G06_RD14-0003-46_47_48-1;1;1-M4d-0.189IP-Q0.6_003.5sec.fsa,False
vWA,Y,16,172.26,193.0,False,G06_RD14-0003-46_47_48-1;1;1-M4d-0.189IP-Q0.6_003.5sec.fsa,False
vWA,Y,18,180.34,66.0,False,G06_RD14-0003-46_47_48-1;1;1-M4d-0.189IP-Q0.6_003.5sec.fsa,False
TPOX,Y,8,228.77,223.0,False,G06_RD14-0003-46_47_48-1;1;1-M4d-0.189IP-Q0.6_003.5sec.fsa,False
D18S51,Y,12,281.13,71.0,False,G06_RD14-0003-46_47_48-1;1;1-M4d-0.189IP-Q0.6_003.5sec.fsa,False
D18S51,Y,13,285.12,104.0,False,G06_RD14-0003-46_47_48-1;1;1-M4d-0.189IP-Q0.6_003.5sec.fsa,False
D18S51,Y,15,293.12,115.0,False,G06_RD14-0003-46_47_48-1;1;1-M4d-0.189IP-Q0.6_003.5sec.fsa,False
AMEL,R,X,104.95,253.0,False,G06_RD14-0003-46_47_48-1;1;1-M4d-0.189IP-Q0.6_003.5sec.fsa,False
AMEL,R,Y,110.84,188.0,False,G06_RD14-0003-46_47_48-1;1;1-M4d-0.189IP-Q0.6_003.5sec.fsa,False
D5S818,R,11,148.9,182.0,False,G06_RD14-0003-46_47_48-1;1;1-M4d-0.189IP-Q0.6_003.5sec.fsa,False
D5S818,R,12,153.0,65.0,False,G06_RD14-0003-46_47_48-1;1;1-M4d-0.189IP-Q0.6_003.5sec.fsa,False
D5S818,R,13,157.13,102.0,False,G06_RD14-0003-46_47_48-1;1;1-M4d-0.189IP-Q0.6_003.5sec.fsa,False
FGA,R,21,229.11,113.0,False,G06_RD14-0003-46_47_48-1;1;1-M4d-0.189IP-Q0.6_003.5sec.fsa,False
D21S11,B,27,194.63,58.0,False,H06_RD14-0003-46_47_48-1;1;1-M4d-0.093IP-Q0.6_004.5sec.fsa,False
D21S11,B,30,206.77,67.0,False,H06_RD14-0003-46_47_48-1;1;1-M4d-0.093IP-Q0.6_004.5sec.fsa,False
D7S820,B,10,270.14,77.0,False,H06_RD14-0003-46_47_48-1;1;1-M4d-0.093IP-Q0.6_004.5sec.fsa,False
CSF1PO,B,10,318.78,109.0,False,H06_RD14-0003-46_47_48-1;1;1-M4d-0.093IP-Q0.6_004.5sec.fsa,False
D3S1358,G,14,118.46,220.0,False,H06_RD14-0003-46_47_48-1;1;1-M4d-0.093IP-Q0.6_004.5sec.fsa,False
TH01,G,6,168.57,124.0,False,H06_RD14-0003-46_47_48-1;1;1-M4d-0.093IP-Q0.6_004.5sec.fsa,False
TH01,G,7,172.54,51.0,False,H06_RD14-0003-46_47_48-1;1;1-M4d-0.093IP-Q0.6_004.5sec.fsa,False
TH01,G,9,180.68,198.0,False,H06_RD14-0003-46_47_48-1;1;1-M4d-0.093IP-Q0.6_004.5sec.fsa,False
D13S317,G,11,227.25,67.0,False,H06_RD14-0003-46_47_48-1;1;1-M4d-0.093IP-Q0.6_004.5sec.fsa,False
D16S539,G,11,275.28,139.0,False,H06_RD14-0003-46_47_48-1;1;1-M4d-0.093IP-Q0.6_004.5sec.fsa,False
D2S1338,G,17,312.74,63.0,False,H06_RD14-0003-46_47_48-1;1;1-M4d-0.093IP-Q0.6_004.5sec.fsa,False
D19S433,Y,13,116.23,146.0,False,H06_RD14-0003-46_47_48-1;1;1-M4d-0.093IP-Q0.6_004.5sec.fsa,False
vWA,Y,16,172.21,127.0,False,H06_RD14-0003-46_47_48-1;1;1-M4d-0.093IP-Q0.6_004.5sec.fsa,False
TPOX,Y,8,228.7,85.0,False,H06_RD14-0003-46_47_48-1;1;1-M4d-0.093IP-Q0.6_004.5sec.fsa,False
TPOX,Y,10,236.71,75.0,False,H06_RD14-0003-46_47_48-1;1;1-M4d-0.093IP-Q0.6_004.5sec.fsa,False
D18S51,Y,13,285.1,85.0,False,H06_RD14-0003-46_47_48-1;1;1-M4d-0.093IP-Q0.6_004.5sec.fsa,False
AMEL,R,X,104.95,122.0,False,H06_RD14-0003-46_47_48-1;1;1-M4d-0.093IP-Q0.6_004.5sec.fsa,False
AMEL,R,Y,110.91,137.0,False,H06_RD14-0003-46_47_48-1;1;1-M4d-0.093IP-Q0.6_004.5sec.fsa,False
D5S818,R,11,148.86,71.0,False,H06_RD14-0003-46_47_48-1;1;1-M4d-0.093IP-Q0.6_004.5sec.fsa,False
D5S818,R,12,152.95,98.0,False,H06_RD14-0003-46_47_48-1;1;1-M4d-0.093IP-Q0.6_004.5sec.fsa,False
FGA,R,21,229.05,53.0,False,H06_RD14-0003-46_47_48-1;1;1-M4d-0.093IP-Q0.6_004.5sec.fsa,False
AMEL,R,X,104.95,73.0,False,B05_RD14-0003-40_41_42_43-1;1;1;1-M3S10-0.06IP-Q1.5_002.5sec.fsa,False
D8S1179,B,11,133.73,122.0,False,G04_RD14-0003-40_41_42_43-1;1;1;1-M1S10-0.5IP-Q1.3_003.5sec.fsa,False
D8S1179,B,12,137.82,143.0,False,G04_RD14-0003-40_41_42_43-1;1;1;1-M1S10-0.5IP-Q1.3_003.5sec.fsa,False
D8S1179,B,13,141.98,233.0,False,G04_RD14-0003-40_41_42_43-1;1;1;1-M1S10-0.5IP-Q1.3_003.5sec.fsa,False
D8S1179,B,14,146.2,354.0,False,G04_RD14-0003-40_41_42_43-1;1;1;1-M1S10-0.5IP-Q1.3_003.5sec.fsa,False
D21S11,B,27,194.63,98.0,False,G04_RD14-0003-40_41_42_43-1;1;1;1-M1S10-0.5IP-Q1.3_003.5sec.fsa,False
D21S11,B,28,198.64,56.0,False,G04_RD14-0003-40_41_42_43-1;1;1;1-M1S10-0.5IP-Q1.3_003.5sec.fsa,False
D21S11,B,29,202.66,176.0,False,G04_RD14-0003-40_41_42_43-1;1;1;1-M1S10-0.5IP-Q1.3_003.5sec.fsa,False
D7S820,B,9,266.1,77.0,False,G04_RD14-0003-40_41_42_43-1;1;1;1-M1S10-0.5IP-Q1.3_003.5sec.fsa,False
D7S820,B,11,274.08,73.0,False,G04_RD14-0003-40_41_42_43-1;1;1;1-M1S10-0.5IP-Q1.3_003.5sec.fsa,False
CSF1PO,B,10,318.68,72.0,False,G04_RD14-0003-40_41_42_43-1;1;1;1-M1S10-0.5IP-Q1.3_003.5sec.fsa,False
D3S1358,G,14,118.23,50.0,False,G04_RD14-0003-40_41_42_43-1;1;1;1-M1S10-0.5IP-Q1.3_003.5sec.fsa,False
D3S1358,G,15,122.32,564.0,False,G04_RD14-0003-40_41_42_43-1;1;1;1-M1S10-0.5IP-Q1.3_003.5sec.fsa,False
D3S1358,G,16,126.22,354.0,False,G04_RD14-0003-40_41_42_43-1;1;1;1-M1S10-0.5IP-Q1.3_003.5sec.fsa,False
D3S1358,G,17,130.39,226.0,False,G04_RD14-0003-40_41_42_43-1;1;1;1-M1S10-0.5IP-Q1.3_003.5sec.fsa,False
TH01,G,7,172.67,309.0,False,G04_RD14-0003-40_41_42_43-1;1;1;1-M1S10-0.5IP-Q1.3_003.5sec.fsa,False
TH01,G,8,176.67,348.0,False,G04_RD14-0003-40_41_42_43-1;1;1;1-M1S10-0.5IP-Q1.3_003.5sec.fsa,False
TH01,G,9,180.68,200.0,False,G04_RD14-0003-40_41_42_43-1;1;1;1-M1S10-0.5IP-Q1.3_003.5sec.fsa,False
TH01,G,9.3,183.82,294.0,False,G04_RD14-0003-40_41_42_43-1;1;1;1-M1S10-0.5IP-Q1.3_003.5sec.fsa,False
D13S317,G,11,227.22,98.0,False,G04_RD14-0003-40_41_42_43-1;1;1;1-M1S10-0.5IP-Q1.3_003.5sec.fsa,False
D13S317,G,12,231.27,405.0,False,G04_RD14-0003-40_41_42_43-1;1;1;1-M1S10-0.5IP-Q1.3_003.5sec.fsa,False
D16S539,G,9,267.23,173.0,False,G04_RD14-0003-40_41_42_43-1;1;1;1-M1S10-0.5IP-Q1.3_003.5sec.fsa,False
D16S539,G,10,271.26,139.0,False,G04_RD14-0003-40_41_42_43-1;1;1;1-M1S10-0.5IP-Q1.3_003.5sec.fsa,False
D2S1338,G,19,321.1,69.0,False,G04_RD14-0003-40_41_42_43-1;1;1;1-M1S10-0.5IP-Q1.3_003.5sec.fsa,False
D19S433,Y,11,108.17,127.0,False,G04_RD14-0003-40_41_42_43-1;1;1;1-M1S10-0.5IP-Q1.3_003.5sec.fsa,False
vWA,Y,13,160.0,150.0,False,G04_RD14-0003-40_41_42_43-1;1;1;1-M1S10-0.5IP-Q1.3_003.5sec.fsa,False
vWA,Y,15,168.11,99.0,False,G04_RD14-0003-40_41_42_43-1;1;1;1-M1S10-0.5IP-Q1.3_003.5sec.fsa,False
vWA,Y,16,172.26,95.0,False,G04_RD14-0003-40_41_42_43-1;1;1;1-M1S10-0.5IP-Q1.3_003.5sec.fsa,False
vWA,Y,17,176.25,254.0,False,G04_RD14-0003-40_41_42_43-1;1;1;1-M1S10-0.5IP-Q1.3_003.5sec.fsa,False
TPOX,Y,8,228.77,339.0,False,G04_RD14-0003-40_41_42_43-1;1;1;1-M1S10-0.5IP-Q1.3_003.5sec.fsa,False
TPOX,Y,10,236.8,77.0,False,G04_RD14-0003-40_41_42_43-1;1;1;1-M1S10-0.5IP-Q1.3_003.5sec.fsa,False
TPOX,Y,11,240.89,50.0,False,G04_RD14-0003-40_41_42_43-1;1;1;1-M1S10-0.5IP-Q1.3_003.5sec.fsa,False
D18S51,Y,12,281.05,55.0,False,G04_RD14-0003-40_41_42_43-1;1;1;1-M1S10-0.5IP-Q1.3_003.5sec.fsa,False
AMEL,R,X,105.0,940.0,False,G04_RD14-0003-40_41_42_43-1;1;1;1-M1S10-0.5IP-Q1.3_003.5sec.fsa,False
AMEL,R,Y,110.93,432.0,False,G04_RD14-0003-40_41_42_43-1;1;1;1-M1S10-0.5IP-Q1.3_003.5sec.fsa,False
D5S818,R,11,148.86,268.0,False,G04_RD14-0003-40_41_42_43-1;1;1;1-M1S10-0.5IP-Q1.3_003.5sec.fsa,False
D5S818,R,12,152.95,279.0,False,G04_RD14-0003-40_41_42_43-1;1;1;1-M1S10-0.5IP-Q1.3_003.5sec.fsa,False
D5S818,R,13,157.05,164.0,False,G04_RD14-0003-40_41_42_43-1;1;1;1-M1S10-0.5IP-Q1.3_003.5sec.fsa,False
FGA,R,21,229.11,103.0,False,G04_RD14-0003-40_41_42_43-1;1;1;1-M1S10-0.5IP-Q1.3_003.5sec.fsa,False
D8S1179,B,11,133.72,81.0,False,H04_RD14-0003-40_41_42_43-1;1;1;1-M2S10-0.252IP-Q1.3_004.5sec.fsa,False
D8S1179,B,12,137.81,117.0,False,H04_RD14-0003-40_41_42_43-1;1;1;1-M2S10-0.252IP-Q1.3_004.5sec.fsa,False
D8S1179,B,13,142.05,165.0,False,H04_RD14-0003-40_41_42_43-1;1;1;1-M2S10-0.252IP-Q1.3_004.5sec.fsa,False
D8S1179,B,14,146.15,236.0,False,H04_RD14-0003-40_41_42_43-1;1;1;1-M2S10-0.252IP-Q1.3_004.5sec.fsa,False
D8S1179,B,15,150.36,56.0,False,H04_RD14-0003-40_41_42_43-1;1;1;1-M2S10-0.252IP-Q1.3_004.5sec.fsa,False
D21S11,B,27,194.57,51.0,False,H04_RD14-0003-40_41_42_43-1;1;1;1-M2S10-0.252IP-Q1.3_004.5sec.fsa,False
D21S11,B,30,206.63,65.0,False,H04_RD14-0003-40_41_42_43-1;1;1;1-M2S10-0.252IP-Q1.3_004.5sec.fsa,False
D7S820,B,11,274.14,71.0,False,H04_RD14-0003-40_41_42_43-1;1;1;1-M2S10-0.252IP-Q1.3_004.5sec.fsa,False
D3S1358,G,15,122.24,347.0,False,H04_RD14-0003-40_41_42_43-1;1;1;1-M2S10-0.252IP-Q1.3_004.5sec.fsa,False
D3S1358,G,16,126.21,221.0,False,H04_RD14-0003-40_41_42_43-1;1;1;1-M2S10-0.252IP-Q1.3_004.5sec.fsa,False
TH01,G,7,172.62,242.0,False,H04_RD14-0003-40_41_42_43-1;1;1;1-M2S10-0.252IP-Q1.3_004.5sec.fsa,False
TH01,G,8,176.59,180.0,False,H04_RD14-0003-40_41_42_43-1;1;1;1-M2S10-0.252IP-Q1.3_004.5sec.fsa,False
TH01,G,9,180.76,132.0,False,H04_RD14-0003-40_41_42_43-1;1;1;1-M2S10-0.252IP-Q1.3_004.5sec.fsa,False
D13S317,G,11,227.24,57.0,False,H04_RD14-0003-40_41_42_43-1;1;1;1-M2S10-0.252IP-Q1.3_004.5sec.fsa,False
D13S317,G,12,231.26,194.0,False,H04_RD14-0003-40_41_42_43-1;1;1;1-M2S10-0.252IP-Q1.3_004.5sec.fsa,False
D16S539,G,10,271.26,50.0,False,H04_RD14-0003-40_41_42_43-1;1;1;1-M2S10-0.252IP-Q1.3_004.5sec.fsa,False
D19S433,Y,11,108.1,75.0,False,H04_RD14-0003-40_41_42_43-1;1;1;1-M2S10-0.252IP-Q1.3_004.5sec.fsa,False
D19S433,Y,13,116.2,158.0,False,H04_RD14-0003-40_41_42_43-1;1;1;1-M2S10-0.252IP-Q1.3_004.5sec.fsa,False
D19S433,Y,13.2,118.18,89.0,False,H04_RD14-0003-40_41_42_43-1;1;1;1-M2S10-0.252IP-Q1.3_004.5sec.fsa,False
vWA,Y,16,172.2,65.0,False,H04_RD14-0003-40_41_42_43-1;1;1;1-M2S10-0.252IP-Q1.3_004.5sec.fsa,False
vWA,Y,17,176.18,158.0,False,H04_RD14-0003-40_41_42_43-1;1;1;1-M2S10-0.252IP-Q1.3_004.5sec.fsa,False
TPOX,Y,8,228.78,256.0,False,H04_RD14-0003-40_41_42_43-1;1;1;1-M2S10-0.252IP-Q1.3_004.5sec.fsa,False
AMEL,R,X,104.93,473.0,False,H04_RD14-0003-40_41_42_43-1;1;1;1-M2S10-0.252IP-Q1.3_004.5sec.fsa,False
AMEL,R,Y,110.86,248.0,False,H04_RD14-0003-40_41_42_43-1;1;1;1-M2S10-0.252IP-Q1.3_004.5sec.fsa,False
D5S818,R,11,148.87,191.0,False,H04_RD14-0003-40_41_42_43-1;1;1;1-M2S10-0.252IP-Q1.3_004.5sec.fsa,False
D5S818,R,12,153.01,112.0,False,H04_RD14-0003-40_41_42_43-1;1;1;1-M2S10-0.252IP-Q1.3_004.5sec.fsa,False
FGA,R,21,229.12,69.0,False,H04_RD14-0003-40_41_42_43-1;1;1;1-M2S10-0.252IP-Q1.3_004.5sec.fsa,False
D8S1179,B,11,133.46,269.0,False,B01_RD14-0003-40_41_42_43-1;1;1;1-M3a-0.5IP-Q0.9_002.5sec.fsa,False
D8S1179,B,12,137.49,150.0,False,B01_RD14-0003-40_41_42_43-1;1;1;1-M3a-0.5IP-Q0.9_002.5sec.fsa,False
D8S1179,B,13,141.72,237.0,False,B01_RD14-0003-40_41_42_43-1;1;1;1-M3a-0.5IP-Q0.9_002.5sec.fsa,False
D8S1179,B,14,145.93,501.0,False,B01_RD14-0003-40_41_42_43-1;1;1;1-M3a-0.5IP-Q0.9_002.5sec.fsa,False
D21S11,B,27,194.38,288.0,False,B01_RD14-0003-40_41_42_43-1;1;1;1-M3a-0.5IP-Q0.9_002.5sec.fsa,False
D21S11,B,28,198.4,75.0,False,B01_RD14-0003-40_41_42_43-1;1;1;1-M3a-0.5IP-Q0.9_002.5sec.fsa,False
D21S11,B,29,202.37,248.0,False,B01_RD14-0003-40_41_42_43-1;1;1;1-M3a-0.5IP-Q0.9_002.5sec.fsa,False
D7S820,B,8,261.88,124.0,False,B01_RD14-0003-40_41_42_43-1;1;1;1-M3a-0.5IP-Q0.9_002.5sec.fsa,False
D7S820,B,9,265.85,209.0,False,B01_RD14-0003-40_41_42_43-1;1;1;1-M3a-0.5IP-Q0.9_002.5sec.fsa,False
D7S820,B,11,273.89,498.0,False,B01_RD14-0003-40_41_42_43-1;1;1;1-M3a-0.5IP-Q0.9_002.5sec.fsa,False
CSF1PO,B,8,310.32,103.0,False,B01_RD14-0003-40_41_42_43-1;1;1;1-M3a-0.5IP-Q0.9_002.5sec.fsa,True
CSF1PO,B,10,318.57,266.0,False,B01_RD14-0003-40_41_42_43-1;1;1;1-M3a-0.5IP-Q0.9_002.5sec.fsa,False
D3S1358,G,15,122.09,593.0,False,B01_RD14-0003-40_41_42_43-1;1;1;1-M3a-0.5IP-Q0.9_002.5sec.fsa,False
D3S1358,G,16,126.15,476.0,False,B01_RD14-0003-40_41_42_43-1;1;1;1-M3a-0.5IP-Q0.9_002.5sec.fsa,False
D3S1358,G,17,130.26,311.0,False,B01_RD14-0003-40_41_42_43-1;1;1;1-M3a-0.5IP-Q0.9_002.5sec.fsa,False
TH01,G,7,172.38,477.0,False,B01_RD14-0003-40_41_42_43-1;1;1;1-M3a-0.5IP-Q0.9_002.5sec.fsa,False
TH01,G,8,176.39,836.0,False,B01_RD14-0003-40_41_42_43-1;1;1;1-M3a-0.5IP-Q0.9_002.5sec.fsa,False
D13S317,G,11,227.17,353.0,False,B01_RD14-0003-40_41_42_43-1;1;1;1-M3a-0.5IP-Q0.9_002.5sec.fsa,False
D13S317,G,12,231.19,1120.0,False,B01_RD14-0003-40_41_42_43-1;1;1;1-M3a-0.5IP-Q0.9_002.5sec.fsa,False
D13S317,G,13,235.21,496.0,False,B01_RD14-0003-40_41_42_43-1;1;1;1-M3a-0.5IP-Q0.9_002.5sec.fsa,False
D16S539,G,9,267.17,476.0,False,B01_RD14-0003-40_41_42_43-1;1;1;1-M3a-0.5IP-Q0.9_002.5sec.fsa,False
D16S539,G,10,271.09,612.0,False,B01_RD14-0003-40_41_42_43-1;1;1;1-M3a-0.5IP-Q0.9_002.5sec.fsa,False
D16S539,G,11,275.15,222.0,False,B01_RD14-0003-40_41_42_43-1;1;1;1-M3a-0.5IP-Q0.9_002.5sec.fsa,False
D16S539,G,12,279.16,339.0,False,B01_RD14-0003-40_41_42_43-1;1;1;1-M3a-0.5IP-Q0.9_002.5sec.fsa,False
D2S1338,G,19,320.8,438.0,False,B01_RD14-0003-40_41_42_43-1;1;1;1-M3a-0.5IP-Q0.9_002.5sec.fsa,False
D2S1338,G,20,324.87,247.0,False,B01_RD14-0003-40_41_42_43-1;1;1;1-M3a-0.5IP-Q0.9_002.5sec.fsa,False
D2S1338,G,21,328.91,55.0,False,B01_RD14-0003-40_41_42_43-1;1;1;1-M3a-0.5IP-Q0.9_002.5sec.fsa,True
D2S1338,G,22,332.93,571.0,False,B01_RD14-0003-40_41_42_43-1;1;1;1-M3a-0.5IP-Q0.9_002.5sec.fsa,False
D19S433,Y,11,107.93,111.0,False,B01_RD14-0003-40_41_42_43-1;1;1;1-M3a-0.5IP-Q0.9_002.5sec.fsa,False
D19S433,Y,13,116.01,238.0,False,B01_RD14-0003-40_41_42_43-1;1;1;1-M3a-0.5IP-Q0.9_002.5sec.fsa,False
D19S433,Y,13.2,118.01,239.0,False,B01_RD14-0003-40_41_42_43-1;1;1;1-M3a-0.5IP-Q0.9_002.5sec.fsa,False
vWA,Y,13,159.86,166.0,False,B01_RD14-0003-40_41_42_43-1;1;1;1-M3a-0.5IP-Q0.9_002.5sec.fsa,False
vWA,Y,15,168.02,141.0,False,B01_RD14-0003-40_41_42_43-1;1;1;1-M3a-0.5IP-Q0.9_002.5sec.fsa,False
vWA,Y,16,172.1,253.0,False,B01_RD14-0003-40_41_42_43-1;1;1;1-M3a-0.5IP-Q0.9_002.5sec.fsa,False
TPOX,Y,8,228.56,865.0,False,B01_RD14-0003-40_41_42_43-1;1;1;1-M3a-0.5IP-Q0.9_002.5sec.fsa,False
D18S51,Y,12,280.83,84.0,False,B01_RD14-0003-40_41_42_43-1;1;1;1-M3a-0.5IP-Q0.9_002.5sec.fsa,False
D18S51,Y,13,284.85,215.0,False,B01_RD14-0003-40_41_42_43-1;1;1;1-M3a-0.5IP-Q0.9_002.5sec.fsa,False
D18S51,Y,15,292.88,67.0,False,B01_RD14-0003-40_41_42_43-1;1;1;1-M3a-0.5IP-Q0.9_002.5sec.fsa,False
AMEL,R,X,104.87,884.0,False,B01_RD14-0003-40_41_42_43-1;1;1;1-M3a-0.5IP-Q0.9_002.5sec.fsa,False
AMEL,R,Y,110.84,372.0,False,B01_RD14-0003-40_41_42_43-1;1;1;1-M3a-0.5IP-Q0.9_002.5sec.fsa,False
D5S818,R,11,148.76,415.0,False,B01_RD14-0003-40_41_42_43-1;1;1;1-M3a-0.5IP-Q0.9_002.5sec.fsa,False
D5S818,R,12,152.91,316.0,False,B01_RD14-0003-40_41_42_43-1;1;1;1-M3a-0.5IP-Q0.9_002.5sec.fsa,False
FGA,R,20,224.96,231.0,False,B01_RD14-0003-40_41_42_43-1;1;1;1-M3a-0.5IP-Q0.9_002.5sec.fsa,False
FGA,R,21,228.97,335.0,False,B01_RD14-0003-40_41_42_43-1;1;1;1-M3a-0.5IP-Q0.9_002.5sec.fsa,False
FGA,R,22,233.13,185.0,False,B01_RD14-0003-40_41_42_43-1;1;1;1-M3a-0.5IP-Q0.9_002.5sec.fsa,False
FGA,R,26,249.51,76.0,False,B01_RD14-0003-40_41_42_43-1;1;1;1-M3a-0.5IP-Q0.9_002.5sec.fsa,True
D8S1179,B,11,133.48,76.0,False,B02_RD14-0003-40_41_42_43-1;1;1;1-M2e-0.5IP-Q3.2_002.5sec.fsa,False
D8S1179,B,12,137.51,100.0,False,B02_RD14-0003-40_41_42_43-1;1;1;1-M2e-0.5IP-Q3.2_002.5sec.fsa,False
D7S820,B,11,274.04,105.0,False,B02_RD14-0003-40_41_42_43-1;1;1;1-M2e-0.5IP-Q3.2_002.5sec.fsa,False
D3S1358,G,15,122.17,470.0,False,B02_RD14-0003-40_41_42_43-1;1;1;1-M2e-0.5IP-Q3.2_002.5sec.fsa,False
TH01,G,7,172.59,181.0,False,B02_RD14-0003-40_41_42_43-1;1;1;1-M2e-0.5IP-Q3.2_002.5sec.fsa,False
TH01,G,8,176.64,153.0,False,B02_RD14-0003-40_41_42_43-1;1;1;1-M2e-0.5IP-Q3.2_002.5sec.fsa,False
D13S317,G,11,227.18,69.0,False,B02_RD14-0003-40_41_42_43-1;1;1;1-M2e-0.5IP-Q3.2_002.5sec.fsa,False
D13S317,G,12,231.21,167.0,False,B02_RD14-0003-40_41_42_43-1;1;1;1-M2e-0.5IP-Q3.2_002.5sec.fsa,False
D13S317,G,13,235.25,81.0,False,B02_RD14-0003-40_41_42_43-1;1;1;1-M2e-0.5IP-Q3.2_002.5sec.fsa,False
D16S539,G,9,267.24,77.0,False,B02_RD14-0003-40_41_42_43-1;1;1;1-M2e-0.5IP-Q3.2_002.5sec.fsa,False
D19S433,Y,11,108.08,95.0,False,B02_RD14-0003-40_41_42_43-1;1;1;1-M2e-0.5IP-Q3.2_002.5sec.fsa,False
vWA,Y,17,176.18,80.0,False,B02_RD14-0003-40_41_42_43-1;1;1;1-M2e-0.5IP-Q3.2_002.5sec.fsa,False
TPOX,Y,8,228.65,203.0,False,B02_RD14-0003-40_41_42_43-1;1;1;1-M2e-0.5IP-Q3.2_002.5sec.fsa,False
AMEL,R,X,104.88,508.0,False,B02_RD14-0003-40_41_42_43-1;1;1;1-M2e-0.5IP-Q3.2_002.5sec.fsa,False
AMEL,R,Y,110.83,215.0,False,B02_RD14-0003-40_41_42_43-1;1;1;1-M2e-0.5IP-Q3.2_002.5sec.fsa,False
D5S818,R,11,148.81,183.0,False,B02_RD14-0003-40_41_42_43-1;1;1;1-M2e-0.5IP-Q3.2_002.5sec.fsa,False
FGA,R,21,229.04,58.0,False,B02_RD14-0003-40_41_42_43-1;1;1;1-M2e-0.5IP-Q3.2_002.5sec.fsa,False
D8S1179,B,11,133.41,154.0,False,C01_RD14-0003-40_41_42_43-1;1;1;1-M3a-0.252IP-Q0.9_003.5sec.fsa,False
D8S1179,B,12,137.5,118.0,False,C01_RD14-0003-40_41_42_43-1;1;1;1-M3a-0.252IP-Q0.9_003.5sec.fsa,False
D8S1179,B,13,141.72,181.0,False,C01_RD14-0003-40_41_42_43-1;1;1;1-M3a-0.252IP-Q0.9_003.5sec.fsa,False
D8S1179,B,14,145.92,142.0,False,C01_RD14-0003-40_41_42_43-1;1;1;1-M3a-0.252IP-Q0.9_003.5sec.fsa,False
D21S11,B,27,194.33,75.0,False,C01_RD14-0003-40_41_42_43-1;1;1;1-M3a-0.252IP-Q0.9_003.5sec.fsa,False
D21S11,B,28,198.34,141.0,False,C01_RD14-0003-40_41_42_43-1;1;1;1-M3a-0.252IP-Q0.9_003.5sec.fsa,False
D21S11,B,29,202.37,68.0,False,C01_RD14-0003-40_41_42_43-1;1;1;1-M3a-0.252IP-Q0.9_003.5sec.fsa,False
D21S11,B,30,206.37,82.0,False,C01_RD14-0003-40_41_42_43-1;1;1;1-M3a-0.252IP-Q0.9_003.5sec.fsa,False
D7S820,B,8,261.86,105.0,False,C01_RD14-0003-40_41_42_43-1;1;1;1-M3a-0.252IP-Q0.9_003.5sec.fsa,False
D7S820,B,9,265.95,95.0,False,C01_RD14-0003-40_41_42_43-1;1;1;1-M3a-0.252IP-Q0.9_003.5sec.fsa,False
D7S820,B,11,273.86,331.0,False,C01_RD14-0003-40_41_42_43-1;1;1;1-M3a-0.252IP-Q0.9_003.5sec.fsa,False
CSF1PO,B,10,318.59,125.0,False,C01_RD14-0003-40_41_42_43-1;1;1;1-M3a-0.252IP-Q0.9_003.5sec.fsa,False
CSF1PO,B,12,326.66,470.0,False,C01_RD14-0003-40_41_42_43-1;1;1;1-M3a-0.252IP-Q0.9_003.5sec.fsa,False
D3S1358,G,15,122.16,480.0,False,C01_RD14-0003-40_41_42_43-1;1;1;1-M3a-0.252IP-Q0.9_003.5sec.fsa,False
D3S1358,G,16,126.17,227.0,False,C01_RD14-0003-40_41_42_43-1;1;1;1-M3a-0.252IP-Q0.9_003.5sec.fsa,False
D3S1358,G,17,130.21,206.0,False,C01_RD14-0003-40_41_42_43-1;1;1;1-M3a-0.252IP-Q0.9_003.5sec.fsa,False
TH01,G,7,172.35,164.0,False,C01_RD14-0003-40_41_42_43-1;1;1;1-M3a-0.252IP-Q0.9_003.5sec.fsa,False
TH01,G,8,176.38,168.0,False,C01_RD14-0003-40_41_42_43-1;1;1;1-M3a-0.252IP-Q0.9_003.5sec.fsa,False
TH01,G,9,180.49,217.0,False,C01_RD14-0003-40_41_42_43-1;1;1;1-M3a-0.252IP-Q0.9_003.5sec.fsa,False
TH01,G,9.3,183.6,326.0,False,C01_RD14-0003-40_41_42_43-1;1;1;1-M3a-0.252IP-Q0.9_003.5sec.fsa,False
D13S317,G,11,227.17,185.0,False,C01_RD14-0003-40_41_42_43-1;1;1;1-M3a-0.252IP-Q0.9_003.5sec.fsa,False
D13S317,G,12,231.26,766.0,False,C01_RD14-0003-40_41_42_43-1;1;1;1-M3a-0.252IP-Q0.9_003.5sec.fsa,False
D13S317,G,13,235.21,141.0,False,C01_RD14-0003-40_41_42_43-1;1;1;1-M3a-0.252IP-Q0.9_003.5sec.fsa,False
D16S539,G,9,267.19,195.0,False,C01_RD14-0003-40_41_42_43-1;1;1;1-M3a-0.252IP-Q0.9_003.5sec.fsa,False
D16S539,G,10,271.08,113.0,False,C01_RD14-0003-40_41_42_43-1;1;1;1-M3a-0.252IP-Q0.9_003.5sec.fsa,False
D16S539,G,11,275.12,142.0,False,C01_RD14-0003-40_41_42_43-1;1;1;1-M3a-0.252IP-Q0.9_003.5sec.fsa,False
D2S1338,G,19,320.73,155.0,False,C01_RD14-0003-40_41_42_43-1;1;1;1-M3a-0.252IP-Q0.9_003.5sec.fsa,False
D2S1338,G,20,324.78,71.0,False,C01_RD14-0003-40_41_42_43-1;1;1;1-M3a-0.252IP-Q0.9_003.5sec.fsa,False
D2S1338,G,22,332.84,397.0,False,C01_RD14-0003-40_41_42_43-1;1;1;1-M3a-0.252IP-Q0.9_003.5sec.fsa,False
D19S433,Y,11,107.85,75.0,False,C01_RD14-0003-40_41_42_43-1;1;1;1-M3a-0.252IP-Q0.9_003.5sec.fsa,False
D19S433,Y,13,116.03,185.0,False,C01_RD14-0003-40_41_42_43-1;1;1;1-M3a-0.252IP-Q0.9_003.5sec.fsa,False
vWA,Y,13,159.86,90.0,False,C01_RD14-0003-40_41_42_43-1;1;1;1-M3a-0.252IP-Q0.9_003.5sec.fsa,False
vWA,Y,15,167.99,66.0,False,C01_RD14-0003-40_41_42_43-1;1;1;1-M3a-0.252IP-Q0.9_003.5sec.fsa,False
vWA,Y,16,172.08,148.0,False,C01_RD14-0003-40_41_42_43-1;1;1;1-M3a-0.252IP-Q0.9_003.5sec.fsa,False
TPOX,Y,8,228.56,276.0,False,C01_RD14-0003-40_41_42_43-1;1;1;1-M3a-0.252IP-Q0.9_003.5sec.fsa,False
TPOX,Y,10,236.53,156.0,False,C01_RD14-0003-40_41_42_43-1;1;1;1-M3a-0.252IP-Q0.9_003.5sec.fsa,False
D18S51,Y,12,280.83,57.0,False,C01_RD14-0003-40_41_42_43-1;1;1;1-M3a-0.252IP-Q0.9_003.5sec.fsa,False
AMEL,R,X,104.86,509.0,False,C01_RD14-0003-40_41_42_43-1;1;1;1-M3a-0.252IP-Q0.9_003.5sec.fsa,False
AMEL,R,Y,110.77,270.0,False,C01_RD14-0003-40_41_42_43-1;1;1;1-M3a-0.252IP-Q0.9_003.5sec.fsa,False
D5S818,R,11,148.76,330.0,False,C01_RD14-0003-40_41_42_43-1;1;1;1-M3a-0.252IP-Q0.9_003.5sec.fsa,False
D5S818,R,12,152.84,263.0,False,C01_RD14-0003-40_41_42_43-1;1;1;1-M3a-0.252IP-Q0.9_003.5sec.fsa,False
D5S818,R,13,157.01,181.0,False,C01_RD14-0003-40_41_42_43-1;1;1;1-M3a-0.252IP-Q0.9_003.5sec.fsa,False
FGA,R,20,224.89,122.0,False,C01_RD14-0003-40_41_42_43-1;1;1;1-M3a-0.252IP-Q0.9_003.5sec.fsa,False
FGA,R,21,229.04,145.0,False,C01_RD14-0003-40_41_42_43-1;1;1;1-M3a-0.252IP-Q0.9_003.5sec.fsa,False
FGA,R,22,232.99,60.0,False,C01_RD14-0003-40_41_42_43-1;1;1;1-M3a-0.252IP-Q0.9_003.5sec.fsa,False
D3S1358,G,15,122.31,180.0,False,C02_RD14-0003-40_41_42_43-1;1;1;1-M2e-0.252IP-Q3.2_003.5sec.fsa,False
D3S1358,G,16,126.08,100.0,False,C02_RD14-0003-40_41_42_43-1;1;1;1-M2e-0.252IP-Q3.2_003.5sec.fsa,False
TH01,G,7,172.46,66.0,False,C02_RD14-0003-40_41_42_43-1;1;1;1-M2e-0.252IP-Q3.2_003.5sec.fsa,False
TH01,G,9.3,183.81,89.0,False,C02_RD14-0003-40_41_42_43-1;1;1;1-M2e-0.252IP-Q3.2_003.5sec.fsa,False
D13S317,G,12,231.26,53.0,False,C02_RD14-0003-40_41_42_43-1;1;1;1-M2e-0.252IP-Q3.2_003.5sec.fsa,False
D16S539,G,10,271.21,63.0,False,C02_RD14-0003-40_41_42_43-1;1;1;1-M2e-0.252IP-Q3.2_003.5sec.fsa,False
D19S433,Y,13,116.22,116.0,False,C02_RD14-0003-40_41_42_43-1;1;1;1-M2e-0.252IP-Q3.2_003.5sec.fsa,False
D19S433,Y,13.2,118.15,56.0,False,C02_RD14-0003-40_41_42_43-1;1;1;1-M2e-0.252IP-Q3.2_003.5sec.fsa,False
D19S433,Y,14,120.07,107.0,False,C02_RD14-0003-40_41_42_43-1;1;1;1-M2e-0.252IP-Q3.2_003.5sec.fsa,False
TPOX,Y,8,228.71,59.0,False,C02_RD14-0003-40_41_42_43-1;1;1;1-M2e-0.252IP-Q3.2_003.5sec.fsa,False
AMEL,R,X,104.87,284.0,False,C02_RD14-0003-40_41_42_43-1;1;1;1-M2e-0.252IP-Q3.2_003.5sec.fsa,False
AMEL,R,Y,110.82,133.0,False,C02_RD14-0003-40_41_42_43-1;1;1;1-M2e-0.252IP-Q3.2_003.5sec.fsa,False
D5S818,R,11,148.77,221.0,False,C02_RD14-0003-40_41_42_43-1;1;1;1-M2e-0.252IP-Q3.2_003.5sec.fsa,False
FGA,R,21,229.02,70.0,False,C02_RD14-0003-40_41_42_43-1;1;1;1-M2e-0.252IP-Q3.2_003.5sec.fsa,False
D8S1179,B,11,133.48,136.0,False,D01_RD14-0003-40_41_42_43-1;1;1;1-M3a-0.124IP-Q0.9_004.5sec.fsa,False
D8S1179,B,12,137.5,79.0,False,D01_RD14-0003-40_41_42_43-1;1;1;1-M3a-0.124IP-Q0.9_004.5sec.fsa,False
D8S1179,B,13,141.77,68.0,False,D01_RD14-0003-40_41_42_43-1;1;1;1-M3a-0.124IP-Q0.9_004.5sec.fsa,False
D8S1179,B,14,145.93,172.0,False,D01_RD14-0003-40_41_42_43-1;1;1;1-M3a-0.124IP-Q0.9_004.5sec.fsa,False
D21S11,B,29,202.39,226.0,False,D01_RD14-0003-40_41_42_43-1;1;1;1-M3a-0.124IP-Q0.9_004.5sec.fsa,False
D7S820,B,8,261.85,58.0,False,D01_RD14-0003-40_41_42_43-1;1;1;1-M3a-0.124IP-Q0.9_004.5sec.fsa,False
D7S820,B,9,265.9,82.0,False,D01_RD14-0003-40_41_42_43-1;1;1;1-M3a-0.124IP-Q0.9_004.5sec.fsa,False
D7S820,B,11,273.83,173.0,False,D01_RD14-0003-40_41_42_43-1;1;1;1-M3a-0.124IP-Q0.9_004.5sec.fsa,False
CSF1PO,B,10,318.53,227.0,False,D01_RD14-0003-40_41_42_43-1;1;1;1-M3a-0.124IP-Q0.9_004.5sec.fsa,False
TH01,G,7,172.33,239.0,False,D01_RD14-0003-40_41_42_43-1;1;1;1-M3a-0.124IP-Q0.9_004.5sec.fsa,False
TH01,G,8,176.4,271.0,False,D01_RD14-0003-40_41_42_43-1;1;1;1-M3a-0.124IP-Q0.9_004.5sec.fsa,False
D13S317,G,11,227.18,186.0,False,D01_RD14-0003-40_41_42_43-1;1;1;1-M3a-0.124IP-Q0.9_004.5sec.fsa,False
D13S317,G,12,231.22,379.0,False,D01_RD14-0003-40_41_42_43-1;1;1;1-M3a-0.124IP-Q0.9_004.5sec.fsa,False
D16S539,G,9,267.13,291.0,False,D01_RD14-0003-40_41_42_43-1;1;1;1-M3a-0.124IP-Q0.9_004.5sec.fsa,False
D16S539,G,10,271.06,308.0,False,D01_RD14-0003-40_41_42_43-1;1;1;1-M3a-0.124IP-Q0.9_004.5sec.fsa,False
D16S539,G,11,275.07,86.0,False,D01_RD14-0003-40_41_42_43-1;1;1;1-M3a-0.124IP-Q0.9_004.5sec.fsa,False
D2S1338,G,19,320.72,139.0,False,D01_RD14-0003-40_41_42_43-1;1;1;1-M3a-0.124IP-Q0.9_004.5sec.fsa,False
D19S433,Y,13,115.98,103.0,False,D01_RD14-0003-40_41_42_43-1;1;1;1-M3a-0.124IP-Q0.9_004.5sec.fsa,False
D19S433,Y,13.2,117.96,72.0,False,D01_RD14-0003-40_41_42_43-1;1;1;1-M3a-0.124IP-Q0.9_004.5sec.fsa,False
D19S433,Y,14,119.87,184.0,False,D01_RD14-0003-40_41_42_43-1;1;1;1-M3a-0.124IP-Q0.9_004.5sec.fsa,False
vWA,Y,13,159.86,91.0,False,D01_RD14-0003-40_41_42_43-1;1;1;1-M3a-0.124IP-Q0.9_004.5sec.fsa,False
vWA,Y,16,172.13,67.0,False,D01_RD14-0003-40_41_42_43-1;1;1;1-M3a-0.124IP-Q0.9_004.5sec.fsa,False
TPOX,Y,8,228.55,526.0,False,D01_RD14-0003-40_41_42_43-1;1;1;1-M3a-0.124IP-Q0.9_004.5sec.fsa,False
TPOX,Y,10,236.5,81.0,False,D01_RD14-0003-40_41_42_43-1;1;1;1-M3a-0.124IP-Q0.9_004.5sec.fsa,False
D18S51,Y,12,280.76,54.0,False,D01_RD14-0003-40_41_42_43-1;1;1;1-M3a-0.124IP-Q0.9_004.5sec.fsa,False
D18S51,Y,13,284.88,119.0,False,D01_RD14-0003-40_41_42_43-1;1;1;1-M3a-0.124IP-Q0.9_004.5sec.fsa,False
AMEL,R,X,104.97,268.0,False,D01_RD14-0003-40_41_42_43-1;1;1;1-M3a-0.124IP-Q0.9_004.5sec.fsa,False
AMEL,R,Y,110.81,97.0,False,D01_RD14-0003-40_41_42_43-1;1;1;1-M3a-0.124IP-Q0.9_004.5sec.fsa,False
FGA,R,20,224.99,80.0,False,D01_RD14-0003-40_41_42_43-1;1;1;1-M3a-0.124IP-Q0.9_004.5sec.fsa,False
D8S1179,B,14,145.92,60.0,False,D02_RD14-0003-40_41_42_43-1;1;1;1-M2e-0.124IP-Q3.2_004.5sec.fsa,False
D3S1358,G,15,122.3,111.0,False,D02_RD14-0003-40_41_42_43-1;1;1;1-M2e-0.124IP-Q3.2_004.5sec.fsa,False
D3S1358,G,16,126.12,112.0,False,D02_RD14-0003-40_41_42_43-1;1;1;1-M2e-0.124IP-Q3.2_004.5sec.fsa,False
TH01,G,8,176.6,59.0,False,D02_RD14-0003-40_41_42_43-1;1;1;1-M2e-0.124IP-Q3.2_004.5sec.fsa,False
vWA,Y,16,172.14,65.0,False,D02_RD14-0003-40_41_42_43-1;1;1;1-M2e-0.124IP-Q3.2_004.5sec.fsa,False
AMEL,R,X,104.89,190.0,False,D02_RD14-0003-40_41_42_43-1;1;1;1-M2e-0.124IP-Q3.2_004.5sec.fsa,False
AMEL,R,Y,110.78,62.0,False,D02_RD14-0003-40_41_42_43-1;1;1;1-M2e-0.124IP-Q3.2_004.5sec.fsa,False
D5S818,R,11,148.74,81.0,False,D02_RD14-0003-40_41_42_43-1;1;1;1-M2e-0.124IP-Q3.2_004.5sec.fsa,False
D5S818,R,12,152.86,57.0,False,D02_RD14-0003-40_41_42_43-1;1;1;1-M2e-0.124IP-Q3.2_004.5sec.fsa,False
D8S1179,B,11,133.4,57.0,False,E01_RD14-0003-40_41_42_43-1;1;1;1-M4a-0.06IP-Q0.7_001.5sec.fsa,False
D8S1179,B,13,141.7,120.0,False,E01_RD14-0003-40_41_42_43-1;1;1;1-M4a-0.06IP-Q0.7_001.5sec.fsa,False
D3S1358,G,15,122.17,134.0,False,E01_RD14-0003-40_41_42_43-1;1;1;1-M4a-0.06IP-Q0.7_001.5sec.fsa,False
D3S1358,G,16,126.04,67.0,False,E01_RD14-0003-40_41_42_43-1;1;1;1-M4a-0.06IP-Q0.7_001.5sec.fsa,False
TH01,G,7,172.49,65.0,False,E01_RD14-0003-40_41_42_43-1;1;1;1-M4a-0.06IP-Q0.7_001.5sec.fsa,False
TH01,G,8,176.47,82.0,False,E01_RD14-0003-40_41_42_43-1;1;1;1-M4a-0.06IP-Q0.7_001.5sec.fsa,False
D13S317,G,11,227.21,52.0,False,E01_RD14-0003-40_41_42_43-1;1;1;1-M4a-0.06IP-Q0.7_001.5sec.fsa,False
D13S317,G,12,231.22,303.0,False,E01_RD14-0003-40_41_42_43-1;1;1;1-M4a-0.06IP-Q0.7_001.5sec.fsa,False
D16S539,G,10,271.21,95.0,False,E01_RD14-0003-40_41_42_43-1;1;1;1-M4a-0.06IP-Q0.7_001.5sec.fsa,False
D16S539,G,11,275.27,97.0,False,E01_RD14-0003-40_41_42_43-1;1;1;1-M4a-0.06IP-Q0.7_001.5sec.fsa,False
D19S433,Y,14,120.0,60.0,False,E01_RD14-0003-40_41_42_43-1;1;1;1-M4a-0.06IP-Q0.7_001.5sec.fsa,False
vWA,Y,13,159.93,70.0,False,E01_RD14-0003-40_41_42_43-1;1;1;1-M4a-0.06IP-Q0.7_001.5sec.fsa,False
TPOX,Y,8,228.62,167.0,False,E01_RD14-0003-40_41_42_43-1;1;1;1-M4a-0.06IP-Q0.7_001.5sec.fsa,False
D18S51,Y,18,304.95,54.0,False,E01_RD14-0003-40_41_42_43-1;1;1;1-M4a-0.06IP-Q0.7_001.5sec.fsa,False
AMEL,R,X,104.88,115.0,False,E01_RD14-0003-40_41_42_43-1;1;1;1-M4a-0.06IP-Q0.7_001.5sec.fsa,False
D5S818,R,11,148.74,58.0,False,E01_RD14-0003-40_41_42_43-1;1;1;1-M4a-0.06IP-Q0.7_001.5sec.fsa,False
D5S818,R,12,152.9,107.0,False,E01_RD14-0003-40_41_42_43-1;1;1;1-M4a-0.06IP-Q0.7_001.5sec.fsa,False
FGA,R,21,228.99,56.0,False,E01_RD14-0003-40_41_42_43-1;1;1;1-M4a-0.06IP-Q0.7_001.5sec.fsa,False
D3S1358,G,15,122.1,71.0,False,E02_RD14-0003-40_41_42_43-1;1;1;1-M4e-0.06IP-Q5.6_001.5sec.fsa,False
D19S433,Y,13,116.08,72.0,False,E02_RD14-0003-40_41_42_43-1;1;1;1-M4e-0.06IP-Q5.6_001.5sec.fsa,False
D8S1179,B,11,133.73,116.0,False,A06_RD14-0003-30_31_32_33_34-1;1;1;1;1-M1S30-0.315IP-Q2.4_001.5sec.fsa,False
D8S1179,B,12,137.85,175.0,False,A06_RD14-0003-30_31_32_33_34-1;1;1;1;1-M1S30-0.315IP-Q2.4_001.5sec.fsa,False
D8S1179,B,13,142.02,205.0,False,A06_RD14-0003-30_31_32_33_34-1;1;1;1;1-M1S30-0.315IP-Q2.4_001.5sec.fsa,False
D21S11,B,29,202.68,71.0,False,A06_RD14-0003-30_31_32_33_34-1;1;1;1;1-M1S30-0.315IP-Q2.4_001.5sec.fsa,False
D3S1358,G,15,122.3,531.0,False,A06_RD14-0003-30_31_32_33_34-1;1;1;1;1-M1S30-0.315IP-Q2.4_001.5sec.fsa,False
TH01,G,6,168.63,55.0,False,A06_RD14-0003-30_31_32_33_34-1;1;1;1;1-M1S30-0.315IP-Q2.4_001.5sec.fsa,False
TH01,G,7,172.72,139.0,False,A06_RD14-0003-30_31_32_33_34-1;1;1;1;1-M1S30-0.315IP-Q2.4_001.5sec.fsa,False
TH01,G,8,176.72,51.0,False,A06_RD14-0003-30_31_32_33_34-1;1;1;1;1-M1S30-0.315IP-Q2.4_001.5sec.fsa,False
D13S317,G,11,227.17,78.0,False,A06_RD14-0003-30_31_32_33_34-1;1;1;1;1-M1S30-0.315IP-Q2.4_001.5sec.fsa,False
D13S317,G,12,231.18,82.0,False,A06_RD14-0003-30_31_32_33_34-1;1;1;1;1-M1S30-0.315IP-Q2.4_001.5sec.fsa,False
D19S433,Y,11,108.13,112.0,False,A06_RD14-0003-30_31_32_33_34-1;1;1;1;1-M1S30-0.315IP-Q2.4_001.5sec.fsa,False
D19S433,Y,12,112.2,84.0,False,A06_RD14-0003-30_31_32_33_34-1;1;1;1;1-M1S30-0.315IP-Q2.4_001.5sec.fsa,False
D19S433,Y,12.2,114.3,89.0,False,A06_RD14-0003-30_31_32_33_34-1;1;1;1;1-M1S30-0.315IP-Q2.4_001.5sec.fsa,True
D19S433,Y,13,116.28,261.0,False,A06_RD14-0003-30_31_32_33_34-1;1;1;1;1-M1S30-0.315IP-Q2.4_001.5sec.fsa,False
vWA,Y,15,168.14,71.0,False,A06_RD14-0003-30_31_32_33_34-1;1;1;1;1-M1S30-0.315IP-Q2.4_001.5sec.fsa,False
vWA,Y,16,172.23,77.0,False,A06_RD14-0003-30_31_32_33_34-1;1;1;1;1-M1S30-0.315IP-Q2.4_001.5sec.fsa,False
AMEL,R,X,104.98,495.0,False,A06_RD14-0003-30_31_32_33_34-1;1;1;1;1-M1S30-0.315IP-Q2.4_001.5sec.fsa,False
AMEL,R,Y,110.87,466.0,False,A06_RD14-0003-30_31_32_33_34-1;1;1;1;1-M1S30-0.315IP-Q2.4_001.5sec.fsa,False
D5S818,R,10,144.78,75.0,False,A06_RD14-0003-30_31_32_33_34-1;1;1;1;1-M1S30-0.315IP-Q2.4_001.5sec.fsa,False
D5S818,R,11,148.84,115.0,False,A06_RD14-0003-30_31_32_33_34-1;1;1;1;1-M1S30-0.315IP-Q2.4_001.5sec.fsa,False
D5S818,R,12,153.01,84.0,False,A06_RD14-0003-30_31_32_33_34-1;1;1;1;1-M1S30-0.315IP-Q2.4_001.5sec.fsa,False
D5S818,R,13,157.12,55.0,False,A06_RD14-0003-30_31_32_33_34-1;1;1;1;1-M1S30-0.315IP-Q2.4_001.5sec.fsa,False
D8S1179,B,13,142.02,78.0,False,B06_RD14-0003-30_31_32_33_34-1;1;1;1;1-M2S30-0.155IP-Q2.9_002.5sec.fsa,False
TH01,G,7,172.61,52.0,False,B06_RD14-0003-30_31_32_33_34-1;1;1;1;1-M2S30-0.155IP-Q2.9_002.5sec.fsa,False
TH01,G,9,180.75,51.0,False,B06_RD14-0003-30_31_32_33_34-1;1;1;1;1-M2S30-0.155IP-Q2.9_002.5sec.fsa,False
AMEL,R,X,104.95,190.0,False,B06_RD14-0003-30_31_32_33_34-1;1;1;1;1-M2S30-0.155IP-Q2.9_002.5sec.fsa,False
AMEL,R,Y,110.89,182.0,False,B06_RD14-0003-30_31_32_33_34-1;1;1;1;1-M2S30-0.155IP-Q2.9_002.5sec.fsa,False
D8S1179,B,13,141.94,50.0,False,C06_RD14-0003-30_31_32_33_34-1;1;1;1;1-M2S30-0.075IP-Q2.9_003.5sec.fsa,False
AMEL,R,Y,110.81,87.0,False,C06_RD14-0003-30_31_32_33_34-1;1;1;1;1-M2S30-0.075IP-Q2.9_003.5sec.fsa,False
D8S1179,B,11,133.72,311.0,False,H05_RD14-0003-30_31_32_33_34-1;1;1;1;1-M1S30-0.625IP-Q2.4_004.5sec.fsa,False
D8S1179,B,12,137.82,537.0,False,H05_RD14-0003-30_31_32_33_34-1;1;1;1;1-M1S30-0.625IP-Q2.4_004.5sec.fsa,False
D8S1179,B,13,141.97,444.0,False,H05_RD14-0003-30_31_32_33_34-1;1;1;1;1-M1S30-0.625IP-Q2.4_004.5sec.fsa,False
D8S1179,B,14,146.17,119.0,False,H05_RD14-0003-30_31_32_33_34-1;1;1;1;1-M1S30-0.625IP-Q2.4_004.5sec.fsa,False
D21S11,B,28,198.62,53.0,False,H05_RD14-0003-30_31_32_33_34-1;1;1;1;1-M1S30-0.625IP-Q2.4_004.5sec.fsa,False
D21S11,B,29,202.7,194.0,False,H05_RD14-0003-30_31_32_33_34-1;1;1;1;1-M1S30-0.625IP-Q2.4_004.5sec.fsa,False
CSF1PO,B,12,326.88,64.0,False,H05_RD14-0003-30_31_32_33_34-1;1;1;1;1-M1S30-0.625IP-Q2.4_004.5sec.fsa,False
D3S1358,G,14,118.22,81.0,False,H05_RD14-0003-30_31_32_33_34-1;1;1;1;1-M1S30-0.625IP-Q2.4_004.5sec.fsa,False
D3S1358,G,15,122.25,994.0,False,H05_RD14-0003-30_31_32_33_34-1;1;1;1;1-M1S30-0.625IP-Q2.4_004.5sec.fsa,False
D3S1358,G,16,126.39,279.0,False,H05_RD14-0003-30_31_32_33_34-1;1;1;1;1-M1S30-0.625IP-Q2.4_004.5sec.fsa,False
D3S1358,G,17,130.35,119.0,False,H05_RD14-0003-30_31_32_33_34-1;1;1;1;1-M1S30-0.625IP-Q2.4_004.5sec.fsa,False
D3S1358,G,18,134.49,66.0,False,H05_RD14-0003-30_31_32_33_34-1;1;1;1;1-M1S30-0.625IP-Q2.4_004.5sec.fsa,False
TH01,G,6,168.55,227.0,False,H05_RD14-0003-30_31_32_33_34-1;1;1;1;1-M1S30-0.625IP-Q2.4_004.5sec.fsa,False
TH01,G,7,172.6,269.0,False,H05_RD14-0003-30_31_32_33_34-1;1;1;1;1-M1S30-0.625IP-Q2.4_004.5sec.fsa,False
TH01,G,8,176.66,75.0,False,H05_RD14-0003-30_31_32_33_34-1;1;1;1;1-M1S30-0.625IP-Q2.4_004.5sec.fsa,False
TH01,G,9,180.73,272.0,False,H05_RD14-0003-30_31_32_33_34-1;1;1;1;1-M1S30-0.625IP-Q2.4_004.5sec.fsa,False
D16S539,G,8,263.26,56.0,False,H05_RD14-0003-30_31_32_33_34-1;1;1;1;1-M1S30-0.625IP-Q2.4_004.5sec.fsa,False
D16S539,G,10,271.28,52.0,False,H05_RD14-0003-30_31_32_33_34-1;1;1;1;1-M1S30-0.625IP-Q2.4_004.5sec.fsa,False
D16S539,G,11,275.22,74.0,False,H05_RD14-0003-30_31_32_33_34-1;1;1;1;1-M1S30-0.625IP-Q2.4_004.5sec.fsa,False
D19S433,Y,11,108.14,208.0,False,H05_RD14-0003-30_31_32_33_34-1;1;1;1;1-M1S30-0.625IP-Q2.4_004.5sec.fsa,False
D19S433,Y,12,112.18,142.0,False,H05_RD14-0003-30_31_32_33_34-1;1;1;1;1-M1S30-0.625IP-Q2.4_004.5sec.fsa,False
vWA,Y,15,168.16,141.0,False,H05_RD14-0003-30_31_32_33_34-1;1;1;1;1-M1S30-0.625IP-Q2.4_004.5sec.fsa,False
vWA,Y,16,172.12,124.0,False,H05_RD14-0003-30_31_32_33_34-1;1;1;1;1-M1S30-0.625IP-Q2.4_004.5sec.fsa,False
vWA,Y,17,176.26,146.0,False,H05_RD14-0003-30_31_32_33_34-1;1;1;1;1-M1S30-0.625IP-Q2.4_004.5sec.fsa,False
vWA,Y,18,180.32,255.0,False,H05_RD14-0003-30_31_32_33_34-1;1;1;1;1-M1S30-0.625IP-Q2.4_004.5sec.fsa,False
TPOX,Y,8,228.73,79.0,False,H05_RD14-0003-30_31_32_33_34-1;1;1;1;1-M1S30-0.625IP-Q2.4_004.5sec.fsa,False
TPOX,Y,11,240.75,63.0,False,H05_RD14-0003-30_31_32_33_34-1;1;1;1;1-M1S30-0.625IP-Q2.4_004.5sec.fsa,False
AMEL,R,X,105.0,817.0,False,H05_RD14-0003-30_31_32_33_34-1;1;1;1;1-M1S30-0.625IP-Q2.4_004.5sec.fsa,False
AMEL,R,Y,110.88,683.0,False,H05_RD14-0003-30_31_32_33_34-1;1;1;1;1-M1S30-0.625IP-Q2.4_004.5sec.fsa,False
D5S818,R,10,144.75,249.0,False,H05_RD14-0003-30_31_32_33_34-1;1;1;1;1-M1S30-0.625IP-Q2.4_004.5sec.fsa,False
D5S818,R,11,148.88,261.0,False,H05_RD14-0003-30_31_32_33_34-1;1;1;1;1-M1S30-0.625IP-Q2.4_004.5sec.fsa,False
D5S818,R,12,153.02,180.0,False,H05_RD14-0003-30_31_32_33_34-1;1;1;1;1-M1S30-0.625IP-Q2.4_004.5sec.fsa,False
D5S818,R,13,157.11,232.0,False,H05_RD14-0003-30_31_32_33_34-1;1;1;1;1-M1S30-0.625IP-Q2.4_004.5sec.fsa,False
D8S1179,B,13,141.72,61.0,False,A07_RD14-0003-30_31_32_33_34-1;1;1;1;1-M2d-0.075IP-Q2.8_001.5sec.fsa,False
D21S11,B,29,202.47,53.0,False,A07_RD14-0003-30_31_32_33_34-1;1;1;1;1-M2d-0.075IP-Q2.8_001.5sec.fsa,False
D3S1358,G,15,122.1,180.0,False,A07_RD14-0003-30_31_32_33_34-1;1;1;1;1-M2d-0.075IP-Q2.8_001.5sec.fsa,False
TH01,G,7,172.41,51.0,False,A07_RD14-0003-30_31_32_33_34-1;1;1;1;1-M2d-0.075IP-Q2.8_001.5sec.fsa,False
TH01,G,9,180.54,62.0,False,A07_RD14-0003-30_31_32_33_34-1;1;1;1;1-M2d-0.075IP-Q2.8_001.5sec.fsa,False
D19S433,Y,12,112.07,54.0,False,A07_RD14-0003-30_31_32_33_34-1;1;1;1;1-M2d-0.075IP-Q2.8_001.5sec.fsa,False
D19S433,Y,13,116.07,83.0,False,A07_RD14-0003-30_31_32_33_34-1;1;1;1;1-M2d-0.075IP-Q2.8_001.5sec.fsa,False
AMEL,R,X,104.87,56.0,False,A07_RD14-0003-30_31_32_33_34-1;1;1;1;1-M2d-0.075IP-Q2.8_001.5sec.fsa,False
AMEL,R,Y,110.78,70.0,False,A07_RD14-0003-30_31_32_33_34-1;1;1;1;1-M2d-0.075IP-Q2.8_001.5sec.fsa,False
D5S818,R,10,144.64,63.0,False,A07_RD14-0003-30_31_32_33_34-1;1;1;1;1-M2d-0.075IP-Q2.8_001.5sec.fsa,False
D8S1179,B,11,133.49,482.0,False,B06_RD14-0003-30_31_32_33_34-1;1;1;1;1-M2a-0.625IP-Q0.7_002.5sec.fsa,False
D8S1179,B,12,137.64,627.0,False,B06_RD14-0003-30_31_32_33_34-1;1;1;1;1-M2a-0.625IP-Q0.7_002.5sec.fsa,False
D8S1179,B,13,141.76,451.0,False,B06_RD14-0003-30_31_32_33_34-1;1;1;1;1-M2a-0.625IP-Q0.7_002.5sec.fsa,False
D8S1179,B,14,145.93,282.0,False,B06_RD14-0003-30_31_32_33_34-1;1;1;1;1-M2a-0.625IP-Q0.7_002.5sec.fsa,False
D21S11,B,28,198.61,330.0,False,B06_RD14-0003-30_31_32_33_34-1;1;1;1;1-M2a-0.625IP-Q0.7_002.5sec.fsa,False
D21S11,B,29,202.57,470.0,False,B06_RD14-0003-30_31_32_33_34-1;1;1;1;1-M2a-0.625IP-Q0.7_002.5sec.fsa,False
D7S820,B,8,261.9,324.0,False,B06_RD14-0003-30_31_32_33_34-1;1;1;1;1-M2a-0.625IP-Q0.7_002.5sec.fsa,False
D7S820,B,9,265.87,147.0,False,B06_RD14-0003-30_31_32_33_34-1;1;1;1;1-M2a-0.625IP-Q0.7_002.5sec.fsa,False
CSF1PO,B,10,318.83,156.0,False,B06_RD14-0003-30_31_32_33_34-1;1;1;1;1-M2a-0.625IP-Q0.7_002.5sec.fsa,False
CSF1PO,B,11,322.94,446.0,False,B06_RD14-0003-30_31_32_33_34-1;1;1;1;1-M2a-0.625IP-Q0.7_002.5sec.fsa,False
CSF1PO,B,12,326.97,983.0,False,B06_RD14-0003-30_31_32_33_34-1;1;1;1;1-M2a-0.625IP-Q0.7_002.5sec.fsa,False
CSF1PO,B,13,330.98,65.0,False,B06_RD14-0003-30_31_32_33_34-1;1;1;1;1-M2a-0.625IP-Q0.7_002.5sec.fsa,True
D3S1358,G,14,118.13,89.0,False,B06_RD14-0003-30_31_32_33_34-1;1;1;1;1-M2a-0.625IP-Q0.7_002.5sec.fsa,False
D3S1358,G,15,122.12,1242.0,False,B06_RD14-0003-30_31_32_33_34-1;1;1;1;1-M2a-0.625IP-Q0.7_002.5sec.fsa,False
D3S1358,G,16,126.31,583.0,False,B06_RD14-0003-30_31_32_33_34-1;1;1;1;1-M2a-0.625IP-Q0.7_002.5sec.fsa,False
D3S1358,G,17,130.24,220.0,False,B06_RD14-0003-30_31_32_33_34-1;1;1;1;1-M2a-0.625IP-Q0.7_002.5sec.fsa,False
D3S1358,G,18,134.43,241.0,False,B06_RD14-0003-30_31_32_33_34-1;1;1;1;1-M2a-0.625IP-Q0.7_002.5sec.fsa,False
TH01,G,6,168.47,390.0,False,B06_RD14-0003-30_31_32_33_34-1;1;1;1;1-M2a-0.625IP-Q0.7_002.5sec.fsa,False
TH01,G,7,172.55,449.0,False,B06_RD14-0003-30_31_32_33_34-1;1;1;1;1-M2a-0.625IP-Q0.7_002.5sec.fsa,False
TH01,G,8,176.55,401.0,False,B06_RD14-0003-30_31_32_33_34-1;1;1;1;1-M2a-0.625IP-Q0.7_002.5sec.fsa,False
D16S539,G,8,263.3,276.0,False,B06_RD14-0003-30_31_32_33_34-1;1;1;1;1-M2a-0.625IP-Q0.7_002.5sec.fsa,False
D16S539,G,10,271.25,303.0,False,B06_RD14-0003-30_31_32_33_34-1;1;1;1;1-M2a-0.625IP-Q0.7_002.5sec.fsa,False
D16S539,G,11,275.25,733.0,False,B06_RD14-0003-30_31_32_33_34-1;1;1;1;1-M2a-0.625IP-Q0.7_002.5sec.fsa,False
D2S1338,G,17,312.65,550.0,False,B06_RD14-0003-30_31_32_33_34-1;1;1;1;1-M2a-0.625IP-Q0.7_002.5sec.fsa,False
D2S1338,G,18,316.85,87.0,False,B06_RD14-0003-30_31_32_33_34-1;1;1;1;1-M2a-0.625IP-Q0.7_002.5sec.fsa,False
D2S1338,G,19,321.04,967.0,False,B06_RD14-0003-30_31_32_33_34-1;1;1;1;1-M2a-0.625IP-Q0.7_002.5sec.fsa,False
D2S1338,G,20,325.17,66.0,False,B06_RD14-0003-30_31_32_33_34-1;1;1;1;1-M2a-0.625IP-Q0.7_002.5sec.fsa,False
D19S433,Y,11,108.04,109.0,False,B06_RD14-0003-30_31_32_33_34-1;1;1;1;1-M2a-0.625IP-Q0.7_002.5sec.fsa,False
D19S433,Y,12,112.15,102.0,False,B06_RD14-0003-30_31_32_33_34-1;1;1;1;1-M2a-0.625IP-Q0.7_002.5sec.fsa,False
D19S433,Y,12.2,114.15,81.0,False,B06_RD14-0003-30_31_32_33_34-1;1;1;1;1-M2a-0.625IP-Q0.7_002.5sec.fsa,True
D19S433,Y,13,116.18,582.0,False,B06_RD14-0003-30_31_32_33_34-1;1;1;1;1-M2a-0.625IP-Q0.7_002.5sec.fsa,False
vWA,Y,15,168.07,273.0,False,B06_RD14-0003-30_31_32_33_34-1;1;1;1;1-M2a-0.625IP-Q0.7_002.5sec.fsa,False
vWA,Y,16,172.15,241.0,False,B06_RD14-0003-30_31_32_33_34-1;1;1;1;1-M2a-0.625IP-Q0.7_002.5sec.fsa,False
vWA,Y,17,176.15,597.0,False,B06_RD14-0003-30_31_32_33_34-1;1;1;1;1-M2a-0.625IP-Q0.7_002.5sec.fsa,False
TPOX,Y,6,220.65,257.0,False,B06_RD14-0003-30_31_32_33_34-1;1;1;1;1-M2a-0.625IP-Q0.7_002.5sec.fsa,False
TPOX,Y,8,228.65,572.0,False,B06_RD14-0003-30_31_32_33_34-1;1;1;1;1-M2a-0.625IP-Q0.7_002.5sec.fsa,False
D18S51,Y,12,281.07,116.0,False,B06_RD14-0003-30_31_32_33_34-1;1;1;1;1-M2a-0.625IP-Q0.7_002.5sec.fsa,False
D18S51,Y,14,289.03,564.0,False,B06_RD14-0003-30_31_32_33_34-1;1;1;1;1-M2a-0.625IP-Q0.7_002.5sec.fsa,False
D18S51,Y,15,293.05,214.0,False,B06_RD14-0003-30_31_32_33_34-1;1;1;1;1-M2a-0.625IP-Q0.7_002.5sec.fsa,False
AMEL,R,X,104.85,870.0,False,B06_RD14-0003-30_31_32_33_34-1;1;1;1;1-M2a-0.625IP-Q0.7_002.5sec.fsa,False
AMEL,R,Y,110.75,883.0,False,B06_RD14-0003-30_31_32_33_34-1;1;1;1;1-M2a-0.625IP-Q0.7_002.5sec.fsa,False
D5S818,R,10,144.73,256.0,False,B06_RD14-0003-30_31_32_33_34-1;1;1;1;1-M2a-0.625IP-Q0.7_002.5sec.fsa,False
D5S818,R,11,148.83,453.0,False,B06_RD14-0003-30_31_32_33_34-1;1;1;1;1-M2a-0.625IP-Q0.7_002.5sec.fsa,False
D5S818,R,12,152.94,369.0,False,B06_RD14-0003-30_31_32_33_34-1;1;1;1;1-M2a-0.625IP-Q0.7_002.5sec.fsa,False
D5S818,R,13,157.07,602.0,False,B06_RD14-0003-30_31_32_33_34-1;1;1;1;1-M2a-0.625IP-Q0.7_002.5sec.fsa,False
FGA,R,19,220.81,158.0,False,B06_RD14-0003-30_31_32_33_34-1;1;1;1;1-M2a-0.625IP-Q0.7_002.5sec.fsa,False
FGA,R,20,224.89,172.0,False,B06_RD14-0003-30_31_32_33_34-1;1;1;1;1-M2a-0.625IP-Q0.7_002.5sec.fsa,False
D8S1179,B,11,133.41,145.0,False,B07_RD14-0003-30_31_32_33_34-1;1;1;1;1-M1e-0.625IP-Q1.9_002.5sec.fsa,False
D8S1179,B,12,137.53,199.0,False,B07_RD14-0003-30_31_32_33_34-1;1;1;1;1-M1e-0.625IP-Q1.9_002.5sec.fsa,False
D8S1179,B,13,141.71,250.0,False,B07_RD14-0003-30_31_32_33_34-1;1;1;1;1-M1e-0.625IP-Q1.9_002.5sec.fsa,False
D8S1179,B,14,145.95,131.0,False,B07_RD14-0003-30_31_32_33_34-1;1;1;1;1-M1e-0.625IP-Q1.9_002.5sec.fsa,False
D21S11,B,29,202.46,130.0,False,B07_RD14-0003-30_31_32_33_34-1;1;1;1;1-M1e-0.625IP-Q1.9_002.5sec.fsa,False
CSF1PO,B,10,318.64,77.0,False,B07_RD14-0003-30_31_32_33_34-1;1;1;1;1-M1e-0.625IP-Q1.9_002.5sec.fsa,False
CSF1PO,B,12,326.78,110.0,False,B07_RD14-0003-30_31_32_33_34-1;1;1;1;1-M1e-0.625IP-Q1.9_002.5sec.fsa,False
D3S1358,G,14,118.07,53.0,False,B07_RD14-0003-30_31_32_33_34-1;1;1;1;1-M1e-0.625IP-Q1.9_002.5sec.fsa,False
D3S1358,G,15,122.09,853.0,False,B07_RD14-0003-30_31_32_33_34-1;1;1;1;1-M1e-0.625IP-Q1.9_002.5sec.fsa,False
D3S1358,G,16,126.3,321.0,False,B07_RD14-0003-30_31_32_33_34-1;1;1;1;1-M1e-0.625IP-Q1.9_002.5sec.fsa,False
D3S1358,G,17,130.27,101.0,False,B07_RD14-0003-30_31_32_33_34-1;1;1;1;1-M1e-0.625IP-Q1.9_002.5sec.fsa,False
TH01,G,6,168.38,157.0,False,B07_RD14-0003-30_31_32_33_34-1;1;1;1;1-M1e-0.625IP-Q1.9_002.5sec.fsa,False
TH01,G,7,172.39,324.0,False,B07_RD14-0003-30_31_32_33_34-1;1;1;1;1-M1e-0.625IP-Q1.9_002.5sec.fsa,False
TH01,G,8,176.42,80.0,False,B07_RD14-0003-30_31_32_33_34-1;1;1;1;1-M1e-0.625IP-Q1.9_002.5sec.fsa,False
D13S317,G,11,227.26,269.0,False,B07_RD14-0003-30_31_32_33_34-1;1;1;1;1-M1e-0.625IP-Q1.9_002.5sec.fsa,False
D13S317,G,12,231.27,431.0,False,B07_RD14-0003-30_31_32_33_34-1;1;1;1;1-M1e-0.625IP-Q1.9_002.5sec.fsa,False
D16S539,G,8,263.14,76.0,False,B07_RD14-0003-30_31_32_33_34-1;1;1;1;1-M1e-0.625IP-Q1.9_002.5sec.fsa,False
D16S539,G,10,271.18,65.0,False,B07_RD14-0003-30_31_32_33_34-1;1;1;1;1-M1e-0.625IP-Q1.9_002.5sec.fsa,False
D16S539,G,11,275.22,204.0,False,B07_RD14-0003-30_31_32_33_34-1;1;1;1;1-M1e-0.625IP-Q1.9_002.5sec.fsa,False
D16S539,G,12,279.28,167.0,False,B07_RD14-0003-30_31_32_33_34-1;1;1;1;1-M1e-0.625IP-Q1.9_002.5sec.fsa,False
D2S1338,G,17,312.62,91.0,False,B07_RD14-0003-30_31_32_33_34-1;1;1;1;1-M1e-0.625IP-Q1.9_002.5sec.fsa,False
D19S433,Y,11,107.96,199.0,False,B07_RD14-0003-30_31_32_33_34-1;1;1;1;1-M1e-0.625IP-Q1.9_002.5sec.fsa,False
D19S433,Y,12,112.01,93.0,False,B07_RD14-0003-30_31_32_33_34-1;1;1;1;1-M1e-0.625IP-Q1.9_002.5sec.fsa,False
D19S433,Y,12.2,114.14,213.0,False,B07_RD14-0003-30_31_32_33_34-1;1;1;1;1-M1e-0.625IP-Q1.9_002.5sec.fsa,True
D19S433,Y,13,116.07,441.0,False,B07_RD14-0003-30_31_32_33_34-1;1;1;1;1-M1e-0.625IP-Q1.9_002.5sec.fsa,False
D19S433,Y,13.2,118.07,121.0,False,B07_RD14-0003-30_31_32_33_34-1;1;1;1;1-M1e-0.625IP-Q1.9_002.5sec.fsa,False
vWA,Y,15,168.01,167.0,False,B07_RD14-0003-30_31_32_33_34-1;1;1;1;1-M1e-0.625IP-Q1.9_002.5sec.fsa,False
TPOX,Y,6,220.69,56.0,False,B07_RD14-0003-30_31_32_33_34-1;1;1;1;1-M1e-0.625IP-Q1.9_002.5sec.fsa,False
TPOX,Y,8,228.57,121.0,False,B07_RD14-0003-30_31_32_33_34-1;1;1;1;1-M1e-0.625IP-Q1.9_002.5sec.fsa,False
TPOX,Y,11,240.64,116.0,False,B07_RD14-0003-30_31_32_33_34-1;1;1;1;1-M1e-0.625IP-Q1.9_002.5sec.fsa,False
TPOX,Y,12,244.85,90.0,False,B07_RD14-0003-30_31_32_33_34-1;1;1;1;1-M1e-0.625IP-Q1.9_002.5sec.fsa,True
AMEL,R,X,104.88,629.0,False,B07_RD14-0003-30_31_32_33_34-1;1;1;1;1-M1e-0.625IP-Q1.9_002.5sec.fsa,False
AMEL,R,Y,110.81,640.0,False,B07_RD14-0003-30_31_32_33_34-1;1;1;1;1-M1e-0.625IP-Q1.9_002.5sec.fsa,False
D5S818,R,10,144.68,170.0,False,B07_RD14-0003-30_31_32_33_34-1;1;1;1;1-M1e-0.625IP-Q1.9_002.5sec.fsa,False
D5S818,R,11,148.79,202.0,False,B07_RD14-0003-30_31_32_33_34-1;1;1;1;1-M1e-0.625IP-Q1.9_002.5sec.fsa,False
D5S818,R,12,152.83,79.0,False,B07_RD14-0003-30_31_32_33_34-1;1;1;1;1-M1e-0.625IP-Q1.9_002.5sec.fsa,False
D5S818,R,13,157.05,151.0,False,B07_RD14-0003-30_31_32_33_34-1;1;1;1;1-M1e-0.625IP-Q1.9_002.5sec.fsa,False
FGA,R,20,224.94,51.0,False,B07_RD14-0003-30_31_32_33_34-1;1;1;1;1-M1e-0.625IP-Q1.9_002.5sec.fsa,False
D8S1179,B,11,133.53,280.0,False,C06_RD14-0003-30_31_32_33_34-1;1;1;1;1-M2a-0.315IP-Q0.7_003.5sec.fsa,False
D8S1179,B,12,137.57,398.0,False,C06_RD14-0003-30_31_32_33_34-1;1;1;1;1-M2a-0.315IP-Q0.7_003.5sec.fsa,False
D8S1179,B,13,141.75,273.0,False,C06_RD14-0003-30_31_32_33_34-1;1;1;1;1-M2a-0.315IP-Q0.7_003.5sec.fsa,False
D21S11,B,28,198.61,101.0,False,C06_RD14-0003-30_31_32_33_34-1;1;1;1;1-M2a-0.315IP-Q0.7_003.5sec.fsa,False
D21S11,B,29,202.63,334.0,False,C06_RD14-0003-30_31_32_33_34-1;1;1;1;1-M2a-0.315IP-Q0.7_003.5sec.fsa,False
D7S820,B,8,261.97,155.0,False,C06_RD14-0003-30_31_32_33_34-1;1;1;1;1-M2a-0.315IP-Q0.7_003.5sec.fsa,False
D7S820,B,11,274.05,315.0,False,C06_RD14-0003-30_31_32_33_34-1;1;1;1;1-M2a-0.315IP-Q0.7_003.5sec.fsa,False
D7S820,B,13,282.04,171.0,False,C06_RD14-0003-30_31_32_33_34-1;1;1;1;1-M2a-0.315IP-Q0.7_003.5sec.fsa,True
CSF1PO,B,11,322.9,248.0,False,C06_RD14-0003-30_31_32_33_34-1;1;1;1;1-M2a-0.315IP-Q0.7_003.5sec.fsa,False
CSF1PO,B,12,326.98,562.0,False,C06_RD14-0003-30_31_32_33_34-1;1;1;1;1-M2a-0.315IP-Q0.7_003.5sec.fsa,False
CSF1PO,B,13,330.96,87.0,False,C06_RD14-0003-30_31_32_33_34-1;1;1;1;1-M2a-0.315IP-Q0.7_003.5sec.fsa,True
D3S1358,G,14,118.13,64.0,False,C06_RD14-0003-30_31_32_33_34-1;1;1;1;1-M2a-0.315IP-Q0.7_003.5sec.fsa,False
TH01,G,6,168.43,60.0,False,C06_RD14-0003-30_31_32_33_34-1;1;1;1;1-M2a-0.315IP-Q0.7_003.5sec.fsa,False
TH01,G,7,172.49,372.0,False,C06_RD14-0003-30_31_32_33_34-1;1;1;1;1-M2a-0.315IP-Q0.7_003.5sec.fsa,False
TH01,G,8,176.56,258.0,False,C06_RD14-0003-30_31_32_33_34-1;1;1;1;1-M2a-0.315IP-Q0.7_003.5sec.fsa,False
TH01,G,9,180.57,248.0,False,C06_RD14-0003-30_31_32_33_34-1;1;1;1;1-M2a-0.315IP-Q0.7_003.5sec.fsa,False
TH01,G,9.3,183.75,917.0,False,C06_RD14-0003-30_31_32_33_34-1;1;1;1;1-M2a-0.315IP-Q0.7_003.5sec.fsa,False
D13S317,G,11,227.25,655.0,False,C06_RD14-0003-30_31_32_33_34-1;1;1;1;1-M2a-0.315IP-Q0.7_003.5sec.fsa,False
D13S317,G,12,231.24,594.0,False,C06_RD14-0003-30_31_32_33_34-1;1;1;1;1-M2a-0.315IP-Q0.7_003.5sec.fsa,False
D13S317,G,13,235.33,69.0,False,C06_RD14-0003-30_31_32_33_34-1;1;1;1;1-M2a-0.315IP-Q0.7_003.5sec.fsa,False
D16S539,G,8,263.28,263.0,False,C06_RD14-0003-30_31_32_33_34-1;1;1;1;1-M2a-0.315IP-Q0.7_003.5sec.fsa,False
D16S539,G,10,271.25,191.0,False,C06_RD14-0003-30_31_32_33_34-1;1;1;1;1-M2a-0.315IP-Q0.7_003.5sec.fsa,False
D2S1338,G,17,312.74,252.0,False,C06_RD14-0003-30_31_32_33_34-1;1;1;1;1-M2a-0.315IP-Q0.7_003.5sec.fsa,False
D2S1338,G,19,321.03,603.0,False,C06_RD14-0003-30_31_32_33_34-1;1;1;1;1-M2a-0.315IP-Q0.7_003.5sec.fsa,False
D19S433,Y,11,107.99,97.0,False,C06_RD14-0003-30_31_32_33_34-1;1;1;1;1-M2a-0.315IP-Q0.7_003.5sec.fsa,False
D19S433,Y,12,112.08,81.0,False,C06_RD14-0003-30_31_32_33_34-1;1;1;1;1-M2a-0.315IP-Q0.7_003.5sec.fsa,False
vWA,Y,15,168.03,161.0,False,C06_RD14-0003-30_31_32_33_34-1;1;1;1;1-M2a-0.315IP-Q0.7_003.5sec.fsa,False
vWA,Y,16,172.09,185.0,False,C06_RD14-0003-30_31_32_33_34-1;1;1;1;1-M2a-0.315IP-Q0.7_003.5sec.fsa,False
vWA,Y,17,176.08,279.0,False,C06_RD14-0003-30_31_32_33_34-1;1;1;1;1-M2a-0.315IP-Q0.7_003.5sec.fsa,False
TPOX,Y,6,220.73,115.0,False,C06_RD14-0003-30_31_32_33_34-1;1;1;1;1-M2a-0.315IP-Q0.7_003.5sec.fsa,False
TPOX,Y,8,228.71,282.0,False,C06_RD14-0003-30_31_32_33_34-1;1;1;1;1-M2a-0.315IP-Q0.7_003.5sec.fsa,False
TPOX,Y,11,240.84,274.0,False,C06_RD14-0003-30_31_32_33_34-1;1;1;1;1-M2a-0.315IP-Q0.7_003.5sec.fsa,False
D18S51,Y,12,280.98,107.0,False,C06_RD14-0003-30_31_32_33_34-1;1;1;1;1-M2a-0.315IP-Q0.7_003.5sec.fsa,False
D18S51,Y,14,289.07,387.0,False,C06_RD14-0003-30_31_32_33_34-1;1;1;1;1-M2a-0.315IP-Q0.7_003.5sec.fsa,False
D18S51,Y,15,292.99,167.0,False,C06_RD14-0003-30_31_32_33_34-1;1;1;1;1-M2a-0.315IP-Q0.7_003.5sec.fsa,False
D18S51,Y,16,296.98,207.0,False,C06_RD14-0003-30_31_32_33_34-1;1;1;1;1-M2a-0.315IP-Q0.7_003.5sec.fsa,False
AMEL,R,X,104.82,390.0,False,C06_RD14-0003-30_31_32_33_34-1;1;1;1;1-M2a-0.315IP-Q0.7_003.5sec.fsa,False
AMEL,R,Y,110.77,458.0,False,C06_RD14-0003-30_31_32_33_34-1;1;1;1;1-M2a-0.315IP-Q0.7_003.5sec.fsa,False
D5S818,R,10,144.71,142.0,False,C06_RD14-0003-30_31_32_33_34-1;1;1;1;1-M2a-0.315IP-Q0.7_003.5sec.fsa,False
D5S818,R,11,148.79,217.0,False,C06_RD14-0003-30_31_32_33_34-1;1;1;1;1-M2a-0.315IP-Q0.7_003.5sec.fsa,False
D5S818,R,12,152.89,203.0,False,C06_RD14-0003-30_31_32_33_34-1;1;1;1;1-M2a-0.315IP-Q0.7_003.5sec.fsa,False
FGA,R,19,220.81,82.0,False,C06_RD14-0003-30_31_32_33_34-1;1;1;1;1-M2a-0.315IP-Q0.7_003.5sec.fsa,False
FGA,R,20,224.88,68.0,False,C06_RD14-0003-30_31_32_33_34-1;1;1;1;1-M2a-0.315IP-Q0.7_003.5sec.fsa,False
FGA,R,21,228.96,310.0,False,C06_RD14-0003-30_31_32_33_34-1;1;1;1;1-M2a-0.315IP-Q0.7_003.5sec.fsa,False
D8S1179,B,11,133.49,74.0,False,C07_RD14-0003-30_31_32_33_34-1;1;1;1;1-M1e-0.315IP-Q1.9_003.5sec.fsa,False
D8S1179,B,12,137.53,200.0,False,C07_RD14-0003-30_31_32_33_34-1;1;1;1;1-M1e-0.315IP-Q1.9_003.5sec.fsa,False
D8S1179,B,13,141.77,138.0,False,C07_RD14-0003-30_31_32_33_34-1;1;1;1;1-M1e-0.315IP-Q1.9_003.5sec.fsa,False
D8S1179,B,14,145.85,67.0,False,C07_RD14-0003-30_31_32_33_34-1;1;1;1;1-M1e-0.315IP-Q1.9_003.5sec.fsa,False
D21S11,B,29,202.46,55.0,False,C07_RD14-0003-30_31_32_33_34-1;1;1;1;1-M1e-0.315IP-Q1.9_003.5sec.fsa,False
CSF1PO,B,12,326.86,91.0,False,C07_RD14-0003-30_31_32_33_34-1;1;1;1;1-M1e-0.315IP-Q1.9_003.5sec.fsa,False
D3S1358,G,15,122.02,489.0,False,C07_RD14-0003-30_31_32_33_34-1;1;1;1;1-M1e-0.315IP-Q1.9_003.5sec.fsa,False
D3S1358,G,16,126.3,87.0,False,C07_RD14-0003-30_31_32_33_34-1;1;1;1;1-M1e-0.315IP-Q1.9_003.5sec.fsa,False
D3S1358,G,17,130.13,86.0,False,C07_RD14-0003-30_31_32_33_34-1;1;1;1;1-M1e-0.315IP-Q1.9_003.5sec.fsa,False
TH01,G,7,172.44,67.0,False,C07_RD14-0003-30_31_32_33_34-1;1;1;1;1-M1e-0.315IP-Q1.9_003.5sec.fsa,False
TH01,G,9,180.53,155.0,False,C07_RD14-0003-30_31_32_33_34-1;1;1;1;1-M1e-0.315IP-Q1.9_003.5sec.fsa,False
D13S317,G,11,227.21,242.0,False,C07_RD14-0003-30_31_32_33_34-1;1;1;1;1-M1e-0.315IP-Q1.9_003.5sec.fsa,False
D2S1338,G,19,320.91,81.0,False,C07_RD14-0003-30_31_32_33_34-1;1;1;1;1-M1e-0.315IP-Q1.9_003.5sec.fsa,False
D19S433,Y,12,112.01,79.0,False,C07_RD14-0003-30_31_32_33_34-1;1;1;1;1-M1e-0.315IP-Q1.9_003.5sec.fsa,False
TPOX,Y,8,228.51,59.0,False,C07_RD14-0003-30_31_32_33_34-1;1;1;1;1-M1e-0.315IP-Q1.9_003.5sec.fsa,False
TPOX,Y,11,240.72,63.0,False,C07_RD14-0003-30_31_32_33_34-1;1;1;1;1-M1e-0.315IP-Q1.9_003.5sec.fsa,False
D18S51,Y,14,288.9,82.0,False,C07_RD14-0003-30_31_32_33_34-1;1;1;1;1-M1e-0.315IP-Q1.9_003.5sec.fsa,False
AMEL,R,X,104.88,214.0,False,C07_RD14-0003-30_31_32_33_34-1;1;1;1;1-M1e-0.315IP-Q1.9_003.5sec.fsa,False
AMEL,R,Y,110.74,290.0,False,C07_RD14-0003-30_31_32_33_34-1;1;1;1;1-M1e-0.315IP-Q1.9_003.5sec.fsa,False
D5S818,R,10,144.59,175.0,False,C07_RD14-0003-30_31_32_33_34-1;1;1;1;1-M1e-0.315IP-Q1.9_003.5sec.fsa,False
D5S818,R,11,148.75,138.0,False,C07_RD14-0003-30_31_32_33_34-1;1;1;1;1-M1e-0.315IP-Q1.9_003.5sec.fsa,False
FGA,R,21,229.05,109.0,False,C07_RD14-0003-30_31_32_33_34-1;1;1;1;1-M1e-0.315IP-Q1.9_003.5sec.fsa,False
