Marker,Dye,Allele,Size,Height,IsStutter,Sample File,IsRare
D3S1358,G,16,126.39,61.0,False,A02_RD14-0003-40_41-1;4-M3S30-0.075IP-Q4.0_001.5sec.fsa,False
D3S1358,G,17,130.45,112.0,False,A02_RD14-0003-40_41-1;4-M3S30-0.075IP-Q4.0_001.5sec.fsa,False
TH01,G,7,172.76,55.0,False,A02_RD14-0003-40_41-1;4-M3S30-0.075IP-Q4.0_001.5sec.fsa,False
D19S433,Y,13,116.34,63.0,False,A02_RD14-0003-40_41-1;4-M3S30-0.075IP-Q4.0_001.5sec.fsa,False
AMEL,R,X,104.98,81.0,False,A02_RD14-0003-40_41-1;4-M3S30-0.075IP-Q4.0_001.5sec.fsa,False
AMEL,R,Y,110.81,94.0,False,A02_RD14-0003-40_41-1;4-M3S30-0.075IP-Q4.0_001.5sec.fsa,False
D5S818,R,11,148.99,77.0,False,A02_RD14-0003-40_41-1;4-M3S30-0.075IP-Q4.0_001.5sec.fsa,False
D8S1179,B,11,133.73,739.0,False,B02_RD14-0003-42_43-1;9-M1S10-0.75IP-Q1.2_002.5sec.fsa,False
D8S1179,B,12,137.87,127.0,False,B02_RD14-0003-42_43-1;9-M1S10-0.75IP-Q1.2_002.5sec.fsa,False
D8S1179,B,13,142.08,713.0,False,B02_RD14-0003-42_43-1;9-M1S10-0.75IP-Q1.2_002.5sec.fsa,False
D21S11,B,27,194.81,475.0,False,B02_RD14-0003-42_43-1;9-M1S10-0.75IP-Q1.2_002.5sec.fsa,False
D21S11,B,29,202.74,334.0,False,B02_RD14-0003-42_43-1;9-M1S10-0.75IP-Q1.2_002.5sec.fsa,False
D7S820,B,8,262.23,122.0,False,B02_RD14-0003-42_43-1;9-M1S10-0.75IP-Q1.2_002.5sec.fsa,False
D7S820,B,9,266.26,148.0,False,B02_RD14-0003-42_43-1;9-M1S10-0.75IP-Q1.2_002.5sec.fsa,False
CSF1PO,B,10,318.81,133.0,False,B02_RD14-0003-42_43-1;9-M1S10-0.75IP-Q1.2_002.5sec.fsa,False
CSF1PO,B,12,326.92,169.0,False,B02_RD14-0003-42_43-1;9-M1S10-0.75IP-Q1.2_002.5sec.fsa,False
D3S1358,G,14,118.39,144.0,False,B02_RD14-0003-42_43-1;9-M1S10-0.75IP-Q1.2_002.5sec.fsa,False
D3S1358,G,15,122.34,2046.0,False,B02_RD14-0003-42_43-1;9-M1S10-0.75IP-Q1.2_002.5sec.fsa,False
D3S1358,G,16,126.21,104.0,False,B02_RD14-0003-42_43-1;9-M1S10-0.75IP-Q1.2_002.5sec.fsa,False
TH01,G,8,176.75,1038.0,False,B02_RD14-0003-42_43-1;9-M1S10-0.75IP-Q1.2_002.5sec.fsa,False
TH01,G,9,180.85,109.0,False,B02_RD14-0003-42_43-1;9-M1S10-0.75IP-Q1.2_002.5sec.fsa,False
TH01,G,9.3,183.91,832.0,False,B02_RD14-0003-42_43-1;9-M1S10-0.75IP-Q1.2_002.5sec.fsa,False
D13S317,G,11,227.21,413.0,False,B02_RD14-0003-42_43-1;9-M1S10-0.75IP-Q1.2_002.5sec.fsa,False
D13S317,G,12,231.3,427.0,False,B02_RD14-0003-42_43-1;9-M1S10-0.75IP-Q1.2_002.5sec.fsa,False
D16S539,G,9,267.37,163.0,False,B02_RD14-0003-42_43-1;9-M1S10-0.75IP-Q1.2_002.5sec.fsa,False
D16S539,G,10,271.41,767.0,False,B02_RD14-0003-42_43-1;9-M1S10-0.75IP-Q1.2_002.5sec.fsa,False
D2S1338,G,19,321.16,179.0,False,B02_RD14-0003-42_43-1;9-M1S10-0.75IP-Q1.2_002.5sec.fsa,False
D2S1338,G,22,333.26,233.0,False,B02_RD14-0003-42_43-1;9-M1S10-0.75IP-Q1.2_002.5sec.fsa,False
D19S433,Y,12.2,114.39,57.0,False,B02_RD14-0003-42_43-1;9-M1S10-0.75IP-Q1.2_002.5sec.fsa,True
D19S433,Y,13,116.31,69.0,False,B02_RD14-0003-42_43-1;9-M1S10-0.75IP-Q1.2_002.5sec.fsa,False
D19S433,Y,13.2,118.31,686.0,False,B02_RD14-0003-42_43-1;9-M1S10-0.75IP-Q1.2_002.5sec.fsa,False
D19S433,Y,14,120.23,967.0,False,B02_RD14-0003-42_43-1;9-M1S10-0.75IP-Q1.2_002.5sec.fsa,False
D19S433,Y,14.2,122.19,187.0,False,B02_RD14-0003-42_43-1;9-M1S10-0.75IP-Q1.2_002.5sec.fsa,True
vWA,Y,13,160.08,605.0,False,B02_RD14-0003-42_43-1;9-M1S10-0.75IP-Q1.2_002.5sec.fsa,False
vWA,Y,16,172.26,111.0,False,B02_RD14-0003-42_43-1;9-M1S10-0.75IP-Q1.2_002.5sec.fsa,False
TPOX,Y,8,228.83,464.0,False,B02_RD14-0003-42_43-1;9-M1S10-0.75IP-Q1.2_002.5sec.fsa,False
TPOX,Y,10,236.92,55.0,False,B02_RD14-0003-42_43-1;9-M1S10-0.75IP-Q1.2_002.5sec.fsa,False
TPOX,Y,11,240.96,439.0,False,B02_RD14-0003-42_43-1;9-M1S10-0.75IP-Q1.2_002.5sec.fsa,False
D18S51,Y,18,305.08,179.0,False,B02_RD14-0003-42_43-1;9-M1S10-0.75IP-Q1.2_002.5sec.fsa,True
AMEL,R,X,105.02,1161.0,False,B02_RD14-0003-42_43-1;9-M1S10-0.75IP-Q1.2_002.5sec.fsa,False
AMEL,R,Y,110.89,922.0,False,B02_RD14-0003-42_43-1;9-M1S10-0.75IP-Q1.2_002.5sec.fsa,False
D5S818,R,11,148.91,578.0,False,B02_RD14-0003-42_43-1;9-M1S10-0.75IP-Q1.2_002.5sec.fsa,False
D5S818,R,12,153.01,631.0,False,B02_RD14-0003-42_43-1;9-M1S10-0.75IP-Q1.2_002.5sec.fsa,False
D5S818,R,13,157.13,98.0,False,B02_RD14-0003-42_43-1;9-M1S10-0.75IP-Q1.2_002.5sec.fsa,False
FGA,R,20,225.09,70.0,False,B02_RD14-0003-42_43-1;9-M1S10-0.75IP-Q1.2_002.5sec.fsa,False
FGA,R,21,229.08,256.0,False,B02_RD14-0003-42_43-1;9-M1S10-0.75IP-Q1.2_002.5sec.fsa,False
D8S1179,B,10,129.71,62.0,False,F03_RD14-0003-49_50_29-1;4;1-M3S30-0.09IP-Q2.9_002.5sec.fsa,False
D19S433,Y,12,112.23,70.0,False,F03_RD14-0003-49_50_29-1;4;1-M3S30-0.09IP-Q2.9_002.5sec.fsa,False
AMEL,R,Y,110.86,87.0,False,F03_RD14-0003-49_50_29-1;4;1-M3S30-0.09IP-Q2.9_002.5sec.fsa,False
D8S1179,B,10,129.47,65.0,False,E03_RD14-0003-44_45_46_47-1;1;4;1-M2d-0.217IP-Q0.8_001.5sec.fsa,False
D8S1179,B,11,133.52,231.0,False,E03_RD14-0003-44_45_46_47-1;1;4;1-M2d-0.217IP-Q0.8_001.5sec.fsa,False
D21S11,B,27,194.45,54.0,False,E03_RD14-0003-44_45_46_47-1;1;4;1-M2d-0.217IP-Q0.8_001.5sec.fsa,False
D21S11,B,28,198.53,167.0,False,E03_RD14-0003-44_45_46_47-1;1;4;1-M2d-0.217IP-Q0.8_001.5sec.fsa,False
D7S820,B,9,265.89,154.0,False,E03_RD14-0003-44_45_46_47-1;1;4;1-M2d-0.217IP-Q0.8_001.5sec.fsa,False
D7S820,B,12,277.99,90.0,False,E03_RD14-0003-44_45_46_47-1;1;4;1-M2d-0.217IP-Q0.8_001.5sec.fsa,False
CSF1PO,B,10,318.74,196.0,False,E03_RD14-0003-44_45_46_47-1;1;4;1-M2d-0.217IP-Q0.8_001.5sec.fsa,False
CSF1PO,B,11,322.78,217.0,False,E03_RD14-0003-44_45_46_47-1;1;4;1-M2d-0.217IP-Q0.8_001.5sec.fsa,False
CSF1PO,B,12,326.84,79.0,False,E03_RD14-0003-44_45_46_47-1;1;4;1-M2d-0.217IP-Q0.8_001.5sec.fsa,False
D3S1358,G,14,118.3,207.0,False,E03_RD14-0003-44_45_46_47-1;1;4;1-M2d-0.217IP-Q0.8_001.5sec.fsa,False
TH01,G,6,168.34,128.0,False,E03_RD14-0003-44_45_46_47-1;1;4;1-M2d-0.217IP-Q0.8_001.5sec.fsa,False
TH01,G,7,172.4,258.0,False,E03_RD14-0003-44_45_46_47-1;1;4;1-M2d-0.217IP-Q0.8_001.5sec.fsa,False
TH01,G,9,180.57,611.0,False,E03_RD14-0003-44_45_46_47-1;1;4;1-M2d-0.217IP-Q0.8_001.5sec.fsa,False
TH01,G,9.3,183.67,129.0,False,E03_RD14-0003-44_45_46_47-1;1;4;1-M2d-0.217IP-Q0.8_001.5sec.fsa,False
D13S317,G,8,215.08,130.0,False,E03_RD14-0003-44_45_46_47-1;1;4;1-M2d-0.217IP-Q0.8_001.5sec.fsa,False
D13S317,G,12,231.27,648.0,False,E03_RD14-0003-44_45_46_47-1;1;4;1-M2d-0.217IP-Q0.8_001.5sec.fsa,False
D13S317,G,13,235.3,73.0,False,E03_RD14-0003-44_45_46_47-1;1;4;1-M2d-0.217IP-Q0.8_001.5sec.fsa,False
D16S539,G,10,271.22,117.0,False,E03_RD14-0003-44_45_46_47-1;1;4;1-M2d-0.217IP-Q0.8_001.5sec.fsa,False
D16S539,G,11,275.23,143.0,False,E03_RD14-0003-44_45_46_47-1;1;4;1-M2d-0.217IP-Q0.8_001.5sec.fsa,False
D16S539,G,12,279.25,288.0,False,E03_RD14-0003-44_45_46_47-1;1;4;1-M2d-0.217IP-Q0.8_001.5sec.fsa,False
D2S1338,G,16,308.69,86.0,False,E03_RD14-0003-44_45_46_47-1;1;4;1-M2d-0.217IP-Q0.8_001.5sec.fsa,False
D2S1338,G,23,337.03,58.0,False,E03_RD14-0003-44_45_46_47-1;1;4;1-M2d-0.217IP-Q0.8_001.5sec.fsa,True
D19S433,Y,10,103.82,276.0,False,E03_RD14-0003-44_45_46_47-1;1;4;1-M2d-0.217IP-Q0.8_001.5sec.fsa,False
D19S433,Y,11,108.01,118.0,False,E03_RD14-0003-44_45_46_47-1;1;4;1-M2d-0.217IP-Q0.8_001.5sec.fsa,False
D19S433,Y,13,116.08,444.0,False,E03_RD14-0003-44_45_46_47-1;1;4;1-M2d-0.217IP-Q0.8_001.5sec.fsa,False
vWA,Y,13,159.84,71.0,False,E03_RD14-0003-44_45_46_47-1;1;4;1-M2d-0.217IP-Q0.8_001.5sec.fsa,False
vWA,Y,16,172.0,312.0,False,E03_RD14-0003-44_45_46_47-1;1;4;1-M2d-0.217IP-Q0.8_001.5sec.fsa,False
TPOX,Y,8,228.63,450.0,False,E03_RD14-0003-44_45_46_47-1;1;4;1-M2d-0.217IP-Q0.8_001.5sec.fsa,False
D18S51,Y,13,284.96,207.0,False,E03_RD14-0003-44_45_46_47-1;1;4;1-M2d-0.217IP-Q0.8_001.5sec.fsa,False
AMEL,R,X,104.89,297.0,False,E03_RD14-0003-44_45_46_47-1;1;4;1-M2d-0.217IP-Q0.8_001.5sec.fsa,False
AMEL,R,Y,110.82,311.0,False,E03_RD14-0003-44_45_46_47-1;1;4;1-M2d-0.217IP-Q0.8_001.5sec.fsa,False
FGA,R,21,229.04,117.0,False,E03_RD14-0003-44_45_46_47-1;1;4;1-M2d-0.217IP-Q0.8_001.5sec.fsa,False
D8S1179,B,10,129.41,134.0,False,E04_RD14-0003-36_37_38_39-1;2;2;1-M3a-0.186IP-Q0.7_001.5sec.fsa,False
D8S1179,B,12,137.56,185.0,False,E04_RD14-0003-36_37_38_39-1;2;2;1-M3a-0.186IP-Q0.7_001.5sec.fsa,False
D8S1179,B,13,141.84,355.0,False,E04_RD14-0003-36_37_38_39-1;2;2;1-M3a-0.186IP-Q0.7_001.5sec.fsa,False
D21S11,B,28,198.44,176.0,False,E04_RD14-0003-36_37_38_39-1;2;2;1-M3a-0.186IP-Q0.7_001.5sec.fsa,False
D21S11,B,29,202.49,178.0,False,E04_RD14-0003-36_37_38_39-1;2;2;1-M3a-0.186IP-Q0.7_001.5sec.fsa,False
D7S820,B,8,261.9,110.0,False,E04_RD14-0003-36_37_38_39-1;2;2;1-M3a-0.186IP-Q0.7_001.5sec.fsa,False
D7S820,B,9,265.89,111.0,False,E04_RD14-0003-36_37_38_39-1;2;2;1-M3a-0.186IP-Q0.7_001.5sec.fsa,False
D7S820,B,10,269.96,51.0,False,E04_RD14-0003-36_37_38_39-1;2;2;1-M3a-0.186IP-Q0.7_001.5sec.fsa,False
D7S820,B,11,273.97,173.0,False,E04_RD14-0003-36_37_38_39-1;2;2;1-M3a-0.186IP-Q0.7_001.5sec.fsa,False
CSF1PO,B,10,318.74,296.0,False,E04_RD14-0003-36_37_38_39-1;2;2;1-M3a-0.186IP-Q0.7_001.5sec.fsa,False
D3S1358,G,14,118.3,142.0,False,E04_RD14-0003-36_37_38_39-1;2;2;1-M3a-0.186IP-Q0.7_001.5sec.fsa,False
D3S1358,G,15,122.03,142.0,False,E04_RD14-0003-36_37_38_39-1;2;2;1-M3a-0.186IP-Q0.7_001.5sec.fsa,False
D3S1358,G,16,126.04,209.0,False,E04_RD14-0003-36_37_38_39-1;2;2;1-M3a-0.186IP-Q0.7_001.5sec.fsa,False
D3S1358,G,17,130.25,249.0,False,E04_RD14-0003-36_37_38_39-1;2;2;1-M3a-0.186IP-Q0.7_001.5sec.fsa,False
TH01,G,6,168.46,159.0,False,E04_RD14-0003-36_37_38_39-1;2;2;1-M3a-0.186IP-Q0.7_001.5sec.fsa,False
TH01,G,7,172.46,283.0,False,E04_RD14-0003-36_37_38_39-1;2;2;1-M3a-0.186IP-Q0.7_001.5sec.fsa,False
TH01,G,8,176.55,175.0,False,E04_RD14-0003-36_37_38_39-1;2;2;1-M3a-0.186IP-Q0.7_001.5sec.fsa,False
D13S317,G,9,219.16,85.0,False,E04_RD14-0003-36_37_38_39-1;2;2;1-M3a-0.186IP-Q0.7_001.5sec.fsa,False
D13S317,G,10,223.21,136.0,False,E04_RD14-0003-36_37_38_39-1;2;2;1-M3a-0.186IP-Q0.7_001.5sec.fsa,False
D13S317,G,11,227.33,409.0,False,E04_RD14-0003-36_37_38_39-1;2;2;1-M3a-0.186IP-Q0.7_001.5sec.fsa,False
D13S317,G,12,231.3,178.0,False,E04_RD14-0003-36_37_38_39-1;2;2;1-M3a-0.186IP-Q0.7_001.5sec.fsa,False
D16S539,G,9,267.22,58.0,False,E04_RD14-0003-36_37_38_39-1;2;2;1-M3a-0.186IP-Q0.7_001.5sec.fsa,False
D2S1338,G,16,308.69,137.0,False,E04_RD14-0003-36_37_38_39-1;2;2;1-M3a-0.186IP-Q0.7_001.5sec.fsa,False
D2S1338,G,18,316.86,221.0,False,E04_RD14-0003-36_37_38_39-1;2;2;1-M3a-0.186IP-Q0.7_001.5sec.fsa,False
D2S1338,G,19,320.96,151.0,False,E04_RD14-0003-36_37_38_39-1;2;2;1-M3a-0.186IP-Q0.7_001.5sec.fsa,False
D2S1338,G,20,325.11,171.0,False,E04_RD14-0003-36_37_38_39-1;2;2;1-M3a-0.186IP-Q0.7_001.5sec.fsa,False
D19S433,Y,10.2,105.95,134.0,False,E04_RD14-0003-36_37_38_39-1;2;2;1-M3a-0.186IP-Q0.7_001.5sec.fsa,True
D19S433,Y,13,116.08,82.0,False,E04_RD14-0003-36_37_38_39-1;2;2;1-M3a-0.186IP-Q0.7_001.5sec.fsa,False
vWA,Y,15,168.06,61.0,False,E04_RD14-0003-36_37_38_39-1;2;2;1-M3a-0.186IP-Q0.7_001.5sec.fsa,False
TPOX,Y,6,220.66,64.0,False,E04_RD14-0003-36_37_38_39-1;2;2;1-M3a-0.186IP-Q0.7_001.5sec.fsa,False
TPOX,Y,8,228.65,236.0,False,E04_RD14-0003-36_37_38_39-1;2;2;1-M3a-0.186IP-Q0.7_001.5sec.fsa,False
D18S51,Y,15,292.95,215.0,False,E04_RD14-0003-36_37_38_39-1;2;2;1-M3a-0.186IP-Q0.7_001.5sec.fsa,False
AMEL,R,X,104.88,149.0,False,E04_RD14-0003-36_37_38_39-1;2;2;1-M3a-0.186IP-Q0.7_001.5sec.fsa,False
AMEL,R,Y,110.79,261.0,False,E04_RD14-0003-36_37_38_39-1;2;2;1-M3a-0.186IP-Q0.7_001.5sec.fsa,False
D5S818,R,10,144.72,58.0,False,E04_RD14-0003-36_37_38_39-1;2;2;1-M3a-0.186IP-Q0.7_001.5sec.fsa,False
D5S818,R,11,148.82,183.0,False,E04_RD14-0003-36_37_38_39-1;2;2;1-M3a-0.186IP-Q0.7_001.5sec.fsa,False
D5S818,R,12,152.94,219.0,False,E04_RD14-0003-36_37_38_39-1;2;2;1-M3a-0.186IP-Q0.7_001.5sec.fsa,False
D5S818,R,13,156.99,102.0,False,E04_RD14-0003-36_37_38_39-1;2;2;1-M3a-0.186IP-Q0.7_001.5sec.fsa,False
FGA,R,22,233.03,303.0,False,E04_RD14-0003-36_37_38_39-1;2;2;1-M3a-0.186IP-Q0.7_001.5sec.fsa,False
D8S1179,B,10,129.43,188.0,False,E05_RD14-0003-36_37_38_39-1;2;2;1-M2e-0.378IP-Q1.2_001.5sec.fsa,False
D8S1179,B,12,137.49,263.0,False,E05_RD14-0003-36_37_38_39-1;2;2;1-M2e-0.378IP-Q1.2_001.5sec.fsa,False
D21S11,B,28,198.52,123.0,False,E05_RD14-0003-36_37_38_39-1;2;2;1-M2e-0.378IP-Q1.2_001.5sec.fsa,False
D21S11,B,29,202.57,126.0,False,E05_RD14-0003-36_37_38_39-1;2;2;1-M2e-0.378IP-Q1.2_001.5sec.fsa,False
D21S11,B,30,206.59,77.0,False,E05_RD14-0003-36_37_38_39-1;2;2;1-M2e-0.378IP-Q1.2_001.5sec.fsa,False
D7S820,B,8,261.9,72.0,False,E05_RD14-0003-36_37_38_39-1;2;2;1-M2e-0.378IP-Q1.2_001.5sec.fsa,False
D7S820,B,11,274.0,83.0,False,E05_RD14-0003-36_37_38_39-1;2;2;1-M2e-0.378IP-Q1.2_001.5sec.fsa,False
CSF1PO,B,10,318.76,215.0,False,E05_RD14-0003-36_37_38_39-1;2;2;1-M2e-0.378IP-Q1.2_001.5sec.fsa,False
CSF1PO,B,11,322.83,95.0,False,E05_RD14-0003-36_37_38_39-1;2;2;1-M2e-0.378IP-Q1.2_001.5sec.fsa,False
CSF1PO,B,12,326.86,139.0,False,E05_RD14-0003-36_37_38_39-1;2;2;1-M2e-0.378IP-Q1.2_001.5sec.fsa,False
D3S1358,G,14,118.28,358.0,False,E05_RD14-0003-36_37_38_39-1;2;2;1-M2e-0.378IP-Q1.2_001.5sec.fsa,False
D3S1358,G,15,122.11,376.0,False,E05_RD14-0003-36_37_38_39-1;2;2;1-M2e-0.378IP-Q1.2_001.5sec.fsa,False
TH01,G,6,168.46,466.0,False,E05_RD14-0003-36_37_38_39-1;2;2;1-M2e-0.378IP-Q1.2_001.5sec.fsa,False
TH01,G,7,172.55,740.0,False,E05_RD14-0003-36_37_38_39-1;2;2;1-M2e-0.378IP-Q1.2_001.5sec.fsa,False
TH01,G,8,176.55,121.0,False,E05_RD14-0003-36_37_38_39-1;2;2;1-M2e-0.378IP-Q1.2_001.5sec.fsa,False
TH01,G,9.3,183.77,64.0,False,E05_RD14-0003-36_37_38_39-1;2;2;1-M2e-0.378IP-Q1.2_001.5sec.fsa,False
D13S317,G,9,219.09,171.0,False,E05_RD14-0003-36_37_38_39-1;2;2;1-M2e-0.378IP-Q1.2_001.5sec.fsa,False
D16S539,G,9,267.27,128.0,False,E05_RD14-0003-36_37_38_39-1;2;2;1-M2e-0.378IP-Q1.2_001.5sec.fsa,False
D16S539,G,11,275.25,326.0,False,E05_RD14-0003-36_37_38_39-1;2;2;1-M2e-0.378IP-Q1.2_001.5sec.fsa,False
D16S539,G,12,279.33,158.0,False,E05_RD14-0003-36_37_38_39-1;2;2;1-M2e-0.378IP-Q1.2_001.5sec.fsa,False
D2S1338,G,16,308.73,105.0,False,E05_RD14-0003-36_37_38_39-1;2;2;1-M2e-0.378IP-Q1.2_001.5sec.fsa,False
D2S1338,G,18,316.9,155.0,False,E05_RD14-0003-36_37_38_39-1;2;2;1-M2e-0.378IP-Q1.2_001.5sec.fsa,False
D2S1338,G,19,320.95,91.0,False,E05_RD14-0003-36_37_38_39-1;2;2;1-M2e-0.378IP-Q1.2_001.5sec.fsa,False
D19S433,Y,10.2,106.02,76.0,False,E05_RD14-0003-36_37_38_39-1;2;2;1-M2e-0.378IP-Q1.2_001.5sec.fsa,True
D19S433,Y,13,116.18,397.0,False,E05_RD14-0003-36_37_38_39-1;2;2;1-M2e-0.378IP-Q1.2_001.5sec.fsa,False
D19S433,Y,14,120.08,803.0,False,E05_RD14-0003-36_37_38_39-1;2;2;1-M2e-0.378IP-Q1.2_001.5sec.fsa,False
vWA,Y,16,172.07,209.0,False,E05_RD14-0003-36_37_38_39-1;2;2;1-M2e-0.378IP-Q1.2_001.5sec.fsa,False
vWA,Y,17,176.15,137.0,False,E05_RD14-0003-36_37_38_39-1;2;2;1-M2e-0.378IP-Q1.2_001.5sec.fsa,False
vWA,Y,18,180.16,296.0,False,E05_RD14-0003-36_37_38_39-1;2;2;1-M2e-0.378IP-Q1.2_001.5sec.fsa,False
TPOX,Y,8,228.69,353.0,False,E05_RD14-0003-36_37_38_39-1;2;2;1-M2e-0.378IP-Q1.2_001.5sec.fsa,False
D18S51,Y,13,285.01,55.0,False,E05_RD14-0003-36_37_38_39-1;2;2;1-M2e-0.378IP-Q1.2_001.5sec.fsa,False
D18S51,Y,15,293.04,145.0,False,E05_RD14-0003-36_37_38_39-1;2;2;1-M2e-0.378IP-Q1.2_001.5sec.fsa,False
AMEL,R,X,104.85,714.0,False,E05_RD14-0003-36_37_38_39-1;2;2;1-M2e-0.378IP-Q1.2_001.5sec.fsa,False
AMEL,R,Y,110.83,508.0,False,E05_RD14-0003-36_37_38_39-1;2;2;1-M2e-0.378IP-Q1.2_001.5sec.fsa,False
D5S818,R,10,144.66,65.0,False,E05_RD14-0003-36_37_38_39-1;2;2;1-M2e-0.378IP-Q1.2_001.5sec.fsa,False
D5S818,R,11,148.78,285.0,False,E05_RD14-0003-36_37_38_39-1;2;2;1-M2e-0.378IP-Q1.2_001.5sec.fsa,False
D5S818,R,12,152.91,250.0,False,E05_RD14-0003-36_37_38_39-1;2;2;1-M2e-0.378IP-Q1.2_001.5sec.fsa,False
D5S818,R,13,156.98,192.0,False,E05_RD14-0003-36_37_38_39-1;2;2;1-M2e-0.378IP-Q1.2_001.5sec.fsa,False
FGA,R,22,233.05,323.0,False,E05_RD14-0003-36_37_38_39-1;2;2;1-M2e-0.378IP-Q1.2_001.5sec.fsa,False
FGA,R,23,237.1,87.0,False,E05_RD14-0003-36_37_38_39-1;2;2;1-M2e-0.378IP-Q1.2_001.5sec.fsa,False
FGA,R,24,241.18,75.0,False,E05_RD14-0003-36_37_38_39-1;2;2;1-M2e-0.378IP-Q1.2_001.5sec.fsa,True
D8S1179,B,10,129.53,210.0,False,A07_RD14-0003-35_36_37_38_39-1;4;4;4;1-M2U105-0.434IP-Q9.1_001.5sec.fsa,False
D21S11,B,28,198.74,436.0,False,A07_RD14-0003-35_36_37_38_39-1;4;4;4;1-M2U105-0.434IP-Q9.1_001.5sec.fsa,False
D21S11,B,29,202.71,56.0,False,A07_RD14-0003-35_36_37_38_39-1;4;4;4;1-M2U105-0.434IP-Q9.1_001.5sec.fsa,False
D21S11,B,30,206.74,155.0,False,A07_RD14-0003-35_36_37_38_39-1;4;4;4;1-M2U105-0.434IP-Q9.1_001.5sec.fsa,False
CSF1PO,B,10,318.81,110.0,False,A07_RD14-0003-35_36_37_38_39-1;4;4;4;1-M2U105-0.434IP-Q9.1_001.5sec.fsa,False
CSF1PO,B,12,326.98,112.0,False,A07_RD14-0003-35_36_37_38_39-1;4;4;4;1-M2U105-0.434IP-Q9.1_001.5sec.fsa,False
D3S1358,G,14,118.25,364.0,False,A07_RD14-0003-35_36_37_38_39-1;4;4;4;1-M2U105-0.434IP-Q9.1_001.5sec.fsa,False
D3S1358,G,15,122.15,783.0,False,A07_RD14-0003-35_36_37_38_39-1;4;4;4;1-M2U105-0.434IP-Q9.1_001.5sec.fsa,False
D3S1358,G,16,126.17,281.0,False,A07_RD14-0003-35_36_37_38_39-1;4;4;4;1-M2U105-0.434IP-Q9.1_001.5sec.fsa,False
TH01,G,6,168.54,276.0,False,A07_RD14-0003-35_36_37_38_39-1;4;4;4;1-M2U105-0.434IP-Q9.1_001.5sec.fsa,False
TH01,G,7,172.62,401.0,False,A07_RD14-0003-35_36_37_38_39-1;4;4;4;1-M2U105-0.434IP-Q9.1_001.5sec.fsa,False
TH01,G,8,176.64,311.0,False,A07_RD14-0003-35_36_37_38_39-1;4;4;4;1-M2U105-0.434IP-Q9.1_001.5sec.fsa,False
TH01,G,9.3,183.86,333.0,False,A07_RD14-0003-35_36_37_38_39-1;4;4;4;1-M2U105-0.434IP-Q9.1_001.5sec.fsa,False
D13S317,G,9,219.15,70.0,False,A07_RD14-0003-35_36_37_38_39-1;4;4;4;1-M2U105-0.434IP-Q9.1_001.5sec.fsa,False
D13S317,G,10,223.11,52.0,False,A07_RD14-0003-35_36_37_38_39-1;4;4;4;1-M2U105-0.434IP-Q9.1_001.5sec.fsa,False
D13S317,G,11,227.24,188.0,False,A07_RD14-0003-35_36_37_38_39-1;4;4;4;1-M2U105-0.434IP-Q9.1_001.5sec.fsa,False
D16S539,G,11,275.23,79.0,False,A07_RD14-0003-35_36_37_38_39-1;4;4;4;1-M2U105-0.434IP-Q9.1_001.5sec.fsa,False
D2S1338,G,18,316.99,77.0,False,A07_RD14-0003-35_36_37_38_39-1;4;4;4;1-M2U105-0.434IP-Q9.1_001.5sec.fsa,False
D19S433,Y,10.2,106.05,55.0,False,A07_RD14-0003-35_36_37_38_39-1;4;4;4;1-M2U105-0.434IP-Q9.1_001.5sec.fsa,True
D19S433,Y,13,116.2,97.0,False,A07_RD14-0003-35_36_37_38_39-1;4;4;4;1-M2U105-0.434IP-Q9.1_001.5sec.fsa,False
vWA,Y,15,168.13,212.0,False,A07_RD14-0003-35_36_37_38_39-1;4;4;4;1-M2U105-0.434IP-Q9.1_001.5sec.fsa,False
vWA,Y,16,172.13,208.0,False,A07_RD14-0003-35_36_37_38_39-1;4;4;4;1-M2U105-0.434IP-Q9.1_001.5sec.fsa,False
vWA,Y,17,176.14,58.0,False,A07_RD14-0003-35_36_37_38_39-1;4;4;4;1-M2U105-0.434IP-Q9.1_001.5sec.fsa,False
TPOX,Y,6,220.76,78.0,False,A07_RD14-0003-35_36_37_38_39-1;4;4;4;1-M2U105-0.434IP-Q9.1_001.5sec.fsa,False
TPOX,Y,8,228.68,161.0,False,A07_RD14-0003-35_36_37_38_39-1;4;4;4;1-M2U105-0.434IP-Q9.1_001.5sec.fsa,False
AMEL,R,X,104.87,360.0,False,A07_RD14-0003-35_36_37_38_39-1;4;4;4;1-M2U105-0.434IP-Q9.1_001.5sec.fsa,False
AMEL,R,Y,110.81,261.0,False,A07_RD14-0003-35_36_37_38_39-1;4;4;4;1-M2U105-0.434IP-Q9.1_001.5sec.fsa,False
D5S818,R,10,144.72,114.0,False,A07_RD14-0003-35_36_37_38_39-1;4;4;4;1-M2U105-0.434IP-Q9.1_001.5sec.fsa,False
D5S818,R,11,148.89,117.0,False,A07_RD14-0003-35_36_37_38_39-1;4;4;4;1-M2U105-0.434IP-Q9.1_001.5sec.fsa,False
D5S818,R,12,152.99,113.0,False,A07_RD14-0003-35_36_37_38_39-1;4;4;4;1-M2U105-0.434IP-Q9.1_001.5sec.fsa,False
D8S1179,B,11,133.83,107.0,False,A05_RD14-0003-46_47_48-1;1;1-M3I22-0.189IP-Q0.9_001.5sec.fsa,False
D8S1179,B,13,142.1,359.0,False,A05_RD14-0003-46_47_48-1;1;1-M3I22-0.189IP-Q0.9_001.5sec.fsa,False
D21S11,B,27,194.67,54.0,False,A05_RD14-0003-46_47_48-1;1;1-M3I22-0.189IP-Q0.9_001.5sec.fsa,False
D21S11,B,29,202.74,102.0,False,A05_RD14-0003-46_47_48-1;1;1-M3I22-0.189IP-Q0.9_001.5sec.fsa,False
D7S820,B,9,266.13,163.0,False,A05_RD14-0003-46_47_48-1;1;1-M3I22-0.189IP-Q0.9_001.5sec.fsa,False
D7S820,B,10,270.23,175.0,False,A05_RD14-0003-46_47_48-1;1;1-M3I22-0.189IP-Q0.9_001.5sec.fsa,False
CSF1PO,B,10,318.83,241.0,False,A05_RD14-0003-46_47_48-1;1;1-M3I22-0.189IP-Q0.9_001.5sec.fsa,False
CSF1PO,B,11,322.92,95.0,False,A05_RD14-0003-46_47_48-1;1;1-M3I22-0.189IP-Q0.9_001.5sec.fsa,False
CSF1PO,B,12,326.94,244.0,False,A05_RD14-0003-46_47_48-1;1;1-M3I22-0.189IP-Q0.9_001.5sec.fsa,False
D3S1358,G,14,118.5,350.0,False,A05_RD14-0003-46_47_48-1;1;1-M3I22-0.189IP-Q0.9_001.5sec.fsa,False
TH01,G,6,168.56,238.0,False,A05_RD14-0003-46_47_48-1;1;1-M3I22-0.189IP-Q0.9_001.5sec.fsa,False
TH01,G,7,172.65,287.0,False,A05_RD14-0003-46_47_48-1;1;1-M3I22-0.189IP-Q0.9_001.5sec.fsa,False
TH01,G,9,180.78,434.0,False,A05_RD14-0003-46_47_48-1;1;1-M3I22-0.189IP-Q0.9_001.5sec.fsa,False
D16S539,G,9,267.38,185.0,False,A05_RD14-0003-46_47_48-1;1;1-M3I22-0.189IP-Q0.9_001.5sec.fsa,False
D16S539,G,11,275.33,79.0,False,A05_RD14-0003-46_47_48-1;1;1-M3I22-0.189IP-Q0.9_001.5sec.fsa,False
D2S1338,G,23,337.24,165.0,False,A05_RD14-0003-46_47_48-1;1;1-M3I22-0.189IP-Q0.9_001.5sec.fsa,True
D2S1338,G,24,341.22,91.0,False,A05_RD14-0003-46_47_48-1;1;1-M3I22-0.189IP-Q0.9_001.5sec.fsa,True
D2S1338,G,25,345.25,303.0,False,A05_RD14-0003-46_47_48-1;1;1-M3I22-0.189IP-Q0.9_001.5sec.fsa,True
D19S433,Y,10,104.09,109.0,False,A05_RD14-0003-46_47_48-1;1;1-M3I22-0.189IP-Q0.9_001.5sec.fsa,False
D19S433,Y,13,116.29,127.0,False,A05_RD14-0003-46_47_48-1;1;1-M3I22-0.189IP-Q0.9_001.5sec.fsa,False
D19S433,Y,14,120.24,160.0,False,A05_RD14-0003-46_47_48-1;1;1-M3I22-0.189IP-Q0.9_001.5sec.fsa,False
D19S433,Y,14.2,122.22,105.0,False,A05_RD14-0003-46_47_48-1;1;1-M3I22-0.189IP-Q0.9_001.5sec.fsa,True
vWA,Y,16,172.22,292.0,False,A05_RD14-0003-46_47_48-1;1;1-M3I22-0.189IP-Q0.9_001.5sec.fsa,False
TPOX,Y,8,228.76,598.0,False,A05_RD14-0003-46_47_48-1;1;1-M3I22-0.189IP-Q0.9_001.5sec.fsa,False
TPOX,Y,9,232.73,71.0,False,A05_RD14-0003-46_47_48-1;1;1-M3I22-0.189IP-Q0.9_001.5sec.fsa,False
TPOX,Y,10,236.8,69.0,False,A05_RD14-0003-46_47_48-1;1;1-M3I22-0.189IP-Q0.9_001.5sec.fsa,False
D18S51,Y,12,281.16,99.0,False,A05_RD14-0003-46_47_48-1;1;1-M3I22-0.189IP-Q0.9_001.5sec.fsa,False
D18S51,Y,13,285.19,227.0,False,A05_RD14-0003-46_47_48-1;1;1-M3I22-0.189IP-Q0.9_001.5sec.fsa,False
D18S51,Y,15,293.17,69.0,False,A05_RD14-0003-46_47_48-1;1;1-M3I22-0.189IP-Q0.9_001.5sec.fsa,False
AMEL,R,X,104.98,160.0,False,A05_RD14-0003-46_47_48-1;1;1-M3I22-0.189IP-Q0.9_001.5sec.fsa,False
AMEL,R,Y,110.92,401.0,False,A05_RD14-0003-46_47_48-1;1;1-M3I22-0.189IP-Q0.9_001.5sec.fsa,False
D5S818,R,11,148.88,194.0,False,A05_RD14-0003-46_47_48-1;1;1-M3I22-0.189IP-Q0.9_001.5sec.fsa,False
D5S818,R,12,153.05,110.0,False,A05_RD14-0003-46_47_48-1;1;1-M3I22-0.189IP-Q0.9_001.5sec.fsa,False
FGA,R,19,220.96,105.0,False,A05_RD14-0003-46_47_48-1;1;1-M3I22-0.189IP-Q0.9_001.5sec.fsa,False
FGA,R,21,229.11,98.0,False,A05_RD14-0003-46_47_48-1;1;1-M3I22-0.189IP-Q0.9_001.5sec.fsa,False
D8S1179,B,10,129.8,239.0,False,A06_RD14-0003-49_50_29-1;4;1-M3I15-0.186IP-Q0.9_001.5sec.fsa,False
D8S1179,B,13,142.14,57.0,False,A06_RD14-0003-49_50_29-1;4;1-M3I15-0.186IP-Q0.9_001.5sec.fsa,False
D21S11,B,28,198.76,62.0,False,A06_RD14-0003-49_50_29-1;4;1-M3I15-0.186IP-Q0.9_001.5sec.fsa,False
D21S11,B,31.2,212.68,61.0,False,A06_RD14-0003-49_50_29-1;4;1-M3I15-0.186IP-Q0.9_001.5sec.fsa,True
D7S820,B,8,262.16,258.0,False,A06_RD14-0003-49_50_29-1;4;1-M3I15-0.186IP-Q0.9_001.5sec.fsa,False
D3S1358,G,16,126.42,222.0,False,A06_RD14-0003-49_50_29-1;4;1-M3I15-0.186IP-Q0.9_001.5sec.fsa,False
D3S1358,G,17,130.54,276.0,False,A06_RD14-0003-49_50_29-1;4;1-M3I15-0.186IP-Q0.9_001.5sec.fsa,False
TH01,G,6,168.68,184.0,False,A06_RD14-0003-49_50_29-1;4;1-M3I15-0.186IP-Q0.9_001.5sec.fsa,False
TH01,G,7,172.73,274.0,False,A06_RD14-0003-49_50_29-1;4;1-M3I15-0.186IP-Q0.9_001.5sec.fsa,False
D13S317,G,11,227.28,264.0,False,A06_RD14-0003-49_50_29-1;4;1-M3I15-0.186IP-Q0.9_001.5sec.fsa,False
D13S317,G,12,231.37,289.0,False,A06_RD14-0003-49_50_29-1;4;1-M3I15-0.186IP-Q0.9_001.5sec.fsa,False
D16S539,G,10,271.37,54.0,False,A06_RD14-0003-49_50_29-1;4;1-M3I15-0.186IP-Q0.9_001.5sec.fsa,False
D16S539,G,11,275.36,176.0,False,A06_RD14-0003-49_50_29-1;4;1-M3I15-0.186IP-Q0.9_001.5sec.fsa,False
D16S539,G,12,279.36,139.0,False,A06_RD14-0003-49_50_29-1;4;1-M3I15-0.186IP-Q0.9_001.5sec.fsa,False
D16S539,G,13,283.25,252.0,False,A06_RD14-0003-49_50_29-1;4;1-M3I15-0.186IP-Q0.9_001.5sec.fsa,False
D2S1338,G,17,312.89,107.0,False,A06_RD14-0003-49_50_29-1;4;1-M3I15-0.186IP-Q0.9_001.5sec.fsa,False
D2S1338,G,21,329.3,369.0,False,A06_RD14-0003-49_50_29-1;4;1-M3I15-0.186IP-Q0.9_001.5sec.fsa,True
D2S1338,G,22,333.32,120.0,False,A06_RD14-0003-49_50_29-1;4;1-M3I15-0.186IP-Q0.9_001.5sec.fsa,False
D19S433,Y,11,108.23,248.0,False,A06_RD14-0003-49_50_29-1;4;1-M3I15-0.186IP-Q0.9_001.5sec.fsa,False
D19S433,Y,12,112.35,161.0,False,A06_RD14-0003-49_50_29-1;4;1-M3I15-0.186IP-Q0.9_001.5sec.fsa,False
vWA,Y,15,168.25,157.0,False,A06_RD14-0003-49_50_29-1;4;1-M3I15-0.186IP-Q0.9_001.5sec.fsa,False
vWA,Y,17,176.28,96.0,False,A06_RD14-0003-49_50_29-1;4;1-M3I15-0.186IP-Q0.9_001.5sec.fsa,False
TPOX,Y,7,224.97,209.0,False,A06_RD14-0003-49_50_29-1;4;1-M3I15-0.186IP-Q0.9_001.5sec.fsa,True
TPOX,Y,10,236.88,75.0,False,A06_RD14-0003-49_50_29-1;4;1-M3I15-0.186IP-Q0.9_001.5sec.fsa,False
TPOX,Y,11,240.92,330.0,False,A06_RD14-0003-49_50_29-1;4;1-M3I15-0.186IP-Q0.9_001.5sec.fsa,False
D18S51,Y,12,281.17,75.0,False,A06_RD14-0003-49_50_29-1;4;1-M3I15-0.186IP-Q0.9_001.5sec.fsa,False
AMEL,R,X,104.99,271.0,False,A06_RD14-0003-49_50_29-1;4;1-M3I15-0.186IP-Q0.9_001.5sec.fsa,False
AMEL,R,Y,110.95,321.0,False,A06_RD14-0003-49_50_29-1;4;1-M3I15-0.186IP-Q0.9_001.5sec.fsa,False
D5S818,R,11,148.95,385.0,False,A06_RD14-0003-49_50_29-1;4;1-M3I15-0.186IP-Q0.9_001.5sec.fsa,False
FGA,R,19,221.06,129.0,False,A06_RD14-0003-49_50_29-1;4;1-M3I15-0.186IP-Q0.9_001.5sec.fsa,False
D8S1179,B,11,133.74,355.0,False,A07_RD14-0003-30_31_32-1;4;4-M3I15-0.567IP-Q1.1_001.5sec.fsa,False
D8S1179,B,12,137.98,293.0,False,A07_RD14-0003-30_31_32-1;4;4-M3I15-0.567IP-Q1.1_001.5sec.fsa,False
D8S1179,B,13,142.05,386.0,False,A07_RD14-0003-30_31_32-1;4;4-M3I15-0.567IP-Q1.1_001.5sec.fsa,False
D21S11,B,29,202.75,729.0,False,A07_RD14-0003-30_31_32-1;4;4-M3I15-0.567IP-Q1.1_001.5sec.fsa,False
D7S820,B,8,262.17,74.0,False,A07_RD14-0003-30_31_32-1;4;4-M3I15-0.567IP-Q1.1_001.5sec.fsa,False
D3S1358,G,14,118.27,52.0,False,A07_RD14-0003-30_31_32-1;4;4-M3I15-0.567IP-Q1.1_001.5sec.fsa,False
D3S1358,G,15,122.24,688.0,False,A07_RD14-0003-30_31_32-1;4;4-M3I15-0.567IP-Q1.1_001.5sec.fsa,False
D3S1358,G,16,126.44,681.0,False,A07_RD14-0003-30_31_32-1;4;4-M3I15-0.567IP-Q1.1_001.5sec.fsa,False
D3S1358,G,17,130.36,265.0,False,A07_RD14-0003-30_31_32-1;4;4-M3I15-0.567IP-Q1.1_001.5sec.fsa,False
TH01,G,6,168.69,106.0,False,A07_RD14-0003-30_31_32-1;4;4-M3I15-0.567IP-Q1.1_001.5sec.fsa,False
TH01,G,7,172.74,338.0,False,A07_RD14-0003-30_31_32-1;4;4-M3I15-0.567IP-Q1.1_001.5sec.fsa,False
D13S317,G,11,227.28,726.0,False,A07_RD14-0003-30_31_32-1;4;4-M3I15-0.567IP-Q1.1_001.5sec.fsa,False
D13S317,G,12,231.28,1417.0,False,A07_RD14-0003-30_31_32-1;4;4-M3I15-0.567IP-Q1.1_001.5sec.fsa,False
D16S539,G,10,271.33,347.0,False,A07_RD14-0003-30_31_32-1;4;4-M3I15-0.567IP-Q1.1_001.5sec.fsa,False
D16S539,G,11,275.34,449.0,False,A07_RD14-0003-30_31_32-1;4;4-M3I15-0.567IP-Q1.1_001.5sec.fsa,False
D16S539,G,12,279.36,266.0,False,A07_RD14-0003-30_31_32-1;4;4-M3I15-0.567IP-Q1.1_001.5sec.fsa,False
D16S539,G,13,283.34,500.0,False,A07_RD14-0003-30_31_32-1;4;4-M3I15-0.567IP-Q1.1_001.5sec.fsa,False
D2S1338,G,17,312.88,113.0,False,A07_RD14-0003-30_31_32-1;4;4-M3I15-0.567IP-Q1.1_001.5sec.fsa,False
D2S1338,G,18,316.99,74.0,False,A07_RD14-0003-30_31_32-1;4;4-M3I15-0.567IP-Q1.1_001.5sec.fsa,False
D2S1338,G,19,321.14,989.0,False,A07_RD14-0003-30_31_32-1;4;4-M3I15-0.567IP-Q1.1_001.5sec.fsa,False
vWA,Y,15,168.25,307.0,False,A07_RD14-0003-30_31_32-1;4;4-M3I15-0.567IP-Q1.1_001.5sec.fsa,False
vWA,Y,16,172.22,307.0,False,A07_RD14-0003-30_31_32-1;4;4-M3I15-0.567IP-Q1.1_001.5sec.fsa,False
TPOX,Y,6,220.89,319.0,False,A07_RD14-0003-30_31_32-1;4;4-M3I15-0.567IP-Q1.1_001.5sec.fsa,False
TPOX,Y,8,228.88,631.0,False,A07_RD14-0003-30_31_32-1;4;4-M3I15-0.567IP-Q1.1_001.5sec.fsa,False
TPOX,Y,11,240.92,226.0,False,A07_RD14-0003-30_31_32-1;4;4-M3I15-0.567IP-Q1.1_001.5sec.fsa,False
D18S51,Y,12,281.17,333.0,False,A07_RD14-0003-30_31_32-1;4;4-M3I15-0.567IP-Q1.1_001.5sec.fsa,False
D18S51,Y,14,289.22,396.0,False,A07_RD14-0003-30_31_32-1;4;4-M3I15-0.567IP-Q1.1_001.5sec.fsa,False
D18S51,Y,15,293.2,250.0,False,A07_RD14-0003-30_31_32-1;4;4-M3I15-0.567IP-Q1.1_001.5sec.fsa,False
AMEL,R,X,105.05,453.0,False,A07_RD14-0003-30_31_32-1;4;4-M3I15-0.567IP-Q1.1_001.5sec.fsa,False
AMEL,R,Y,110.98,659.0,False,A07_RD14-0003-30_31_32-1;4;4-M3I15-0.567IP-Q1.1_001.5sec.fsa,False
D5S818,R,10,144.78,383.0,False,A07_RD14-0003-30_31_32-1;4;4-M3I15-0.567IP-Q1.1_001.5sec.fsa,False
D5S818,R,11,148.9,443.0,False,A07_RD14-0003-30_31_32-1;4;4-M3I15-0.567IP-Q1.1_001.5sec.fsa,False
D5S818,R,12,153.05,51.0,False,A07_RD14-0003-30_31_32-1;4;4-M3I15-0.567IP-Q1.1_001.5sec.fsa,False
D5S818,R,13,157.21,242.0,False,A07_RD14-0003-30_31_32-1;4;4-M3I15-0.567IP-Q1.1_001.5sec.fsa,False
FGA,R,19,221.06,110.0,False,A07_RD14-0003-30_31_32-1;4;4-M3I15-0.567IP-Q1.1_001.5sec.fsa,False
FGA,R,21,229.23,352.0,False,A07_RD14-0003-30_31_32-1;4;4-M3I15-0.567IP-Q1.1_001.5sec.fsa,False
FGA,R,22,233.24,121.0,False,A07_RD14-0003-30_31_32-1;4;4-M3I15-0.567IP-Q1.1_001.5sec.fsa,False
D8S1179,B,11,133.8,102.0,False,A08_RD14-0003-30_31_32-1;4;4-M3I35-0.279IP-QLAND_001.5sec.fsa,False
D8S1179,B,12,138.01,110.0,False,A08_RD14-0003-30_31_32-1;4;4-M3I35-0.279IP-QLAND_001.5sec.fsa,False
D8S1179,B,13,142.03,225.0,False,A08_RD14-0003-30_31_32-1;4;4-M3I35-0.279IP-QLAND_001.5sec.fsa,False
D8S1179,B,14,146.28,66.0,False,A08_RD14-0003-30_31_32-1;4;4-M3I35-0.279IP-QLAND_001.5sec.fsa,False
D21S11,B,29,202.82,300.0,False,A08_RD14-0003-30_31_32-1;4;4-M3I35-0.279IP-QLAND_001.5sec.fsa,False
D7S820,B,11,274.19,219.0,False,A08_RD14-0003-30_31_32-1;4;4-M3I35-0.279IP-QLAND_001.5sec.fsa,False
CSF1PO,B,10,318.85,66.0,False,A08_RD14-0003-30_31_32-1;4;4-M3I35-0.279IP-QLAND_001.5sec.fsa,False
CSF1PO,B,11,322.97,164.0,False,A08_RD14-0003-30_31_32-1;4;4-M3I35-0.279IP-QLAND_001.5sec.fsa,False
CSF1PO,B,12,327.03,240.0,False,A08_RD14-0003-30_31_32-1;4;4-M3I35-0.279IP-QLAND_001.5sec.fsa,False
D3S1358,G,15,122.31,355.0,False,A08_RD14-0003-30_31_32-1;4;4-M3I35-0.279IP-QLAND_001.5sec.fsa,False
D3S1358,G,16,126.48,421.0,False,A08_RD14-0003-30_31_32-1;4;4-M3I35-0.279IP-QLAND_001.5sec.fsa,False
TH01,G,7,172.78,195.0,False,A08_RD14-0003-30_31_32-1;4;4-M3I35-0.279IP-QLAND_001.5sec.fsa,False
D13S317,G,11,227.31,182.0,False,A08_RD14-0003-30_31_32-1;4;4-M3I35-0.279IP-QLAND_001.5sec.fsa,False
D16S539,G,10,271.25,186.0,False,A08_RD14-0003-30_31_32-1;4;4-M3I35-0.279IP-QLAND_001.5sec.fsa,False
D16S539,G,11,275.26,132.0,False,A08_RD14-0003-30_31_32-1;4;4-M3I35-0.279IP-QLAND_001.5sec.fsa,False
D16S539,G,12,279.28,151.0,False,A08_RD14-0003-30_31_32-1;4;4-M3I35-0.279IP-QLAND_001.5sec.fsa,False
D2S1338,G,19,321.21,243.0,False,A08_RD14-0003-30_31_32-1;4;4-M3I35-0.279IP-QLAND_001.5sec.fsa,False
D19S433,Y,11,108.21,52.0,False,A08_RD14-0003-30_31_32-1;4;4-M3I35-0.279IP-QLAND_001.5sec.fsa,False
D19S433,Y,13,116.29,99.0,False,A08_RD14-0003-30_31_32-1;4;4-M3I35-0.279IP-QLAND_001.5sec.fsa,False
vWA,Y,15,168.28,194.0,False,A08_RD14-0003-30_31_32-1;4;4-M3I35-0.279IP-QLAND_001.5sec.fsa,False
vWA,Y,16,172.27,211.0,False,A08_RD14-0003-30_31_32-1;4;4-M3I35-0.279IP-QLAND_001.5sec.fsa,False
TPOX,Y,6,220.87,203.0,False,A08_RD14-0003-30_31_32-1;4;4-M3I35-0.279IP-QLAND_001.5sec.fsa,False
TPOX,Y,8,228.88,299.0,False,A08_RD14-0003-30_31_32-1;4;4-M3I35-0.279IP-QLAND_001.5sec.fsa,False
D18S51,Y,12,281.15,155.0,False,A08_RD14-0003-30_31_32-1;4;4-M3I35-0.279IP-QLAND_001.5sec.fsa,False
D18S51,Y,14,289.15,166.0,False,A08_RD14-0003-30_31_32-1;4;4-M3I35-0.279IP-QLAND_001.5sec.fsa,False
D18S51,Y,15,293.24,94.0,False,A08_RD14-0003-30_31_32-1;4;4-M3I35-0.279IP-QLAND_001.5sec.fsa,False
D18S51,Y,16,297.24,67.0,False,A08_RD14-0003-30_31_32-1;4;4-M3I35-0.279IP-QLAND_001.5sec.fsa,False
AMEL,R,X,105.02,282.0,False,A08_RD14-0003-30_31_32-1;4;4-M3I35-0.279IP-QLAND_001.5sec.fsa,False
AMEL,R,Y,110.99,200.0,False,A08_RD14-0003-30_31_32-1;4;4-M3I35-0.279IP-QLAND_001.5sec.fsa,False
D5S818,R,10,144.83,334.0,False,A08_RD14-0003-30_31_32-1;4;4-M3I35-0.279IP-QLAND_001.5sec.fsa,False
D5S818,R,11,148.92,109.0,False,A08_RD14-0003-30_31_32-1;4;4-M3I35-0.279IP-QLAND_001.5sec.fsa,False
D5S818,R,13,157.24,102.0,False,A08_RD14-0003-30_31_32-1;4;4-M3I35-0.279IP-QLAND_001.5sec.fsa,False
FGA,R,21,229.14,198.0,False,A08_RD14-0003-30_31_32-1;4;4-M3I35-0.279IP-QLAND_001.5sec.fsa,False
D21S11,B,27,194.67,63.0,False,A02_RD14-0003-40_41_42_43-1;1;1;1-M4I35-0.124IP-QLAND_001.5sec.fsa,False
D21S11,B,28,198.78,77.0,False,A02_RD14-0003-40_41_42_43-1;1;1;1-M4I35-0.124IP-QLAND_001.5sec.fsa,False
D7S820,B,9,266.2,53.0,False,A02_RD14-0003-40_41_42_43-1;1;1;1-M4I35-0.124IP-QLAND_001.5sec.fsa,False
D7S820,B,11,274.2,142.0,False,A02_RD14-0003-40_41_42_43-1;1;1;1-M4I35-0.124IP-QLAND_001.5sec.fsa,False
CSF1PO,B,12,327.0,97.0,False,A02_RD14-0003-40_41_42_43-1;1;1;1-M4I35-0.124IP-QLAND_001.5sec.fsa,False
D3S1358,G,15,122.32,82.0,False,A02_RD14-0003-40_41_42_43-1;1;1;1-M4I35-0.124IP-QLAND_001.5sec.fsa,False
TH01,G,7,172.71,78.0,False,A02_RD14-0003-40_41_42_43-1;1;1;1-M4I35-0.124IP-QLAND_001.5sec.fsa,False
TH01,G,8,176.74,242.0,False,A02_RD14-0003-40_41_42_43-1;1;1;1-M4I35-0.124IP-QLAND_001.5sec.fsa,False
D13S317,G,12,231.33,158.0,False,A02_RD14-0003-40_41_42_43-1;1;1;1-M4I35-0.124IP-QLAND_001.5sec.fsa,False
D13S317,G,13,235.31,123.0,False,A02_RD14-0003-40_41_42_43-1;1;1;1-M4I35-0.124IP-QLAND_001.5sec.fsa,False
D16S539,G,10,271.35,204.0,False,A02_RD14-0003-40_41_42_43-1;1;1;1-M4I35-0.124IP-QLAND_001.5sec.fsa,False
D16S539,G,11,275.36,84.0,False,A02_RD14-0003-40_41_42_43-1;1;1;1-M4I35-0.124IP-QLAND_001.5sec.fsa,False
D2S1338,G,19,321.2,99.0,False,A02_RD14-0003-40_41_42_43-1;1;1;1-M4I35-0.124IP-QLAND_001.5sec.fsa,False
D2S1338,G,20,325.26,53.0,False,A02_RD14-0003-40_41_42_43-1;1;1;1-M4I35-0.124IP-QLAND_001.5sec.fsa,False
D19S433,Y,11,108.27,50.0,False,A02_RD14-0003-40_41_42_43-1;1;1;1-M4I35-0.124IP-QLAND_001.5sec.fsa,False
D19S433,Y,13.2,118.27,63.0,False,A02_RD14-0003-40_41_42_43-1;1;1;1-M4I35-0.124IP-QLAND_001.5sec.fsa,False
vWA,Y,16,172.29,50.0,False,A02_RD14-0003-40_41_42_43-1;1;1;1-M4I35-0.124IP-QLAND_001.5sec.fsa,False
vWA,Y,17,176.31,58.0,False,A02_RD14-0003-40_41_42_43-1;1;1;1-M4I35-0.124IP-QLAND_001.5sec.fsa,False
vWA,Y,18,180.35,80.0,False,A02_RD14-0003-40_41_42_43-1;1;1;1-M4I35-0.124IP-QLAND_001.5sec.fsa,False
vWA,Y,19,184.45,55.0,False,A02_RD14-0003-40_41_42_43-1;1;1;1-M4I35-0.124IP-QLAND_001.5sec.fsa,True
TPOX,Y,8,228.86,189.0,False,A02_RD14-0003-40_41_42_43-1;1;1;1-M4I35-0.124IP-QLAND_001.5sec.fsa,False
AMEL,R,X,104.97,247.0,False,A02_RD14-0003-40_41_42_43-1;1;1;1-M4I35-0.124IP-QLAND_001.5sec.fsa,False
D5S818,R,11,148.88,123.0,False,A02_RD14-0003-40_41_42_43-1;1;1;1-M4I35-0.124IP-QLAND_001.5sec.fsa,False
FGA,R,28,257.66,60.0,False,A02_RD14-0003-40_41_42_43-1;1;1;1-M4I35-0.124IP-QLAND_001.5sec.fsa,True
D8S1179,B,10,129.71,238.0,False,A03_RD14-0003-44_45_46_47-1;1;4;1-M3I35-0.441IP-QLAND_001.5sec.fsa,False
D8S1179,B,11,133.8,249.0,False,A03_RD14-0003-44_45_46_47-1;1;4;1-M3I35-0.441IP-QLAND_001.5sec.fsa,False
D21S11,B,27,194.61,116.0,False,A03_RD14-0003-44_45_46_47-1;1;4;1-M3I35-0.441IP-QLAND_001.5sec.fsa,False
D21S11,B,28,198.67,144.0,False,A03_RD14-0003-44_45_46_47-1;1;4;1-M3I35-0.441IP-QLAND_001.5sec.fsa,False
D7S820,B,8,262.09,51.0,False,A03_RD14-0003-44_45_46_47-1;1;4;1-M3I35-0.441IP-QLAND_001.5sec.fsa,False
D7S820,B,9,266.1,370.0,False,A03_RD14-0003-44_45_46_47-1;1;4;1-M3I35-0.441IP-QLAND_001.5sec.fsa,False
D7S820,B,10,270.13,343.0,False,A03_RD14-0003-44_45_46_47-1;1;4;1-M3I35-0.441IP-QLAND_001.5sec.fsa,False
CSF1PO,B,10,318.76,302.0,False,A03_RD14-0003-44_45_46_47-1;1;4;1-M3I35-0.441IP-QLAND_001.5sec.fsa,False
D3S1358,G,14,118.46,479.0,False,A03_RD14-0003-44_45_46_47-1;1;4;1-M3I35-0.441IP-QLAND_001.5sec.fsa,False
D3S1358,G,15,122.39,678.0,False,A03_RD14-0003-44_45_46_47-1;1;4;1-M3I35-0.441IP-QLAND_001.5sec.fsa,False
D3S1358,G,16,126.5,284.0,False,A03_RD14-0003-44_45_46_47-1;1;4;1-M3I35-0.441IP-QLAND_001.5sec.fsa,False
D3S1358,G,17,130.18,93.0,False,A03_RD14-0003-44_45_46_47-1;1;4;1-M3I35-0.441IP-QLAND_001.5sec.fsa,False
TH01,G,6,168.64,193.0,False,A03_RD14-0003-44_45_46_47-1;1;4;1-M3I35-0.441IP-QLAND_001.5sec.fsa,False
TH01,G,7,172.73,262.0,False,A03_RD14-0003-44_45_46_47-1;1;4;1-M3I35-0.441IP-QLAND_001.5sec.fsa,False
TH01,G,9,180.83,299.0,False,A03_RD14-0003-44_45_46_47-1;1;4;1-M3I35-0.441IP-QLAND_001.5sec.fsa,False
D13S317,G,8,215.1,292.0,False,A03_RD14-0003-44_45_46_47-1;1;4;1-M3I35-0.441IP-QLAND_001.5sec.fsa,False
D13S317,G,12,231.32,904.0,False,A03_RD14-0003-44_45_46_47-1;1;4;1-M3I35-0.441IP-QLAND_001.5sec.fsa,False
D16S539,G,10,271.31,288.0,False,A03_RD14-0003-44_45_46_47-1;1;4;1-M3I35-0.441IP-QLAND_001.5sec.fsa,False
D16S539,G,11,275.27,391.0,False,A03_RD14-0003-44_45_46_47-1;1;4;1-M3I35-0.441IP-QLAND_001.5sec.fsa,False
D16S539,G,12,279.24,826.0,False,A03_RD14-0003-44_45_46_47-1;1;4;1-M3I35-0.441IP-QLAND_001.5sec.fsa,False
D2S1338,G,19,321.04,132.0,False,A03_RD14-0003-44_45_46_47-1;1;4;1-M3I35-0.441IP-QLAND_001.5sec.fsa,False
D2S1338,G,23,337.17,114.0,False,A03_RD14-0003-44_45_46_47-1;1;4;1-M3I35-0.441IP-QLAND_001.5sec.fsa,True
D19S433,Y,10,104.05,251.0,False,A03_RD14-0003-44_45_46_47-1;1;4;1-M3I35-0.441IP-QLAND_001.5sec.fsa,False
vWA,Y,13,160.08,69.0,False,A03_RD14-0003-44_45_46_47-1;1;4;1-M3I35-0.441IP-QLAND_001.5sec.fsa,False
vWA,Y,16,172.24,791.0,False,A03_RD14-0003-44_45_46_47-1;1;4;1-M3I35-0.441IP-QLAND_001.5sec.fsa,False
vWA,Y,18,180.33,71.0,False,A03_RD14-0003-44_45_46_47-1;1;4;1-M3I35-0.441IP-QLAND_001.5sec.fsa,False
TPOX,Y,8,228.82,617.0,False,A03_RD14-0003-44_45_46_47-1;1;4;1-M3I35-0.441IP-QLAND_001.5sec.fsa,False
TPOX,Y,10,236.91,106.0,False,A03_RD14-0003-44_45_46_47-1;1;4;1-M3I35-0.441IP-QLAND_001.5sec.fsa,False
TPOX,Y,11,240.86,255.0,False,A03_RD14-0003-44_45_46_47-1;1;4;1-M3I35-0.441IP-QLAND_001.5sec.fsa,False
D18S51,Y,12,281.09,80.0,False,A03_RD14-0003-44_45_46_47-1;1;4;1-M3I35-0.441IP-QLAND_001.5sec.fsa,False
D18S51,Y,13,285.11,266.0,False,A03_RD14-0003-44_45_46_47-1;1;4;1-M3I35-0.441IP-QLAND_001.5sec.fsa,False
D18S51,Y,15,293.14,124.0,False,A03_RD14-0003-44_45_46_47-1;1;4;1-M3I35-0.441IP-QLAND_001.5sec.fsa,False
AMEL,R,X,104.92,629.0,False,A03_RD14-0003-44_45_46_47-1;1;4;1-M3I35-0.441IP-QLAND_001.5sec.fsa,False
AMEL,R,Y,110.93,301.0,False,A03_RD14-0003-44_45_46_47-1;1;4;1-M3I35-0.441IP-QLAND_001.5sec.fsa,False
D5S818,R,11,148.92,642.0,False,A03_RD14-0003-44_45_46_47-1;1;4;1-M3I35-0.441IP-QLAND_001.5sec.fsa,False
D5S818,R,12,153.04,83.0,False,A03_RD14-0003-44_45_46_47-1;1;4;1-M3I35-0.441IP-QLAND_001.5sec.fsa,False
D5S818,R,13,157.18,101.0,False,A03_RD14-0003-44_45_46_47-1;1;4;1-M3I35-0.441IP-QLAND_001.5sec.fsa,False
FGA,R,21,229.15,160.0,False,A03_RD14-0003-44_45_46_47-1;1;4;1-M3I35-0.441IP-QLAND_001.5sec.fsa,False
FGA,R,22,233.15,68.0,False,A03_RD14-0003-44_45_46_47-1;1;4;1-M3I35-0.441IP-QLAND_001.5sec.fsa,False
FGA,R,23,237.33,79.0,False,A03_RD14-0003-44_45_46_47-1;1;4;1-M3I35-0.441IP-QLAND_001.5sec.fsa,False
D8S1179,B,10,129.71,480.0,False,A04_RD14-0003-48_49_50_29-1;4;4;4-M3I22-0.403IP-Q1.7_001.5sec.fsa,False
D8S1179,B,12,138.0,170.0,False,A04_RD14-0003-48_49_50_29-1;4;4;4-M3I22-0.403IP-Q1.7_001.5sec.fsa,False
D8S1179,B,13,142.04,218.0,False,A04_RD14-0003-48_49_50_29-1;4;4;4-M3I22-0.403IP-Q1.7_001.5sec.fsa,False
D8S1179,B,14,146.21,86.0,False,A04_RD14-0003-48_49_50_29-1;4;4;4-M3I22-0.403IP-Q1.7_001.5sec.fsa,False
D21S11,B,28,198.74,235.0,False,A04_RD14-0003-48_49_50_29-1;4;4;4-M3I22-0.403IP-Q1.7_001.5sec.fsa,False
D21S11,B,29,202.79,225.0,False,A04_RD14-0003-48_49_50_29-1;4;4;4-M3I22-0.403IP-Q1.7_001.5sec.fsa,False
CSF1PO,B,9,314.55,54.0,False,A04_RD14-0003-48_49_50_29-1;4;4;4-M3I22-0.403IP-Q1.7_001.5sec.fsa,True
CSF1PO,B,10,318.79,311.0,False,A04_RD14-0003-48_49_50_29-1;4;4;4-M3I22-0.403IP-Q1.7_001.5sec.fsa,False
CSF1PO,B,11,322.95,120.0,False,A04_RD14-0003-48_49_50_29-1;4;4;4-M3I22-0.403IP-Q1.7_001.5sec.fsa,False
D3S1358,G,14,118.46,92.0,False,A04_RD14-0003-48_49_50_29-1;4;4;4-M3I22-0.403IP-Q1.7_001.5sec.fsa,False
D3S1358,G,15,122.31,58.0,False,A04_RD14-0003-48_49_50_29-1;4;4;4-M3I22-0.403IP-Q1.7_001.5sec.fsa,False
D3S1358,G,16,126.42,220.0,False,A04_RD14-0003-48_49_50_29-1;4;4;4-M3I22-0.403IP-Q1.7_001.5sec.fsa,False
TH01,G,6,168.63,281.0,False,A04_RD14-0003-48_49_50_29-1;4;4;4-M3I22-0.403IP-Q1.7_001.5sec.fsa,False
TH01,G,7,172.72,294.0,False,A04_RD14-0003-48_49_50_29-1;4;4;4-M3I22-0.403IP-Q1.7_001.5sec.fsa,False
TH01,G,8,176.72,244.0,False,A04_RD14-0003-48_49_50_29-1;4;4;4-M3I22-0.403IP-Q1.7_001.5sec.fsa,False
D13S317,G,11,227.28,348.0,False,A04_RD14-0003-48_49_50_29-1;4;4;4-M3I22-0.403IP-Q1.7_001.5sec.fsa,False
D13S317,G,12,231.31,602.0,False,A04_RD14-0003-48_49_50_29-1;4;4;4-M3I22-0.403IP-Q1.7_001.5sec.fsa,False
D13S317,G,13,235.36,146.0,False,A04_RD14-0003-48_49_50_29-1;4;4;4-M3I22-0.403IP-Q1.7_001.5sec.fsa,False
D2S1338,G,17,312.77,381.0,False,A04_RD14-0003-48_49_50_29-1;4;4;4-M3I22-0.403IP-Q1.7_001.5sec.fsa,False
D19S433,Y,11,108.12,170.0,False,A04_RD14-0003-48_49_50_29-1;4;4;4-M3I22-0.403IP-Q1.7_001.5sec.fsa,False
D19S433,Y,12,112.2,296.0,False,A04_RD14-0003-48_49_50_29-1;4;4;4-M3I22-0.403IP-Q1.7_001.5sec.fsa,False
D19S433,Y,13,116.23,96.0,False,A04_RD14-0003-48_49_50_29-1;4;4;4-M3I22-0.403IP-Q1.7_001.5sec.fsa,False
D19S433,Y,14,120.23,171.0,False,A04_RD14-0003-48_49_50_29-1;4;4;4-M3I22-0.403IP-Q1.7_001.5sec.fsa,False
vWA,Y,16,172.22,51.0,False,A04_RD14-0003-48_49_50_29-1;4;4;4-M3I22-0.403IP-Q1.7_001.5sec.fsa,False
TPOX,Y,7,224.77,283.0,False,A04_RD14-0003-48_49_50_29-1;4;4;4-M3I22-0.403IP-Q1.7_001.5sec.fsa,True
TPOX,Y,8,228.88,58.0,False,A04_RD14-0003-48_49_50_29-1;4;4;4-M3I22-0.403IP-Q1.7_001.5sec.fsa,False
TPOX,Y,10,236.87,85.0,False,A04_RD14-0003-48_49_50_29-1;4;4;4-M3I22-0.403IP-Q1.7_001.5sec.fsa,False
D18S51,Y,12,281.11,147.0,False,A04_RD14-0003-48_49_50_29-1;4;4;4-M3I22-0.403IP-Q1.7_001.5sec.fsa,False
D18S51,Y,13,285.19,197.0,False,A04_RD14-0003-48_49_50_29-1;4;4;4-M3I22-0.403IP-Q1.7_001.5sec.fsa,False
AMEL,R,X,104.97,466.0,False,A04_RD14-0003-48_49_50_29-1;4;4;4-M3I22-0.403IP-Q1.7_001.5sec.fsa,False
AMEL,R,Y,110.87,468.0,False,A04_RD14-0003-48_49_50_29-1;4;4;4-M3I22-0.403IP-Q1.7_001.5sec.fsa,False
D5S818,R,11,148.92,346.0,False,A04_RD14-0003-48_49_50_29-1;4;4;4-M3I22-0.403IP-Q1.7_001.5sec.fsa,False
D5S818,R,12,153.04,142.0,False,A04_RD14-0003-48_49_50_29-1;4;4;4-M3I22-0.403IP-Q1.7_001.5sec.fsa,False
D5S818,R,13,157.18,322.0,False,A04_RD14-0003-48_49_50_29-1;4;4;4-M3I22-0.403IP-Q1.7_001.5sec.fsa,False
D5S818,R,14,161.3,57.0,False,A04_RD14-0003-48_49_50_29-1;4;4;4-M3I22-0.403IP-Q1.7_001.5sec.fsa,True
FGA,R,19,221.0,140.0,False,A04_RD14-0003-48_49_50_29-1;4;4;4-M3I22-0.403IP-Q1.7_001.5sec.fsa,False
FGA,R,23,237.3,376.0,False,A04_RD14-0003-48_49_50_29-1;4;4;4-M3I22-0.403IP-Q1.7_001.5sec.fsa,False
D8S1179,B,11,133.75,219.0,False,A05_RD14-0003-30_31_32_33_34-1;1;1;1;1-M3I22-0.315IP-Q1.3_001.5sec.fsa,False
D8S1179,B,12,137.94,192.0,False,A05_RD14-0003-30_31_32_33_34-1;1;1;1;1-M3I22-0.315IP-Q1.3_001.5sec.fsa,False
D8S1179,B,13,141.95,273.0,False,A05_RD14-0003-30_31_32_33_34-1;1;1;1;1-M3I22-0.315IP-Q1.3_001.5sec.fsa,False
D21S11,B,28,198.75,54.0,False,A05_RD14-0003-30_31_32_33_34-1;1;1;1;1-M3I22-0.315IP-Q1.3_001.5sec.fsa,False
D21S11,B,29,202.7,480.0,False,A05_RD14-0003-30_31_32_33_34-1;1;1;1;1-M3I22-0.315IP-Q1.3_001.5sec.fsa,False
D7S820,B,8,262.12,100.0,False,A05_RD14-0003-30_31_32_33_34-1;1;1;1;1-M3I22-0.315IP-Q1.3_001.5sec.fsa,False
D7S820,B,11,274.15,425.0,False,A05_RD14-0003-30_31_32_33_34-1;1;1;1;1-M3I22-0.315IP-Q1.3_001.5sec.fsa,False
CSF1PO,B,10,318.79,64.0,False,A05_RD14-0003-30_31_32_33_34-1;1;1;1;1-M3I22-0.315IP-Q1.3_001.5sec.fsa,False
CSF1PO,B,11,322.86,168.0,False,A05_RD14-0003-30_31_32_33_34-1;1;1;1;1-M3I22-0.315IP-Q1.3_001.5sec.fsa,False
D3S1358,G,14,118.31,53.0,False,A05_RD14-0003-30_31_32_33_34-1;1;1;1;1-M3I22-0.315IP-Q1.3_001.5sec.fsa,False
D3S1358,G,15,122.31,723.0,False,A05_RD14-0003-30_31_32_33_34-1;1;1;1;1-M3I22-0.315IP-Q1.3_001.5sec.fsa,False
D3S1358,G,16,126.48,428.0,False,A05_RD14-0003-30_31_32_33_34-1;1;1;1;1-M3I22-0.315IP-Q1.3_001.5sec.fsa,False
TH01,G,6,168.63,127.0,False,A05_RD14-0003-30_31_32_33_34-1;1;1;1;1-M3I22-0.315IP-Q1.3_001.5sec.fsa,False
TH01,G,7,172.72,177.0,False,A05_RD14-0003-30_31_32_33_34-1;1;1;1;1-M3I22-0.315IP-Q1.3_001.5sec.fsa,False
D13S317,G,11,227.28,512.0,False,A05_RD14-0003-30_31_32_33_34-1;1;1;1;1-M3I22-0.315IP-Q1.3_001.5sec.fsa,False
D13S317,G,12,231.23,808.0,False,A05_RD14-0003-30_31_32_33_34-1;1;1;1;1-M3I22-0.315IP-Q1.3_001.5sec.fsa,False
D16S539,G,8,263.23,50.0,False,A05_RD14-0003-30_31_32_33_34-1;1;1;1;1-M3I22-0.315IP-Q1.3_001.5sec.fsa,False
D16S539,G,10,271.24,180.0,False,A05_RD14-0003-30_31_32_33_34-1;1;1;1;1-M3I22-0.315IP-Q1.3_001.5sec.fsa,False
D2S1338,G,17,312.77,248.0,False,A05_RD14-0003-30_31_32_33_34-1;1;1;1;1-M3I22-0.315IP-Q1.3_001.5sec.fsa,False
D2S1338,G,19,321.07,418.0,False,A05_RD14-0003-30_31_32_33_34-1;1;1;1;1-M3I22-0.315IP-Q1.3_001.5sec.fsa,False
D19S433,Y,11,108.11,175.0,False,A05_RD14-0003-30_31_32_33_34-1;1;1;1;1-M3I22-0.315IP-Q1.3_001.5sec.fsa,False
D19S433,Y,12.2,114.31,146.0,False,A05_RD14-0003-30_31_32_33_34-1;1;1;1;1-M3I22-0.315IP-Q1.3_001.5sec.fsa,True
D19S433,Y,13,116.23,191.0,False,A05_RD14-0003-30_31_32_33_34-1;1;1;1;1-M3I22-0.315IP-Q1.3_001.5sec.fsa,False
vWA,Y,15,168.22,186.0,False,A05_RD14-0003-30_31_32_33_34-1;1;1;1;1-M3I22-0.315IP-Q1.3_001.5sec.fsa,False
vWA,Y,16,172.23,182.0,False,A05_RD14-0003-30_31_32_33_34-1;1;1;1;1-M3I22-0.315IP-Q1.3_001.5sec.fsa,False
vWA,Y,17,176.31,165.0,False,A05_RD14-0003-30_31_32_33_34-1;1;1;1;1-M3I22-0.315IP-Q1.3_001.5sec.fsa,False
TPOX,Y,6,220.84,118.0,False,A05_RD14-0003-30_31_32_33_34-1;1;1;1;1-M3I22-0.315IP-Q1.3_001.5sec.fsa,False
D18S51,Y,12,281.11,106.0,False,A05_RD14-0003-30_31_32_33_34-1;1;1;1;1-M3I22-0.315IP-Q1.3_001.5sec.fsa,False
D18S51,Y,14,289.14,377.0,False,A05_RD14-0003-30_31_32_33_34-1;1;1;1;1-M3I22-0.315IP-Q1.3_001.5sec.fsa,False
D18S51,Y,15,293.16,134.0,False,A05_RD14-0003-30_31_32_33_34-1;1;1;1;1-M3I22-0.315IP-Q1.3_001.5sec.fsa,False
AMEL,R,X,104.97,295.0,False,A05_RD14-0003-30_31_32_33_34-1;1;1;1;1-M3I22-0.315IP-Q1.3_001.5sec.fsa,False
AMEL,R,Y,110.86,347.0,False,A05_RD14-0003-30_31_32_33_34-1;1;1;1;1-M3I22-0.315IP-Q1.3_001.5sec.fsa,False
D5S818,R,10,144.8,267.0,False,A05_RD14-0003-30_31_32_33_34-1;1;1;1;1-M3I22-0.315IP-Q1.3_001.5sec.fsa,False
D5S818,R,11,148.88,166.0,False,A05_RD14-0003-30_31_32_33_34-1;1;1;1;1-M3I22-0.315IP-Q1.3_001.5sec.fsa,False
D5S818,R,12,153.07,167.0,False,A05_RD14-0003-30_31_32_33_34-1;1;1;1;1-M3I22-0.315IP-Q1.3_001.5sec.fsa,False
FGA,R,19,221.0,88.0,False,A05_RD14-0003-30_31_32_33_34-1;1;1;1;1-M3I22-0.315IP-Q1.3_001.5sec.fsa,False
FGA,R,20,225.1,72.0,False,A05_RD14-0003-30_31_32_33_34-1;1;1;1;1-M3I22-0.315IP-Q1.3_001.5sec.fsa,False
FGA,R,21,229.13,278.0,False,A05_RD14-0003-30_31_32_33_34-1;1;1;1;1-M3I22-0.315IP-Q1.3_001.5sec.fsa,False
D8S1179,B,10,129.68,286.0,False,A06_RD14-0003-33_34_35_36_37-1;1;4;1;1-M3I15-0.248IP-Q0.9_001.5sec.fsa,False
D8S1179,B,11,133.72,67.0,False,A06_RD14-0003-33_34_35_36_37-1;1;4;1;1-M3I15-0.248IP-Q0.9_001.5sec.fsa,False
D8S1179,B,12,137.79,55.0,False,A06_RD14-0003-33_34_35_36_37-1;1;4;1;1-M3I15-0.248IP-Q0.9_001.5sec.fsa,False
D21S11,B,28,198.81,378.0,False,A06_RD14-0003-33_34_35_36_37-1;1;4;1;1-M3I15-0.248IP-Q0.9_001.5sec.fsa,False
D21S11,B,30,206.71,156.0,False,A06_RD14-0003-33_34_35_36_37-1;1;4;1;1-M3I15-0.248IP-Q0.9_001.5sec.fsa,False
D21S11,B,31.2,212.65,106.0,False,A06_RD14-0003-33_34_35_36_37-1;1;4;1;1-M3I15-0.248IP-Q0.9_001.5sec.fsa,True
D7S820,B,8,262.14,61.0,False,A06_RD14-0003-33_34_35_36_37-1;1;4;1;1-M3I15-0.248IP-Q0.9_001.5sec.fsa,False
D7S820,B,9,266.09,263.0,False,A06_RD14-0003-33_34_35_36_37-1;1;4;1;1-M3I15-0.248IP-Q0.9_001.5sec.fsa,False
D7S820,B,10,270.14,62.0,False,A06_RD14-0003-33_34_35_36_37-1;1;4;1;1-M3I15-0.248IP-Q0.9_001.5sec.fsa,False
CSF1PO,B,10,318.89,314.0,False,A06_RD14-0003-33_34_35_36_37-1;1;4;1;1-M3I15-0.248IP-Q0.9_001.5sec.fsa,False
CSF1PO,B,12,327.06,336.0,False,A06_RD14-0003-33_34_35_36_37-1;1;4;1;1-M3I15-0.248IP-Q0.9_001.5sec.fsa,False
D3S1358,G,14,118.37,78.0,False,A06_RD14-0003-33_34_35_36_37-1;1;4;1;1-M3I15-0.248IP-Q0.9_001.5sec.fsa,False
D3S1358,G,15,122.28,397.0,False,A06_RD14-0003-33_34_35_36_37-1;1;4;1;1-M3I15-0.248IP-Q0.9_001.5sec.fsa,False
D3S1358,G,16,126.17,105.0,False,A06_RD14-0003-33_34_35_36_37-1;1;4;1;1-M3I15-0.248IP-Q0.9_001.5sec.fsa,False
TH01,G,6,168.65,128.0,False,A06_RD14-0003-33_34_35_36_37-1;1;4;1;1-M3I15-0.248IP-Q0.9_001.5sec.fsa,False
TH01,G,7,172.74,504.0,False,A06_RD14-0003-33_34_35_36_37-1;1;4;1;1-M3I15-0.248IP-Q0.9_001.5sec.fsa,False
TH01,G,8,176.82,406.0,False,A06_RD14-0003-33_34_35_36_37-1;1;4;1;1-M3I15-0.248IP-Q0.9_001.5sec.fsa,False
D13S317,G,11,227.34,669.0,False,A06_RD14-0003-33_34_35_36_37-1;1;4;1;1-M3I15-0.248IP-Q0.9_001.5sec.fsa,False
D13S317,G,12,231.36,511.0,False,A06_RD14-0003-33_34_35_36_37-1;1;4;1;1-M3I15-0.248IP-Q0.9_001.5sec.fsa,False
D16S539,G,9,267.38,254.0,False,A06_RD14-0003-33_34_35_36_37-1;1;4;1;1-M3I15-0.248IP-Q0.9_001.5sec.fsa,False
D16S539,G,11,275.32,507.0,False,A06_RD14-0003-33_34_35_36_37-1;1;4;1;1-M3I15-0.248IP-Q0.9_001.5sec.fsa,False
D16S539,G,12,279.31,108.0,False,A06_RD14-0003-33_34_35_36_37-1;1;4;1;1-M3I15-0.248IP-Q0.9_001.5sec.fsa,False
D2S1338,G,17,312.85,141.0,False,A06_RD14-0003-33_34_35_36_37-1;1;4;1;1-M3I15-0.248IP-Q0.9_001.5sec.fsa,False
D2S1338,G,18,317.04,89.0,False,A06_RD14-0003-33_34_35_36_37-1;1;4;1;1-M3I15-0.248IP-Q0.9_001.5sec.fsa,False
D2S1338,G,19,321.17,100.0,False,A06_RD14-0003-33_34_35_36_37-1;1;4;1;1-M3I15-0.248IP-Q0.9_001.5sec.fsa,False
D19S433,Y,11,108.23,202.0,False,A06_RD14-0003-33_34_35_36_37-1;1;4;1;1-M3I15-0.248IP-Q0.9_001.5sec.fsa,False
D19S433,Y,13,116.26,99.0,False,A06_RD14-0003-33_34_35_36_37-1;1;4;1;1-M3I15-0.248IP-Q0.9_001.5sec.fsa,False
D19S433,Y,13.2,118.29,72.0,False,A06_RD14-0003-33_34_35_36_37-1;1;4;1;1-M3I15-0.248IP-Q0.9_001.5sec.fsa,False
vWA,Y,15,168.23,87.0,False,A06_RD14-0003-33_34_35_36_37-1;1;4;1;1-M3I15-0.248IP-Q0.9_001.5sec.fsa,False
vWA,Y,16,172.23,427.0,False,A06_RD14-0003-33_34_35_36_37-1;1;4;1;1-M3I15-0.248IP-Q0.9_001.5sec.fsa,False
vWA,Y,17,176.32,404.0,False,A06_RD14-0003-33_34_35_36_37-1;1;4;1;1-M3I15-0.248IP-Q0.9_001.5sec.fsa,False
vWA,Y,18,180.43,57.0,False,A06_RD14-0003-33_34_35_36_37-1;1;4;1;1-M3I15-0.248IP-Q0.9_001.5sec.fsa,False
TPOX,Y,11,240.97,779.0,False,A06_RD14-0003-33_34_35_36_37-1;1;4;1;1-M3I15-0.248IP-Q0.9_001.5sec.fsa,False
D18S51,Y,12,281.11,217.0,False,A06_RD14-0003-33_34_35_36_37-1;1;4;1;1-M3I15-0.248IP-Q0.9_001.5sec.fsa,False
D18S51,Y,14,289.18,71.0,False,A06_RD14-0003-33_34_35_36_37-1;1;4;1;1-M3I15-0.248IP-Q0.9_001.5sec.fsa,False
D18S51,Y,16,297.17,96.0,False,A06_RD14-0003-33_34_35_36_37-1;1;4;1;1-M3I15-0.248IP-Q0.9_001.5sec.fsa,False
D18S51,Y,17,301.1,98.0,False,A06_RD14-0003-33_34_35_36_37-1;1;4;1;1-M3I15-0.248IP-Q0.9_001.5sec.fsa,True
AMEL,R,X,104.93,199.0,False,A06_RD14-0003-33_34_35_36_37-1;1;4;1;1-M3I15-0.248IP-Q0.9_001.5sec.fsa,False
AMEL,R,Y,110.88,309.0,False,A06_RD14-0003-33_34_35_36_37-1;1;4;1;1-M3I15-0.248IP-Q0.9_001.5sec.fsa,False
D5S818,R,10,144.84,63.0,False,A06_RD14-0003-33_34_35_36_37-1;1;4;1;1-M3I15-0.248IP-Q0.9_001.5sec.fsa,False
D5S818,R,11,148.95,74.0,False,A06_RD14-0003-33_34_35_36_37-1;1;4;1;1-M3I15-0.248IP-Q0.9_001.5sec.fsa,False
FGA,R,19.2,223.07,205.0,False,A06_RD14-0003-33_34_35_36_37-1;1;4;1;1-M3I15-0.248IP-Q0.9_001.5sec.fsa,True
FGA,R,22,233.15,75.0,False,A06_RD14-0003-33_34_35_36_37-1;1;4;1;1-M3I15-0.248IP-Q0.9_001.5sec.fsa,False
D8S1179,B,10,129.74,653.0,False,A07_RD14-0003-35_36_37_38_39-1;4;4;4;1-M2I15-0.75IP-Q1.0_001.5sec.fsa,False
D21S11,B,27,194.62,54.0,False,A07_RD14-0003-35_36_37_38_39-1;4;4;4;1-M2I15-0.75IP-Q1.0_001.5sec.fsa,False
D21S11,B,28,198.7,775.0,False,A07_RD14-0003-35_36_37_38_39-1;4;4;4;1-M2I15-0.75IP-Q1.0_001.5sec.fsa,False
D21S11,B,29,202.7,185.0,False,A07_RD14-0003-35_36_37_38_39-1;4;4;4;1-M2I15-0.75IP-Q1.0_001.5sec.fsa,False
D21S11,B,30,206.7,446.0,False,A07_RD14-0003-35_36_37_38_39-1;4;4;4;1-M2I15-0.75IP-Q1.0_001.5sec.fsa,False
D7S820,B,8,262.13,226.0,False,A07_RD14-0003-35_36_37_38_39-1;4;4;4;1-M2I15-0.75IP-Q1.0_001.5sec.fsa,False
D7S820,B,9,266.04,233.0,False,A07_RD14-0003-35_36_37_38_39-1;4;4;4;1-M2I15-0.75IP-Q1.0_001.5sec.fsa,False
D7S820,B,10,270.14,240.0,False,A07_RD14-0003-35_36_37_38_39-1;4;4;4;1-M2I15-0.75IP-Q1.0_001.5sec.fsa,False
D7S820,B,11,274.25,256.0,False,A07_RD14-0003-35_36_37_38_39-1;4;4;4;1-M2I15-0.75IP-Q1.0_001.5sec.fsa,False
D7S820,B,12,278.2,152.0,False,A07_RD14-0003-35_36_37_38_39-1;4;4;4;1-M2I15-0.75IP-Q1.0_001.5sec.fsa,False
CSF1PO,B,10,318.83,865.0,False,A07_RD14-0003-35_36_37_38_39-1;4;4;4;1-M2I15-0.75IP-Q1.0_001.5sec.fsa,False
CSF1PO,B,11,322.99,94.0,False,A07_RD14-0003-35_36_37_38_39-1;4;4;4;1-M2I15-0.75IP-Q1.0_001.5sec.fsa,False
CSF1PO,B,12,326.98,323.0,False,A07_RD14-0003-35_36_37_38_39-1;4;4;4;1-M2I15-0.75IP-Q1.0_001.5sec.fsa,False
D3S1358,G,14,118.42,373.0,False,A07_RD14-0003-35_36_37_38_39-1;4;4;4;1-M2I15-0.75IP-Q1.0_001.5sec.fsa,False
D3S1358,G,15,122.3,752.0,False,A07_RD14-0003-35_36_37_38_39-1;4;4;4;1-M2I15-0.75IP-Q1.0_001.5sec.fsa,False
D3S1358,G,16,126.36,478.0,False,A07_RD14-0003-35_36_37_38_39-1;4;4;4;1-M2I15-0.75IP-Q1.0_001.5sec.fsa,False
D3S1358,G,17,130.46,547.0,False,A07_RD14-0003-35_36_37_38_39-1;4;4;4;1-M2I15-0.75IP-Q1.0_001.5sec.fsa,False
TH01,G,6,168.67,477.0,False,A07_RD14-0003-35_36_37_38_39-1;4;4;4;1-M2I15-0.75IP-Q1.0_001.5sec.fsa,False
TH01,G,7,172.72,1035.0,False,A07_RD14-0003-35_36_37_38_39-1;4;4;4;1-M2I15-0.75IP-Q1.0_001.5sec.fsa,False
D13S317,G,9,219.28,313.0,False,A07_RD14-0003-35_36_37_38_39-1;4;4;4;1-M2I15-0.75IP-Q1.0_001.5sec.fsa,False
D13S317,G,10,223.32,137.0,False,A07_RD14-0003-35_36_37_38_39-1;4;4;4;1-M2I15-0.75IP-Q1.0_001.5sec.fsa,False
D13S317,G,11,227.42,1094.0,False,A07_RD14-0003-35_36_37_38_39-1;4;4;4;1-M2I15-0.75IP-Q1.0_001.5sec.fsa,False
D13S317,G,12,231.35,600.0,False,A07_RD14-0003-35_36_37_38_39-1;4;4;4;1-M2I15-0.75IP-Q1.0_001.5sec.fsa,False
D16S539,G,9,267.38,535.0,False,A07_RD14-0003-35_36_37_38_39-1;4;4;4;1-M2I15-0.75IP-Q1.0_001.5sec.fsa,False
D2S1338,G,16,308.82,397.0,False,A07_RD14-0003-35_36_37_38_39-1;4;4;4;1-M2I15-0.75IP-Q1.0_001.5sec.fsa,False
D2S1338,G,17,312.81,52.0,False,A07_RD14-0003-35_36_37_38_39-1;4;4;4;1-M2I15-0.75IP-Q1.0_001.5sec.fsa,False
D2S1338,G,18,316.99,756.0,False,A07_RD14-0003-35_36_37_38_39-1;4;4;4;1-M2I15-0.75IP-Q1.0_001.5sec.fsa,False
D2S1338,G,19,321.22,602.0,False,A07_RD14-0003-35_36_37_38_39-1;4;4;4;1-M2I15-0.75IP-Q1.0_001.5sec.fsa,False
D19S433,Y,10.2,106.08,332.0,False,A07_RD14-0003-35_36_37_38_39-1;4;4;4;1-M2I15-0.75IP-Q1.0_001.5sec.fsa,True
vWA,Y,15,168.24,413.0,False,A07_RD14-0003-35_36_37_38_39-1;4;4;4;1-M2I15-0.75IP-Q1.0_001.5sec.fsa,False
vWA,Y,16,172.21,610.0,False,A07_RD14-0003-35_36_37_38_39-1;4;4;4;1-M2I15-0.75IP-Q1.0_001.5sec.fsa,False
vWA,Y,17,176.27,288.0,False,A07_RD14-0003-35_36_37_38_39-1;4;4;4;1-M2I15-0.75IP-Q1.0_001.5sec.fsa,False
vWA,Y,18,180.35,538.0,False,A07_RD14-0003-35_36_37_38_39-1;4;4;4;1-M2I15-0.75IP-Q1.0_001.5sec.fsa,False
TPOX,Y,6,220.87,267.0,False,A07_RD14-0003-35_36_37_38_39-1;4;4;4;1-M2I15-0.75IP-Q1.0_001.5sec.fsa,False
TPOX,Y,8,228.9,856.0,False,A07_RD14-0003-35_36_37_38_39-1;4;4;4;1-M2I15-0.75IP-Q1.0_001.5sec.fsa,False
TPOX,Y,10,236.85,90.0,False,A07_RD14-0003-35_36_37_38_39-1;4;4;4;1-M2I15-0.75IP-Q1.0_001.5sec.fsa,False
D18S51,Y,12,281.16,116.0,False,A07_RD14-0003-35_36_37_38_39-1;4;4;4;1-M2I15-0.75IP-Q1.0_001.5sec.fsa,False
D18S51,Y,15,293.25,352.0,False,A07_RD14-0003-35_36_37_38_39-1;4;4;4;1-M2I15-0.75IP-Q1.0_001.5sec.fsa,False
AMEL,R,X,104.95,662.0,False,A07_RD14-0003-35_36_37_38_39-1;4;4;4;1-M2I15-0.75IP-Q1.0_001.5sec.fsa,False
AMEL,R,Y,110.85,752.0,False,A07_RD14-0003-35_36_37_38_39-1;4;4;4;1-M2I15-0.75IP-Q1.0_001.5sec.fsa,False
D5S818,R,10,144.79,190.0,False,A07_RD14-0003-35_36_37_38_39-1;4;4;4;1-M2I15-0.75IP-Q1.0_001.5sec.fsa,False
D5S818,R,11,148.93,346.0,False,A07_RD14-0003-35_36_37_38_39-1;4;4;4;1-M2I15-0.75IP-Q1.0_001.5sec.fsa,False
D5S818,R,12,153.08,585.0,False,A07_RD14-0003-35_36_37_38_39-1;4;4;4;1-M2I15-0.75IP-Q1.0_001.5sec.fsa,False
FGA,R,22,233.27,697.0,False,A07_RD14-0003-35_36_37_38_39-1;4;4;4;1-M2I15-0.75IP-Q1.0_001.5sec.fsa,False
FGA,R,23,237.29,287.0,False,A07_RD14-0003-35_36_37_38_39-1;4;4;4;1-M2I15-0.75IP-Q1.0_001.5sec.fsa,False
FGA,R,24,241.36,241.0,False,A07_RD14-0003-35_36_37_38_39-1;4;4;4;1-M2I15-0.75IP-Q1.0_001.5sec.fsa,True
D8S1179,B,10,129.67,228.0,False,A08_RD14-0003-35_36_37_38_39-1;4;4;4;1-M3I35-0.434IP-QLAND_001.5sec.fsa,False
D8S1179,B,12,137.8,80.0,False,A08_RD14-0003-35_36_37_38_39-1;4;4;4;1-M3I35-0.434IP-QLAND_001.5sec.fsa,False
D7S820,B,8,262.06,182.0,False,A08_RD14-0003-35_36_37_38_39-1;4;4;4;1-M3I35-0.434IP-QLAND_001.5sec.fsa,False
D7S820,B,9,266.02,106.0,False,A08_RD14-0003-35_36_37_38_39-1;4;4;4;1-M3I35-0.434IP-QLAND_001.5sec.fsa,False
CSF1PO,B,10,318.79,299.0,False,A08_RD14-0003-35_36_37_38_39-1;4;4;4;1-M3I35-0.434IP-QLAND_001.5sec.fsa,False
CSF1PO,B,11,322.88,191.0,False,A08_RD14-0003-35_36_37_38_39-1;4;4;4;1-M3I35-0.434IP-QLAND_001.5sec.fsa,False
CSF1PO,B,12,326.92,248.0,False,A08_RD14-0003-35_36_37_38_39-1;4;4;4;1-M3I35-0.434IP-QLAND_001.5sec.fsa,False
TH01,G,6,168.7,168.0,False,A08_RD14-0003-35_36_37_38_39-1;4;4;4;1-M3I35-0.434IP-QLAND_001.5sec.fsa,False
TH01,G,7,172.68,742.0,False,A08_RD14-0003-35_36_37_38_39-1;4;4;4;1-M3I35-0.434IP-QLAND_001.5sec.fsa,False
TH01,G,8,176.75,187.0,False,A08_RD14-0003-35_36_37_38_39-1;4;4;4;1-M3I35-0.434IP-QLAND_001.5sec.fsa,False
TH01,G,9.3,183.89,291.0,False,A08_RD14-0003-35_36_37_38_39-1;4;4;4;1-M3I35-0.434IP-QLAND_001.5sec.fsa,False
D13S317,G,9,219.23,111.0,False,A08_RD14-0003-35_36_37_38_39-1;4;4;4;1-M3I35-0.434IP-QLAND_001.5sec.fsa,False
D13S317,G,10,223.23,77.0,False,A08_RD14-0003-35_36_37_38_39-1;4;4;4;1-M3I35-0.434IP-QLAND_001.5sec.fsa,False
D13S317,G,11,227.32,383.0,False,A08_RD14-0003-35_36_37_38_39-1;4;4;4;1-M3I35-0.434IP-QLAND_001.5sec.fsa,False
D16S539,G,9,267.32,205.0,False,A08_RD14-0003-35_36_37_38_39-1;4;4;4;1-M3I35-0.434IP-QLAND_001.5sec.fsa,False
D16S539,G,11,275.29,419.0,False,A08_RD14-0003-35_36_37_38_39-1;4;4;4;1-M3I35-0.434IP-QLAND_001.5sec.fsa,False
D2S1338,G,16,308.82,245.0,False,A08_RD14-0003-35_36_37_38_39-1;4;4;4;1-M3I35-0.434IP-QLAND_001.5sec.fsa,False
D2S1338,G,18,316.95,156.0,False,A08_RD14-0003-35_36_37_38_39-1;4;4;4;1-M3I35-0.434IP-QLAND_001.5sec.fsa,False
D2S1338,G,19,321.08,281.0,False,A08_RD14-0003-35_36_37_38_39-1;4;4;4;1-M3I35-0.434IP-QLAND_001.5sec.fsa,False
D2S1338,G,20,325.22,94.0,False,A08_RD14-0003-35_36_37_38_39-1;4;4;4;1-M3I35-0.434IP-QLAND_001.5sec.fsa,False
D19S433,Y,10.2,106.19,89.0,False,A08_RD14-0003-35_36_37_38_39-1;4;4;4;1-M3I35-0.434IP-QLAND_001.5sec.fsa,True
vWA,Y,15,168.2,100.0,False,A08_RD14-0003-35_36_37_38_39-1;4;4;4;1-M3I35-0.434IP-QLAND_001.5sec.fsa,False
vWA,Y,16,172.27,255.0,False,A08_RD14-0003-35_36_37_38_39-1;4;4;4;1-M3I35-0.434IP-QLAND_001.5sec.fsa,False
vWA,Y,17,176.26,95.0,False,A08_RD14-0003-35_36_37_38_39-1;4;4;4;1-M3I35-0.434IP-QLAND_001.5sec.fsa,False
vWA,Y,18,180.34,171.0,False,A08_RD14-0003-35_36_37_38_39-1;4;4;4;1-M3I35-0.434IP-QLAND_001.5sec.fsa,False
TPOX,Y,6,220.85,88.0,False,A08_RD14-0003-35_36_37_38_39-1;4;4;4;1-M3I35-0.434IP-QLAND_001.5sec.fsa,False
TPOX,Y,8,228.85,214.0,False,A08_RD14-0003-35_36_37_38_39-1;4;4;4;1-M3I35-0.434IP-QLAND_001.5sec.fsa,False
TPOX,Y,10,236.9,152.0,False,A08_RD14-0003-35_36_37_38_39-1;4;4;4;1-M3I35-0.434IP-QLAND_001.5sec.fsa,False
D18S51,Y,15,293.19,310.0,False,A08_RD14-0003-35_36_37_38_39-1;4;4;4;1-M3I35-0.434IP-QLAND_001.5sec.fsa,False
AMEL,R,X,104.99,265.0,False,A08_RD14-0003-35_36_37_38_39-1;4;4;4;1-M3I35-0.434IP-QLAND_001.5sec.fsa,False
AMEL,R,Y,110.9,345.0,False,A08_RD14-0003-35_36_37_38_39-1;4;4;4;1-M3I35-0.434IP-QLAND_001.5sec.fsa,False
D5S818,R,10,144.73,66.0,False,A08_RD14-0003-35_36_37_38_39-1;4;4;4;1-M3I35-0.434IP-QLAND_001.5sec.fsa,False
D5S818,R,11,148.9,297.0,False,A08_RD14-0003-35_36_37_38_39-1;4;4;4;1-M3I35-0.434IP-QLAND_001.5sec.fsa,False
FGA,R,22,233.13,360.0,False,A08_RD14-0003-35_36_37_38_39-1;4;4;4;1-M3I35-0.434IP-QLAND_001.5sec.fsa,False
D8S1179,B,11,133.66,63.0,False,A02_RD14-0003-41_42_43-1;9;1-M2c-0.165IP-Q1.1_001.5sec.fsa,False
D8S1179,B,12,137.77,139.0,False,A02_RD14-0003-41_42_43-1;9;1-M2c-0.165IP-Q1.1_001.5sec.fsa,False
D8S1179,B,13,141.86,78.0,False,A02_RD14-0003-41_42_43-1;9;1-M2c-0.165IP-Q1.1_001.5sec.fsa,False
D7S820,B,11,274.15,181.0,False,A02_RD14-0003-41_42_43-1;9;1-M2c-0.165IP-Q1.1_001.5sec.fsa,False
CSF1PO,B,12,326.95,64.0,False,A02_RD14-0003-41_42_43-1;9;1-M2c-0.165IP-Q1.1_001.5sec.fsa,False
D3S1358,G,15,122.22,369.0,False,A02_RD14-0003-41_42_43-1;9;1-M2c-0.165IP-Q1.1_001.5sec.fsa,False
D3S1358,G,16,126.16,205.0,False,A02_RD14-0003-41_42_43-1;9;1-M2c-0.165IP-Q1.1_001.5sec.fsa,False
D16S539,G,9,267.39,116.0,False,A02_RD14-0003-41_42_43-1;9;1-M2c-0.165IP-Q1.1_001.5sec.fsa,False
D2S1338,G,22,333.25,59.0,False,A02_RD14-0003-41_42_43-1;9;1-M2c-0.165IP-Q1.1_001.5sec.fsa,False
D19S433,Y,14,120.15,306.0,False,A02_RD14-0003-41_42_43-1;9;1-M2c-0.165IP-Q1.1_001.5sec.fsa,False
D19S433,Y,14.2,122.15,201.0,False,A02_RD14-0003-41_42_43-1;9;1-M2c-0.165IP-Q1.1_001.5sec.fsa,True
vWA,Y,13,160.0,54.0,False,A02_RD14-0003-41_42_43-1;9;1-M2c-0.165IP-Q1.1_001.5sec.fsa,False
vWA,Y,16,172.21,144.0,False,A02_RD14-0003-41_42_43-1;9;1-M2c-0.165IP-Q1.1_001.5sec.fsa,False
TPOX,Y,8,228.82,126.0,False,A02_RD14-0003-41_42_43-1;9;1-M2c-0.165IP-Q1.1_001.5sec.fsa,False
TPOX,Y,10,236.85,228.0,False,A02_RD14-0003-41_42_43-1;9;1-M2c-0.165IP-Q1.1_001.5sec.fsa,False
D18S51,Y,17,301.14,70.0,False,A02_RD14-0003-41_42_43-1;9;1-M2c-0.165IP-Q1.1_001.5sec.fsa,True
AMEL,R,X,104.9,556.0,False,A02_RD14-0003-41_42_43-1;9;1-M2c-0.165IP-Q1.1_001.5sec.fsa,False
D5S818,R,11,148.85,54.0,False,A02_RD14-0003-41_42_43-1;9;1-M2c-0.165IP-Q1.1_001.5sec.fsa,False
D5S818,R,12,152.94,174.0,False,A02_RD14-0003-41_42_43-1;9;1-M2c-0.165IP-Q1.1_001.5sec.fsa,False
D5S818,R,13,157.12,162.0,False,A02_RD14-0003-41_42_43-1;9;1-M2c-0.165IP-Q1.1_001.5sec.fsa,False
FGA,R,20,225.02,94.0,False,A02_RD14-0003-41_42_43-1;9;1-M2c-0.165IP-Q1.1_001.5sec.fsa,False
FGA,R,21,229.07,141.0,False,A02_RD14-0003-41_42_43-1;9;1-M2c-0.165IP-Q1.1_001.5sec.fsa,False
D8S1179,B,12,137.71,113.0,False,A03_RD14-0003-41_42_43-1;9;1-M2e-0.165IP-Q1.7_001.5sec.fsa,False
D8S1179,B,13,141.84,52.0,False,A03_RD14-0003-41_42_43-1;9;1-M2e-0.165IP-Q1.7_001.5sec.fsa,False
D8S1179,B,14,146.11,83.0,False,A03_RD14-0003-41_42_43-1;9;1-M2e-0.165IP-Q1.7_001.5sec.fsa,False
D3S1358,G,15,122.19,267.0,False,A03_RD14-0003-41_42_43-1;9;1-M2e-0.165IP-Q1.7_001.5sec.fsa,False
TH01,G,9,180.69,173.0,False,A03_RD14-0003-41_42_43-1;9;1-M2e-0.165IP-Q1.7_001.5sec.fsa,False
TH01,G,9.3,183.87,129.0,False,A03_RD14-0003-41_42_43-1;9;1-M2e-0.165IP-Q1.7_001.5sec.fsa,False
D13S317,G,12,231.27,108.0,False,A03_RD14-0003-41_42_43-1;9;1-M2e-0.165IP-Q1.7_001.5sec.fsa,False
D16S539,G,9,267.34,89.0,False,A03_RD14-0003-41_42_43-1;9;1-M2e-0.165IP-Q1.7_001.5sec.fsa,False
D19S433,Y,14,120.23,196.0,False,A03_RD14-0003-41_42_43-1;9;1-M2e-0.165IP-Q1.7_001.5sec.fsa,False
D19S433,Y,14.2,122.19,154.0,False,A03_RD14-0003-41_42_43-1;9;1-M2e-0.165IP-Q1.7_001.5sec.fsa,True
vWA,Y,16,172.19,89.0,False,A03_RD14-0003-41_42_43-1;9;1-M2e-0.165IP-Q1.7_001.5sec.fsa,False
vWA,Y,17,176.22,100.0,False,A03_RD14-0003-41_42_43-1;9;1-M2e-0.165IP-Q1.7_001.5sec.fsa,False
TPOX,Y,8,228.75,97.0,False,A03_RD14-0003-41_42_43-1;9;1-M2e-0.165IP-Q1.7_001.5sec.fsa,False
AMEL,R,X,104.93,339.0,False,A03_RD14-0003-41_42_43-1;9;1-M2e-0.165IP-Q1.7_001.5sec.fsa,False
FGA,R,20,224.93,68.0,False,A03_RD14-0003-41_42_43-1;9;1-M2e-0.165IP-Q1.7_001.5sec.fsa,False
FGA,R,21,229.1,119.0,False,A03_RD14-0003-41_42_43-1;9;1-M2e-0.165IP-Q1.7_001.5sec.fsa,False
D8S1179,B,11,133.7,111.0,False,A04_RD14-0003-44_45_46-1;2;2-M3c-0.155IP-Q0.9_001.5sec.fsa,False
D21S11,B,28,198.79,87.0,False,A04_RD14-0003-44_45_46-1;2;2-M3c-0.155IP-Q0.9_001.5sec.fsa,False
D21S11,B,31,210.78,51.0,False,A04_RD14-0003-44_45_46-1;2;2-M3c-0.155IP-Q0.9_001.5sec.fsa,True
D7S820,B,9,266.11,94.0,False,A04_RD14-0003-44_45_46-1;2;2-M3c-0.155IP-Q0.9_001.5sec.fsa,False
D7S820,B,10,270.14,64.0,False,A04_RD14-0003-44_45_46-1;2;2-M3c-0.155IP-Q0.9_001.5sec.fsa,False
CSF1PO,B,11,323.0,120.0,False,A04_RD14-0003-44_45_46-1;2;2-M3c-0.155IP-Q0.9_001.5sec.fsa,False
D3S1358,G,14,118.42,76.0,False,A04_RD14-0003-44_45_46-1;2;2-M3c-0.155IP-Q0.9_001.5sec.fsa,False
D3S1358,G,15,122.3,202.0,False,A04_RD14-0003-44_45_46-1;2;2-M3c-0.155IP-Q0.9_001.5sec.fsa,False
D3S1358,G,16,126.44,56.0,False,A04_RD14-0003-44_45_46-1;2;2-M3c-0.155IP-Q0.9_001.5sec.fsa,False
D3S1358,G,17,130.22,162.0,False,A04_RD14-0003-44_45_46-1;2;2-M3c-0.155IP-Q0.9_001.5sec.fsa,False
TH01,G,6,168.67,73.0,False,A04_RD14-0003-44_45_46-1;2;2-M3c-0.155IP-Q0.9_001.5sec.fsa,False
TH01,G,7,172.72,103.0,False,A04_RD14-0003-44_45_46-1;2;2-M3c-0.155IP-Q0.9_001.5sec.fsa,False
D13S317,G,8,215.13,135.0,False,A04_RD14-0003-44_45_46-1;2;2-M3c-0.155IP-Q0.9_001.5sec.fsa,False
D13S317,G,12,231.23,116.0,False,A04_RD14-0003-44_45_46-1;2;2-M3c-0.155IP-Q0.9_001.5sec.fsa,False
D2S1338,G,16,308.87,71.0,False,A04_RD14-0003-44_45_46-1;2;2-M3c-0.155IP-Q0.9_001.5sec.fsa,False
D2S1338,G,19,321.18,116.0,False,A04_RD14-0003-44_45_46-1;2;2-M3c-0.155IP-Q0.9_001.5sec.fsa,False
D19S433,Y,10,104.01,125.0,False,A04_RD14-0003-44_45_46-1;2;2-M3c-0.155IP-Q0.9_001.5sec.fsa,False
D19S433,Y,11,108.16,160.0,False,A04_RD14-0003-44_45_46-1;2;2-M3c-0.155IP-Q0.9_001.5sec.fsa,False
vWA,Y,16,172.22,182.0,False,A04_RD14-0003-44_45_46-1;2;2-M3c-0.155IP-Q0.9_001.5sec.fsa,False
TPOX,Y,8,228.8,114.0,False,A04_RD14-0003-44_45_46-1;2;2-M3c-0.155IP-Q0.9_001.5sec.fsa,False
TPOX,Y,11,240.89,79.0,False,A04_RD14-0003-44_45_46-1;2;2-M3c-0.155IP-Q0.9_001.5sec.fsa,False
AMEL,R,X,104.9,200.0,False,A04_RD14-0003-44_45_46-1;2;2-M3c-0.155IP-Q0.9_001.5sec.fsa,False
AMEL,R,Y,110.84,152.0,False,A04_RD14-0003-44_45_46-1;2;2-M3c-0.155IP-Q0.9_001.5sec.fsa,False
D5S818,R,11,148.84,227.0,False,A04_RD14-0003-44_45_46-1;2;2-M3c-0.155IP-Q0.9_001.5sec.fsa,False
FGA,R,21,229.06,53.0,False,A04_RD14-0003-44_45_46-1;2;2-M3c-0.155IP-Q0.9_001.5sec.fsa,False
D8S1179,B,10,129.63,141.0,False,A05_RD14-0003-44_45_46-1;2;2-M2e-0.155IP-Q2.9_001.5sec.fsa,False
D3S1358,G,14,118.34,83.0,False,A05_RD14-0003-44_45_46-1;2;2-M2e-0.155IP-Q2.9_001.5sec.fsa,False
D3S1358,G,15,122.24,172.0,False,A05_RD14-0003-44_45_46-1;2;2-M2e-0.155IP-Q2.9_001.5sec.fsa,False
TH01,G,7,172.62,57.0,False,A05_RD14-0003-44_45_46-1;2;2-M2e-0.155IP-Q2.9_001.5sec.fsa,False
TH01,G,9,180.79,102.0,False,A05_RD14-0003-44_45_46-1;2;2-M2e-0.155IP-Q2.9_001.5sec.fsa,False
D13S317,G,8,215.16,54.0,False,A05_RD14-0003-44_45_46-1;2;2-M2e-0.155IP-Q2.9_001.5sec.fsa,False
D16S539,G,10,271.36,69.0,False,A05_RD14-0003-44_45_46-1;2;2-M2e-0.155IP-Q2.9_001.5sec.fsa,False
D19S433,Y,10,104.04,54.0,False,A05_RD14-0003-44_45_46-1;2;2-M2e-0.155IP-Q2.9_001.5sec.fsa,False
D19S433,Y,11,108.22,100.0,False,A05_RD14-0003-44_45_46-1;2;2-M2e-0.155IP-Q2.9_001.5sec.fsa,False
D19S433,Y,13,116.29,125.0,False,A05_RD14-0003-44_45_46-1;2;2-M2e-0.155IP-Q2.9_001.5sec.fsa,False
D19S433,Y,14,120.16,93.0,False,A05_RD14-0003-44_45_46-1;2;2-M2e-0.155IP-Q2.9_001.5sec.fsa,False
D19S433,Y,15,124.18,68.0,False,A05_RD14-0003-44_45_46-1;2;2-M2e-0.155IP-Q2.9_001.5sec.fsa,True
TPOX,Y,8,228.88,136.0,False,A05_RD14-0003-44_45_46-1;2;2-M2e-0.155IP-Q2.9_001.5sec.fsa,False
TPOX,Y,11,240.91,68.0,False,A05_RD14-0003-44_45_46-1;2;2-M2e-0.155IP-Q2.9_001.5sec.fsa,False
AMEL,R,X,104.94,143.0,False,A05_RD14-0003-44_45_46-1;2;2-M2e-0.155IP-Q2.9_001.5sec.fsa,False
AMEL,R,Y,110.91,174.0,False,A05_RD14-0003-44_45_46-1;2;2-M2e-0.155IP-Q2.9_001.5sec.fsa,False
D5S818,R,11,148.92,193.0,False,A05_RD14-0003-44_45_46-1;2;2-M2e-0.155IP-Q2.9_001.5sec.fsa,False
FGA,R,21,229.05,51.0,False,A05_RD14-0003-44_45_46-1;2;2-M2e-0.155IP-Q2.9_001.5sec.fsa,False
D8S1179,B,10,129.61,344.0,False,A06_RD14-0003-47_48_49-1;9;9-M2c-0.589IP-Q1.1_001.5sec.fsa,False
D8S1179,B,13,142.01,418.0,False,A06_RD14-0003-47_48_49-1;9;9-M2c-0.589IP-Q1.1_001.5sec.fsa,False
D21S11,B,27,194.56,69.0,False,A06_RD14-0003-47_48_49-1;9;9-M2c-0.589IP-Q1.1_001.5sec.fsa,False
D21S11,B,29,202.74,337.0,False,A06_RD14-0003-47_48_49-1;9;9-M2c-0.589IP-Q1.1_001.5sec.fsa,False
D7S820,B,8,262.09,295.0,False,A06_RD14-0003-47_48_49-1;9;9-M2c-0.589IP-Q1.1_001.5sec.fsa,False
D7S820,B,9,266.1,158.0,False,A06_RD14-0003-47_48_49-1;9;9-M2c-0.589IP-Q1.1_001.5sec.fsa,False
D7S820,B,10,270.13,147.0,False,A06_RD14-0003-47_48_49-1;9;9-M2c-0.589IP-Q1.1_001.5sec.fsa,False
D3S1358,G,14,118.43,527.0,False,A06_RD14-0003-47_48_49-1;9;9-M2c-0.589IP-Q1.1_001.5sec.fsa,False
D3S1358,G,15,122.19,469.0,False,A06_RD14-0003-47_48_49-1;9;9-M2c-0.589IP-Q1.1_001.5sec.fsa,False
TH01,G,6,168.57,628.0,False,A06_RD14-0003-47_48_49-1;9;9-M2c-0.589IP-Q1.1_001.5sec.fsa,False
TH01,G,7,172.59,389.0,False,A06_RD14-0003-47_48_49-1;9;9-M2c-0.589IP-Q1.1_001.5sec.fsa,False
TH01,G,9,180.74,1008.0,False,A06_RD14-0003-47_48_49-1;9;9-M2c-0.589IP-Q1.1_001.5sec.fsa,False
D13S317,G,11,227.25,374.0,False,A06_RD14-0003-47_48_49-1;9;9-M2c-0.589IP-Q1.1_001.5sec.fsa,False
D13S317,G,12,231.3,571.0,False,A06_RD14-0003-47_48_49-1;9;9-M2c-0.589IP-Q1.1_001.5sec.fsa,False
D16S539,G,9,267.28,265.0,False,A06_RD14-0003-47_48_49-1;9;9-M2c-0.589IP-Q1.1_001.5sec.fsa,False
D16S539,G,10,271.31,347.0,False,A06_RD14-0003-47_48_49-1;9;9-M2c-0.589IP-Q1.1_001.5sec.fsa,False
D2S1338,G,17,312.71,662.0,False,A06_RD14-0003-47_48_49-1;9;9-M2c-0.589IP-Q1.1_001.5sec.fsa,False
D19S433,Y,12,112.22,587.0,False,A06_RD14-0003-47_48_49-1;9;9-M2c-0.589IP-Q1.1_001.5sec.fsa,False
D19S433,Y,13,116.25,472.0,False,A06_RD14-0003-47_48_49-1;9;9-M2c-0.589IP-Q1.1_001.5sec.fsa,False
D19S433,Y,14,120.15,470.0,False,A06_RD14-0003-47_48_49-1;9;9-M2c-0.589IP-Q1.1_001.5sec.fsa,False
D19S433,Y,14.2,122.12,72.0,False,A06_RD14-0003-47_48_49-1;9;9-M2c-0.589IP-Q1.1_001.5sec.fsa,True
D19S433,Y,15,124.09,328.0,False,A06_RD14-0003-47_48_49-1;9;9-M2c-0.589IP-Q1.1_001.5sec.fsa,True
vWA,Y,16,172.27,397.0,False,A06_RD14-0003-47_48_49-1;9;9-M2c-0.589IP-Q1.1_001.5sec.fsa,False
vWA,Y,17,176.21,521.0,False,A06_RD14-0003-47_48_49-1;9;9-M2c-0.589IP-Q1.1_001.5sec.fsa,False
vWA,Y,18,180.33,161.0,False,A06_RD14-0003-47_48_49-1;9;9-M2c-0.589IP-Q1.1_001.5sec.fsa,False
TPOX,Y,8,228.73,332.0,False,A06_RD14-0003-47_48_49-1;9;9-M2c-0.589IP-Q1.1_001.5sec.fsa,False
TPOX,Y,9,232.79,127.0,False,A06_RD14-0003-47_48_49-1;9;9-M2c-0.589IP-Q1.1_001.5sec.fsa,False
TPOX,Y,11,240.85,344.0,False,A06_RD14-0003-47_48_49-1;9;9-M2c-0.589IP-Q1.1_001.5sec.fsa,False
D18S51,Y,12,281.09,473.0,False,A06_RD14-0003-47_48_49-1;9;9-M2c-0.589IP-Q1.1_001.5sec.fsa,False
AMEL,R,X,104.93,776.0,False,A06_RD14-0003-47_48_49-1;9;9-M2c-0.589IP-Q1.1_001.5sec.fsa,False
AMEL,R,Y,110.91,632.0,False,A06_RD14-0003-47_48_49-1;9;9-M2c-0.589IP-Q1.1_001.5sec.fsa,False
D5S818,R,11,148.94,273.0,False,A06_RD14-0003-47_48_49-1;9;9-M2c-0.589IP-Q1.1_001.5sec.fsa,False
D5S818,R,12,152.99,281.0,False,A06_RD14-0003-47_48_49-1;9;9-M2c-0.589IP-Q1.1_001.5sec.fsa,False
D5S818,R,13,157.14,337.0,False,A06_RD14-0003-47_48_49-1;9;9-M2c-0.589IP-Q1.1_001.5sec.fsa,False
D5S818,R,14,161.28,246.0,False,A06_RD14-0003-47_48_49-1;9;9-M2c-0.589IP-Q1.1_001.5sec.fsa,True
FGA,R,19,220.99,247.0,False,A06_RD14-0003-47_48_49-1;9;9-M2c-0.589IP-Q1.1_001.5sec.fsa,False
D8S1179,B,10,129.71,289.0,False,A07_RD14-0003-47_48_49-1;9;9-M1e-0.589IP-Q2.2_001.5sec.fsa,False
D8S1179,B,13,141.99,312.0,False,A07_RD14-0003-47_48_49-1;9;9-M1e-0.589IP-Q2.2_001.5sec.fsa,False
D8S1179,B,14,146.15,388.0,False,A07_RD14-0003-47_48_49-1;9;9-M1e-0.589IP-Q2.2_001.5sec.fsa,False
D21S11,B,29,202.76,183.0,False,A07_RD14-0003-47_48_49-1;9;9-M1e-0.589IP-Q2.2_001.5sec.fsa,False
D7S820,B,8,262.06,136.0,False,A07_RD14-0003-47_48_49-1;9;9-M1e-0.589IP-Q2.2_001.5sec.fsa,False
D7S820,B,9,266.11,51.0,False,A07_RD14-0003-47_48_49-1;9;9-M1e-0.589IP-Q2.2_001.5sec.fsa,False
CSF1PO,B,10,318.81,128.0,False,A07_RD14-0003-47_48_49-1;9;9-M1e-0.589IP-Q2.2_001.5sec.fsa,False
D3S1358,G,14,118.42,516.0,False,A07_RD14-0003-47_48_49-1;9;9-M1e-0.589IP-Q2.2_001.5sec.fsa,False
D3S1358,G,15,122.22,228.0,False,A07_RD14-0003-47_48_49-1;9;9-M1e-0.589IP-Q2.2_001.5sec.fsa,False
D3S1358,G,17,130.52,251.0,False,A07_RD14-0003-47_48_49-1;9;9-M1e-0.589IP-Q2.2_001.5sec.fsa,False
D3S1358,G,18,134.55,147.0,False,A07_RD14-0003-47_48_49-1;9;9-M1e-0.589IP-Q2.2_001.5sec.fsa,True
TH01,G,6,168.59,394.0,False,A07_RD14-0003-47_48_49-1;9;9-M1e-0.589IP-Q2.2_001.5sec.fsa,False
TH01,G,7,172.7,275.0,False,A07_RD14-0003-47_48_49-1;9;9-M1e-0.589IP-Q2.2_001.5sec.fsa,False
D13S317,G,11,227.26,207.0,False,A07_RD14-0003-47_48_49-1;9;9-M1e-0.589IP-Q2.2_001.5sec.fsa,False
D13S317,G,12,231.29,328.0,False,A07_RD14-0003-47_48_49-1;9;9-M1e-0.589IP-Q2.2_001.5sec.fsa,False
D13S317,G,13,235.34,159.0,False,A07_RD14-0003-47_48_49-1;9;9-M1e-0.589IP-Q2.2_001.5sec.fsa,False
D16S539,G,9,267.32,96.0,False,A07_RD14-0003-47_48_49-1;9;9-M1e-0.589IP-Q2.2_001.5sec.fsa,False
D16S539,G,10,271.3,111.0,False,A07_RD14-0003-47_48_49-1;9;9-M1e-0.589IP-Q2.2_001.5sec.fsa,False
D16S539,G,13,283.28,247.0,False,A07_RD14-0003-47_48_49-1;9;9-M1e-0.589IP-Q2.2_001.5sec.fsa,False
D2S1338,G,17,312.95,227.0,False,A07_RD14-0003-47_48_49-1;9;9-M1e-0.589IP-Q2.2_001.5sec.fsa,False
D19S433,Y,12,112.23,285.0,False,A07_RD14-0003-47_48_49-1;9;9-M1e-0.589IP-Q2.2_001.5sec.fsa,False
D19S433,Y,13,116.29,347.0,False,A07_RD14-0003-47_48_49-1;9;9-M1e-0.589IP-Q2.2_001.5sec.fsa,False
D19S433,Y,14,120.24,368.0,False,A07_RD14-0003-47_48_49-1;9;9-M1e-0.589IP-Q2.2_001.5sec.fsa,False
D19S433,Y,15,124.2,256.0,False,A07_RD14-0003-47_48_49-1;9;9-M1e-0.589IP-Q2.2_001.5sec.fsa,True
vWA,Y,16,172.28,167.0,False,A07_RD14-0003-47_48_49-1;9;9-M1e-0.589IP-Q2.2_001.5sec.fsa,False
TPOX,Y,8,228.8,73.0,False,A07_RD14-0003-47_48_49-1;9;9-M1e-0.589IP-Q2.2_001.5sec.fsa,False
TPOX,Y,9,232.84,91.0,False,A07_RD14-0003-47_48_49-1;9;9-M1e-0.589IP-Q2.2_001.5sec.fsa,False
TPOX,Y,11,240.97,186.0,False,A07_RD14-0003-47_48_49-1;9;9-M1e-0.589IP-Q2.2_001.5sec.fsa,False
D18S51,Y,12,281.12,88.0,False,A07_RD14-0003-47_48_49-1;9;9-M1e-0.589IP-Q2.2_001.5sec.fsa,False
D18S51,Y,17,301.19,93.0,False,A07_RD14-0003-47_48_49-1;9;9-M1e-0.589IP-Q2.2_001.5sec.fsa,True
AMEL,R,X,104.92,629.0,False,A07_RD14-0003-47_48_49-1;9;9-M1e-0.589IP-Q2.2_001.5sec.fsa,False
AMEL,R,Y,110.87,490.0,False,A07_RD14-0003-47_48_49-1;9;9-M1e-0.589IP-Q2.2_001.5sec.fsa,False
D5S818,R,11,148.9,97.0,False,A07_RD14-0003-47_48_49-1;9;9-M1e-0.589IP-Q2.2_001.5sec.fsa,False
D5S818,R,12,153.01,154.0,False,A07_RD14-0003-47_48_49-1;9;9-M1e-0.589IP-Q2.2_001.5sec.fsa,False
D5S818,R,13,157.05,125.0,False,A07_RD14-0003-47_48_49-1;9;9-M1e-0.589IP-Q2.2_001.5sec.fsa,False
D5S818,R,14,161.25,66.0,False,A07_RD14-0003-47_48_49-1;9;9-M1e-0.589IP-Q2.2_001.5sec.fsa,True
FGA,R,19,220.94,90.0,False,A07_RD14-0003-47_48_49-1;9;9-M1e-0.589IP-Q2.2_001.5sec.fsa,False
D8S1179,B,13,141.87,50.0,False,A03_RD14-0003-43_44_45_46_47-1;1;2;1;1-M3e-0.09IP-Q2.0_001.5sec.fsa,False
D3S1358,G,14,118.33,96.0,False,A03_RD14-0003-43_44_45_46_47-1;1;2;1;1-M3e-0.09IP-Q2.0_001.5sec.fsa,False
D3S1358,G,15,122.23,107.0,False,A03_RD14-0003-43_44_45_46_47-1;1;2;1;1-M3e-0.09IP-Q2.0_001.5sec.fsa,False
AMEL,R,X,104.9,104.0,False,A03_RD14-0003-43_44_45_46_47-1;1;2;1;1-M3e-0.09IP-Q2.0_001.5sec.fsa,False
D8S1179,B,10,129.6,153.0,False,A04_RD14-0003-48_49_50_29_30-1;1;2;4;1-M2c-0.279IP-Q1.4_001.5sec.fsa,False
D8S1179,B,12,137.75,52.0,False,A04_RD14-0003-48_49_50_29_30-1;1;2;4;1-M2c-0.279IP-Q1.4_001.5sec.fsa,False
D8S1179,B,13,141.75,84.0,False,A04_RD14-0003-48_49_50_29_30-1;1;2;4;1-M2c-0.279IP-Q1.4_001.5sec.fsa,False
D21S11,B,28,198.7,70.0,False,A04_RD14-0003-48_49_50_29_30-1;1;2;4;1-M2c-0.279IP-Q1.4_001.5sec.fsa,False
D21S11,B,29,202.68,80.0,False,A04_RD14-0003-48_49_50_29_30-1;1;2;4;1-M2c-0.279IP-Q1.4_001.5sec.fsa,False
D21S11,B,31.2,212.55,95.0,False,A04_RD14-0003-48_49_50_29_30-1;1;2;4;1-M2c-0.279IP-Q1.4_001.5sec.fsa,True
D21S11,B,32.2,216.66,58.0,False,A04_RD14-0003-48_49_50_29_30-1;1;2;4;1-M2c-0.279IP-Q1.4_001.5sec.fsa,True
D7S820,B,8,261.98,105.0,False,A04_RD14-0003-48_49_50_29_30-1;1;2;4;1-M2c-0.279IP-Q1.4_001.5sec.fsa,False
D7S820,B,12,278.16,132.0,False,A04_RD14-0003-48_49_50_29_30-1;1;2;4;1-M2c-0.279IP-Q1.4_001.5sec.fsa,False
CSF1PO,B,9,314.61,74.0,False,A04_RD14-0003-48_49_50_29_30-1;1;2;4;1-M2c-0.279IP-Q1.4_001.5sec.fsa,True
CSF1PO,B,10,318.76,157.0,False,A04_RD14-0003-48_49_50_29_30-1;1;2;4;1-M2c-0.279IP-Q1.4_001.5sec.fsa,False
D3S1358,G,15,122.18,162.0,False,A04_RD14-0003-48_49_50_29_30-1;1;2;4;1-M2c-0.279IP-Q1.4_001.5sec.fsa,False
D3S1358,G,17,130.36,104.0,False,A04_RD14-0003-48_49_50_29_30-1;1;2;4;1-M2c-0.279IP-Q1.4_001.5sec.fsa,False
TH01,G,6,168.59,164.0,False,A04_RD14-0003-48_49_50_29_30-1;1;2;4;1-M2c-0.279IP-Q1.4_001.5sec.fsa,False
D13S317,G,11,227.26,103.0,False,A04_RD14-0003-48_49_50_29_30-1;1;2;4;1-M2c-0.279IP-Q1.4_001.5sec.fsa,False
D13S317,G,12,231.34,290.0,False,A04_RD14-0003-48_49_50_29_30-1;1;2;4;1-M2c-0.279IP-Q1.4_001.5sec.fsa,False
D13S317,G,13,235.26,55.0,False,A04_RD14-0003-48_49_50_29_30-1;1;2;4;1-M2c-0.279IP-Q1.4_001.5sec.fsa,False
D16S539,G,11,275.24,159.0,False,A04_RD14-0003-48_49_50_29_30-1;1;2;4;1-M2c-0.279IP-Q1.4_001.5sec.fsa,False
D2S1338,G,17,312.73,80.0,False,A04_RD14-0003-48_49_50_29_30-1;1;2;4;1-M2c-0.279IP-Q1.4_001.5sec.fsa,False
D19S433,Y,11,108.09,60.0,False,A04_RD14-0003-48_49_50_29_30-1;1;2;4;1-M2c-0.279IP-Q1.4_001.5sec.fsa,False
D19S433,Y,12,112.16,186.0,False,A04_RD14-0003-48_49_50_29_30-1;1;2;4;1-M2c-0.279IP-Q1.4_001.5sec.fsa,False
D19S433,Y,13,116.18,58.0,False,A04_RD14-0003-48_49_50_29_30-1;1;2;4;1-M2c-0.279IP-Q1.4_001.5sec.fsa,False
vWA,Y,15,168.11,104.0,False,A04_RD14-0003-48_49_50_29_30-1;1;2;4;1-M2c-0.279IP-Q1.4_001.5sec.fsa,False
vWA,Y,17,176.25,157.0,False,A04_RD14-0003-48_49_50_29_30-1;1;2;4;1-M2c-0.279IP-Q1.4_001.5sec.fsa,False
TPOX,Y,7,224.81,54.0,False,A04_RD14-0003-48_49_50_29_30-1;1;2;4;1-M2c-0.279IP-Q1.4_001.5sec.fsa,True
TPOX,Y,10,236.81,122.0,False,A04_RD14-0003-48_49_50_29_30-1;1;2;4;1-M2c-0.279IP-Q1.4_001.5sec.fsa,False
AMEL,R,X,104.94,417.0,False,A04_RD14-0003-48_49_50_29_30-1;1;2;4;1-M2c-0.279IP-Q1.4_001.5sec.fsa,False
AMEL,R,Y,110.78,346.0,False,A04_RD14-0003-48_49_50_29_30-1;1;2;4;1-M2c-0.279IP-Q1.4_001.5sec.fsa,False
D5S818,R,11,148.78,114.0,False,A04_RD14-0003-48_49_50_29_30-1;1;2;4;1-M2c-0.279IP-Q1.4_001.5sec.fsa,False
D5S818,R,12,152.96,132.0,False,A04_RD14-0003-48_49_50_29_30-1;1;2;4;1-M2c-0.279IP-Q1.4_001.5sec.fsa,False
D8S1179,B,12,137.78,61.0,False,A05_RD14-0003-48_49_50_29_30-1;1;2;4;1-M2e-0.279IP-Q3.6_001.5sec.fsa,False
D8S1179,B,15,150.23,105.0,False,A05_RD14-0003-48_49_50_29_30-1;1;2;4;1-M2e-0.279IP-Q3.6_001.5sec.fsa,True
D21S11,B,28,198.7,74.0,False,A05_RD14-0003-48_49_50_29_30-1;1;2;4;1-M2e-0.279IP-Q3.6_001.5sec.fsa,False
D7S820,B,8,262.04,51.0,False,A05_RD14-0003-48_49_50_29_30-1;1;2;4;1-M2e-0.279IP-Q3.6_001.5sec.fsa,False
D3S1358,G,14,118.37,50.0,False,A05_RD14-0003-48_49_50_29_30-1;1;2;4;1-M2e-0.279IP-Q3.6_001.5sec.fsa,False
TH01,G,8,176.69,120.0,False,A05_RD14-0003-48_49_50_29_30-1;1;2;4;1-M2e-0.279IP-Q3.6_001.5sec.fsa,False
D13S317,G,12,231.37,127.0,False,A05_RD14-0003-48_49_50_29_30-1;1;2;4;1-M2e-0.279IP-Q3.6_001.5sec.fsa,False
D16S539,G,11,275.24,61.0,False,A05_RD14-0003-48_49_50_29_30-1;1;2;4;1-M2e-0.279IP-Q3.6_001.5sec.fsa,False
D19S433,Y,11,108.07,60.0,False,A05_RD14-0003-48_49_50_29_30-1;1;2;4;1-M2e-0.279IP-Q3.6_001.5sec.fsa,False
D19S433,Y,12,112.16,97.0,False,A05_RD14-0003-48_49_50_29_30-1;1;2;4;1-M2e-0.279IP-Q3.6_001.5sec.fsa,False
AMEL,R,X,104.85,187.0,False,A05_RD14-0003-48_49_50_29_30-1;1;2;4;1-M2e-0.279IP-Q3.6_001.5sec.fsa,False
AMEL,R,Y,110.8,263.0,False,A05_RD14-0003-48_49_50_29_30-1;1;2;4;1-M2e-0.279IP-Q3.6_001.5sec.fsa,False
D5S818,R,12,152.94,80.0,False,A05_RD14-0003-48_49_50_29_30-1;1;2;4;1-M2e-0.279IP-Q3.6_001.5sec.fsa,False
D5S818,R,13,157.1,64.0,False,A05_RD14-0003-48_49_50_29_30-1;1;2;4;1-M2e-0.279IP-Q3.6_001.5sec.fsa,False
FGA,R,23,237.26,58.0,False,A05_RD14-0003-48_49_50_29_30-1;1;2;4;1-M2e-0.279IP-Q3.6_001.5sec.fsa,False
D8S1179,B,11,133.59,193.0,False,A06_RD14-0003-31_32_33_34_35-1;1;2;9;1-M3a-0.21IP-Q0.9_001.5sec.fsa,False
D8S1179,B,12,137.65,195.0,False,A06_RD14-0003-31_32_33_34_35-1;1;2;9;1-M3a-0.21IP-Q0.9_001.5sec.fsa,False
D21S11,B,28,198.68,204.0,False,A06_RD14-0003-31_32_33_34_35-1;1;2;9;1-M3a-0.21IP-Q0.9_001.5sec.fsa,False
D21S11,B,29,202.65,53.0,False,A06_RD14-0003-31_32_33_34_35-1;1;2;9;1-M3a-0.21IP-Q0.9_001.5sec.fsa,False
D7S820,B,8,262.02,147.0,False,A06_RD14-0003-31_32_33_34_35-1;1;2;9;1-M3a-0.21IP-Q0.9_001.5sec.fsa,False
D7S820,B,9,265.98,77.0,False,A06_RD14-0003-31_32_33_34_35-1;1;2;9;1-M3a-0.21IP-Q0.9_001.5sec.fsa,False
D7S820,B,13,282.11,51.0,False,A06_RD14-0003-31_32_33_34_35-1;1;2;9;1-M3a-0.21IP-Q0.9_001.5sec.fsa,True
CSF1PO,B,11,322.83,80.0,False,A06_RD14-0003-31_32_33_34_35-1;1;2;9;1-M3a-0.21IP-Q0.9_001.5sec.fsa,False
CSF1PO,B,12,326.88,206.0,False,A06_RD14-0003-31_32_33_34_35-1;1;2;9;1-M3a-0.21IP-Q0.9_001.5sec.fsa,False
D3S1358,G,15,122.26,402.0,False,A06_RD14-0003-31_32_33_34_35-1;1;2;9;1-M3a-0.21IP-Q0.9_001.5sec.fsa,False
D3S1358,G,16,126.36,78.0,False,A06_RD14-0003-31_32_33_34_35-1;1;2;9;1-M3a-0.21IP-Q0.9_001.5sec.fsa,False
TH01,G,7,172.59,63.0,False,A06_RD14-0003-31_32_33_34_35-1;1;2;9;1-M3a-0.21IP-Q0.9_001.5sec.fsa,False
TH01,G,8,176.61,283.0,False,A06_RD14-0003-31_32_33_34_35-1;1;2;9;1-M3a-0.21IP-Q0.9_001.5sec.fsa,False
TH01,G,9.3,183.8,209.0,False,A06_RD14-0003-31_32_33_34_35-1;1;2;9;1-M3a-0.21IP-Q0.9_001.5sec.fsa,False
D13S317,G,11,227.28,204.0,False,A06_RD14-0003-31_32_33_34_35-1;1;2;9;1-M3a-0.21IP-Q0.9_001.5sec.fsa,False
D16S539,G,8,263.28,260.0,False,A06_RD14-0003-31_32_33_34_35-1;1;2;9;1-M3a-0.21IP-Q0.9_001.5sec.fsa,False
D2S1338,G,17,312.78,209.0,False,A06_RD14-0003-31_32_33_34_35-1;1;2;9;1-M3a-0.21IP-Q0.9_001.5sec.fsa,False
D2S1338,G,19,321.06,179.0,False,A06_RD14-0003-31_32_33_34_35-1;1;2;9;1-M3a-0.21IP-Q0.9_001.5sec.fsa,False
D19S433,Y,13,116.18,262.0,False,A06_RD14-0003-31_32_33_34_35-1;1;2;9;1-M3a-0.21IP-Q0.9_001.5sec.fsa,False
D19S433,Y,13.2,118.2,118.0,False,A06_RD14-0003-31_32_33_34_35-1;1;2;9;1-M3a-0.21IP-Q0.9_001.5sec.fsa,False
vWA,Y,15,168.09,52.0,False,A06_RD14-0003-31_32_33_34_35-1;1;2;9;1-M3a-0.21IP-Q0.9_001.5sec.fsa,False
vWA,Y,16,172.1,75.0,False,A06_RD14-0003-31_32_33_34_35-1;1;2;9;1-M3a-0.21IP-Q0.9_001.5sec.fsa,False
vWA,Y,17,176.21,286.0,False,A06_RD14-0003-31_32_33_34_35-1;1;2;9;1-M3a-0.21IP-Q0.9_001.5sec.fsa,False
vWA,Y,18,180.25,125.0,False,A06_RD14-0003-31_32_33_34_35-1;1;2;9;1-M3a-0.21IP-Q0.9_001.5sec.fsa,False
TPOX,Y,8,228.77,58.0,False,A06_RD14-0003-31_32_33_34_35-1;1;2;9;1-M3a-0.21IP-Q0.9_001.5sec.fsa,False
TPOX,Y,11,240.78,191.0,False,A06_RD14-0003-31_32_33_34_35-1;1;2;9;1-M3a-0.21IP-Q0.9_001.5sec.fsa,False
TPOX,Y,12,244.93,136.0,False,A06_RD14-0003-31_32_33_34_35-1;1;2;9;1-M3a-0.21IP-Q0.9_001.5sec.fsa,True
D18S51,Y,14,289.1,117.0,False,A06_RD14-0003-31_32_33_34_35-1;1;2;9;1-M3a-0.21IP-Q0.9_001.5sec.fsa,False
AMEL,R,X,104.97,180.0,False,A06_RD14-0003-31_32_33_34_35-1;1;2;9;1-M3a-0.21IP-Q0.9_001.5sec.fsa,False
AMEL,R,Y,110.85,252.0,False,A06_RD14-0003-31_32_33_34_35-1;1;2;9;1-M3a-0.21IP-Q0.9_001.5sec.fsa,False
D5S818,R,11,148.85,51.0,False,A06_RD14-0003-31_32_33_34_35-1;1;2;9;1-M3a-0.21IP-Q0.9_001.5sec.fsa,False
D5S818,R,12,152.91,130.0,False,A06_RD14-0003-31_32_33_34_35-1;1;2;9;1-M3a-0.21IP-Q0.9_001.5sec.fsa,False
D5S818,R,13,157.14,213.0,False,A06_RD14-0003-31_32_33_34_35-1;1;2;9;1-M3a-0.21IP-Q0.9_001.5sec.fsa,False
D8S1179,B,11,133.62,165.0,False,A07_RD14-0003-31_32_33_34_35-1;1;2;9;1-M3d-0.21IP-Q1.8_001.5sec.fsa,False
D8S1179,B,12,137.73,115.0,False,A07_RD14-0003-31_32_33_34_35-1;1;2;9;1-M3d-0.21IP-Q1.8_001.5sec.fsa,False
D21S11,B,28,198.63,75.0,False,A07_RD14-0003-31_32_33_34_35-1;1;2;9;1-M3d-0.21IP-Q1.8_001.5sec.fsa,False
D21S11,B,31.2,212.64,79.0,False,A07_RD14-0003-31_32_33_34_35-1;1;2;9;1-M3d-0.21IP-Q1.8_001.5sec.fsa,True
D3S1358,G,15,122.25,346.0,False,A07_RD14-0003-31_32_33_34_35-1;1;2;9;1-M3d-0.21IP-Q1.8_001.5sec.fsa,False
D16S539,G,8,263.31,57.0,False,A07_RD14-0003-31_32_33_34_35-1;1;2;9;1-M3d-0.21IP-Q1.8_001.5sec.fsa,False
D2S1338,G,19,321.11,57.0,False,A07_RD14-0003-31_32_33_34_35-1;1;2;9;1-M3d-0.21IP-Q1.8_001.5sec.fsa,False
D19S433,Y,13,116.16,188.0,False,A07_RD14-0003-31_32_33_34_35-1;1;2;9;1-M3d-0.21IP-Q1.8_001.5sec.fsa,False
D19S433,Y,13.2,118.16,78.0,False,A07_RD14-0003-31_32_33_34_35-1;1;2;9;1-M3d-0.21IP-Q1.8_001.5sec.fsa,False
TPOX,Y,11,240.89,103.0,False,A07_RD14-0003-31_32_33_34_35-1;1;2;9;1-M3d-0.21IP-Q1.8_001.5sec.fsa,False
D18S51,Y,14,289.16,55.0,False,A07_RD14-0003-31_32_33_34_35-1;1;2;9;1-M3d-0.21IP-Q1.8_001.5sec.fsa,False
AMEL,R,X,104.95,166.0,False,A07_RD14-0003-31_32_33_34_35-1;1;2;9;1-M3d-0.21IP-Q1.8_001.5sec.fsa,False
AMEL,R,Y,110.91,94.0,False,A07_RD14-0003-31_32_33_34_35-1;1;2;9;1-M3d-0.21IP-Q1.8_001.5sec.fsa,False
D5S818,R,12,152.95,85.0,False,A07_RD14-0003-31_32_33_34_35-1;1;2;9;1-M3d-0.21IP-Q1.8_001.5sec.fsa,False
D8S1179,B,10,129.7,227.0,False,A08_RD14-0003-36_37_38_39_40-1;9;9;9;1-M2a-0.5IP-Q0.7_001.5sec.fsa,False
D8S1179,B,12,137.79,260.0,False,A08_RD14-0003-36_37_38_39_40-1;9;9;9;1-M2a-0.5IP-Q0.7_001.5sec.fsa,False
D8S1179,B,13,142.0,946.0,False,A08_RD14-0003-36_37_38_39_40-1;9;9;9;1-M2a-0.5IP-Q0.7_001.5sec.fsa,False
D8S1179,B,14,146.11,146.0,False,A08_RD14-0003-36_37_38_39_40-1;9;9;9;1-M2a-0.5IP-Q0.7_001.5sec.fsa,False
D21S11,B,28,198.7,313.0,False,A08_RD14-0003-36_37_38_39_40-1;9;9;9;1-M2a-0.5IP-Q0.7_001.5sec.fsa,False
D21S11,B,29,202.7,191.0,False,A08_RD14-0003-36_37_38_39_40-1;9;9;9;1-M2a-0.5IP-Q0.7_001.5sec.fsa,False
CSF1PO,B,10,318.83,694.0,False,A08_RD14-0003-36_37_38_39_40-1;9;9;9;1-M2a-0.5IP-Q0.7_001.5sec.fsa,False
CSF1PO,B,11,322.91,432.0,False,A08_RD14-0003-36_37_38_39_40-1;9;9;9;1-M2a-0.5IP-Q0.7_001.5sec.fsa,False
D3S1358,G,14,118.34,240.0,False,A08_RD14-0003-36_37_38_39_40-1;9;9;9;1-M2a-0.5IP-Q0.7_001.5sec.fsa,False
D3S1358,G,15,122.21,408.0,False,A08_RD14-0003-36_37_38_39_40-1;9;9;9;1-M2a-0.5IP-Q0.7_001.5sec.fsa,False
D3S1358,G,16,126.5,527.0,False,A08_RD14-0003-36_37_38_39_40-1;9;9;9;1-M2a-0.5IP-Q0.7_001.5sec.fsa,False
D3S1358,G,17,130.51,969.0,False,A08_RD14-0003-36_37_38_39_40-1;9;9;9;1-M2a-0.5IP-Q0.7_001.5sec.fsa,False
TH01,G,6,168.58,806.0,False,A08_RD14-0003-36_37_38_39_40-1;9;9;9;1-M2a-0.5IP-Q0.7_001.5sec.fsa,False
TH01,G,7,172.63,1012.0,False,A08_RD14-0003-36_37_38_39_40-1;9;9;9;1-M2a-0.5IP-Q0.7_001.5sec.fsa,False
TH01,G,8,176.69,165.0,False,A08_RD14-0003-36_37_38_39_40-1;9;9;9;1-M2a-0.5IP-Q0.7_001.5sec.fsa,False
TH01,G,9.3,183.89,430.0,False,A08_RD14-0003-36_37_38_39_40-1;9;9;9;1-M2a-0.5IP-Q0.7_001.5sec.fsa,False
D13S317,G,9,219.28,226.0,False,A08_RD14-0003-36_37_38_39_40-1;9;9;9;1-M2a-0.5IP-Q0.7_001.5sec.fsa,False
D13S317,G,10,223.33,510.0,False,A08_RD14-0003-36_37_38_39_40-1;9;9;9;1-M2a-0.5IP-Q0.7_001.5sec.fsa,False
D13S317,G,11,227.36,500.0,False,A08_RD14-0003-36_37_38_39_40-1;9;9;9;1-M2a-0.5IP-Q0.7_001.5sec.fsa,False
D16S539,G,9,267.28,395.0,False,A08_RD14-0003-36_37_38_39_40-1;9;9;9;1-M2a-0.5IP-Q0.7_001.5sec.fsa,False
D16S539,G,11,275.23,543.0,False,A08_RD14-0003-36_37_38_39_40-1;9;9;9;1-M2a-0.5IP-Q0.7_001.5sec.fsa,False
D16S539,G,12,279.28,304.0,False,A08_RD14-0003-36_37_38_39_40-1;9;9;9;1-M2a-0.5IP-Q0.7_001.5sec.fsa,False
D2S1338,G,16,308.8,644.0,False,A08_RD14-0003-36_37_38_39_40-1;9;9;9;1-M2a-0.5IP-Q0.7_001.5sec.fsa,False
D2S1338,G,18,316.89,400.0,False,A08_RD14-0003-36_37_38_39_40-1;9;9;9;1-M2a-0.5IP-Q0.7_001.5sec.fsa,False
D2S1338,G,19,321.13,624.0,False,A08_RD14-0003-36_37_38_39_40-1;9;9;9;1-M2a-0.5IP-Q0.7_001.5sec.fsa,False
D19S433,Y,13,116.21,573.0,False,A08_RD14-0003-36_37_38_39_40-1;9;9;9;1-M2a-0.5IP-Q0.7_001.5sec.fsa,False
D19S433,Y,14,120.24,913.0,False,A08_RD14-0003-36_37_38_39_40-1;9;9;9;1-M2a-0.5IP-Q0.7_001.5sec.fsa,False
vWA,Y,15,168.15,110.0,False,A08_RD14-0003-36_37_38_39_40-1;9;9;9;1-M2a-0.5IP-Q0.7_001.5sec.fsa,False
vWA,Y,16,172.21,297.0,False,A08_RD14-0003-36_37_38_39_40-1;9;9;9;1-M2a-0.5IP-Q0.7_001.5sec.fsa,False
vWA,Y,17,176.18,354.0,False,A08_RD14-0003-36_37_38_39_40-1;9;9;9;1-M2a-0.5IP-Q0.7_001.5sec.fsa,False
vWA,Y,18,180.26,860.0,False,A08_RD14-0003-36_37_38_39_40-1;9;9;9;1-M2a-0.5IP-Q0.7_001.5sec.fsa,False
TPOX,Y,8,228.86,578.0,False,A08_RD14-0003-36_37_38_39_40-1;9;9;9;1-M2a-0.5IP-Q0.7_001.5sec.fsa,False
TPOX,Y,10,236.84,278.0,False,A08_RD14-0003-36_37_38_39_40-1;9;9;9;1-M2a-0.5IP-Q0.7_001.5sec.fsa,False
TPOX,Y,11,240.9,306.0,False,A08_RD14-0003-36_37_38_39_40-1;9;9;9;1-M2a-0.5IP-Q0.7_001.5sec.fsa,False
TPOX,Y,12,245.06,246.0,False,A08_RD14-0003-36_37_38_39_40-1;9;9;9;1-M2a-0.5IP-Q0.7_001.5sec.fsa,True
D18S51,Y,12,281.07,88.0,False,A08_RD14-0003-36_37_38_39_40-1;9;9;9;1-M2a-0.5IP-Q0.7_001.5sec.fsa,False
D18S51,Y,13,285.11,164.0,False,A08_RD14-0003-36_37_38_39_40-1;9;9;9;1-M2a-0.5IP-Q0.7_001.5sec.fsa,False
D18S51,Y,15,293.18,437.0,False,A08_RD14-0003-36_37_38_39_40-1;9;9;9;1-M2a-0.5IP-Q0.7_001.5sec.fsa,False
AMEL,R,X,104.91,680.0,False,A08_RD14-0003-36_37_38_39_40-1;9;9;9;1-M2a-0.5IP-Q0.7_001.5sec.fsa,False
AMEL,R,Y,110.87,656.0,False,A08_RD14-0003-36_37_38_39_40-1;9;9;9;1-M2a-0.5IP-Q0.7_001.5sec.fsa,False
D5S818,R,11,148.88,330.0,False,A08_RD14-0003-36_37_38_39_40-1;9;9;9;1-M2a-0.5IP-Q0.7_001.5sec.fsa,False
D5S818,R,12,153.02,351.0,False,A08_RD14-0003-36_37_38_39_40-1;9;9;9;1-M2a-0.5IP-Q0.7_001.5sec.fsa,False
FGA,R,21,229.21,57.0,False,A08_RD14-0003-36_37_38_39_40-1;9;9;9;1-M2a-0.5IP-Q0.7_001.5sec.fsa,False
FGA,R,22,233.24,617.0,False,A08_RD14-0003-36_37_38_39_40-1;9;9;9;1-M2a-0.5IP-Q0.7_001.5sec.fsa,False
FGA,R,22.2,235.26,209.0,False,A08_RD14-0003-36_37_38_39_40-1;9;9;9;1-M2a-0.5IP-Q0.7_001.5sec.fsa,True
FGA,R,23,237.28,50.0,False,A08_RD14-0003-36_37_38_39_40-1;9;9;9;1-M2a-0.5IP-Q0.7_001.5sec.fsa,False
D8S1179,B,10,129.57,154.0,False,A09_RD14-0003-36_37_38_39_40-1;9;9;9;1-M2d-0.5IP-Q1.6_001.5sec.fsa,False
D8S1179,B,12,137.69,137.0,False,A09_RD14-0003-36_37_38_39_40-1;9;9;9;1-M2d-0.5IP-Q1.6_001.5sec.fsa,False
D21S11,B,28,198.62,119.0,False,A09_RD14-0003-36_37_38_39_40-1;9;9;9;1-M2d-0.5IP-Q1.6_001.5sec.fsa,False
D21S11,B,29,202.63,63.0,False,A09_RD14-0003-36_37_38_39_40-1;9;9;9;1-M2d-0.5IP-Q1.6_001.5sec.fsa,False
D21S11,B,30,206.71,189.0,False,A09_RD14-0003-36_37_38_39_40-1;9;9;9;1-M2d-0.5IP-Q1.6_001.5sec.fsa,False
D21S11,B,31.2,212.62,65.0,False,A09_RD14-0003-36_37_38_39_40-1;9;9;9;1-M2d-0.5IP-Q1.6_001.5sec.fsa,True
D7S820,B,8,262.04,121.0,False,A09_RD14-0003-36_37_38_39_40-1;9;9;9;1-M2d-0.5IP-Q1.6_001.5sec.fsa,False
D7S820,B,11,274.16,127.0,False,A09_RD14-0003-36_37_38_39_40-1;9;9;9;1-M2d-0.5IP-Q1.6_001.5sec.fsa,False
CSF1PO,B,10,318.74,131.0,False,A09_RD14-0003-36_37_38_39_40-1;9;9;9;1-M2d-0.5IP-Q1.6_001.5sec.fsa,False
CSF1PO,B,12,326.94,66.0,False,A09_RD14-0003-36_37_38_39_40-1;9;9;9;1-M2d-0.5IP-Q1.6_001.5sec.fsa,False
D3S1358,G,14,118.39,308.0,False,A09_RD14-0003-36_37_38_39_40-1;9;9;9;1-M2d-0.5IP-Q1.6_001.5sec.fsa,False
D3S1358,G,15,122.11,175.0,False,A09_RD14-0003-36_37_38_39_40-1;9;9;9;1-M2d-0.5IP-Q1.6_001.5sec.fsa,False
TH01,G,6,168.58,319.0,False,A09_RD14-0003-36_37_38_39_40-1;9;9;9;1-M2d-0.5IP-Q1.6_001.5sec.fsa,False
TH01,G,7,172.63,549.0,False,A09_RD14-0003-36_37_38_39_40-1;9;9;9;1-M2d-0.5IP-Q1.6_001.5sec.fsa,False
TH01,G,8,176.69,69.0,False,A09_RD14-0003-36_37_38_39_40-1;9;9;9;1-M2d-0.5IP-Q1.6_001.5sec.fsa,False
D13S317,G,9,219.2,201.0,False,A09_RD14-0003-36_37_38_39_40-1;9;9;9;1-M2d-0.5IP-Q1.6_001.5sec.fsa,False
D13S317,G,10,223.14,85.0,False,A09_RD14-0003-36_37_38_39_40-1;9;9;9;1-M2d-0.5IP-Q1.6_001.5sec.fsa,False
D13S317,G,11,227.25,119.0,False,A09_RD14-0003-36_37_38_39_40-1;9;9;9;1-M2d-0.5IP-Q1.6_001.5sec.fsa,False
D13S317,G,12,231.28,369.0,False,A09_RD14-0003-36_37_38_39_40-1;9;9;9;1-M2d-0.5IP-Q1.6_001.5sec.fsa,False
D16S539,G,9,267.28,107.0,False,A09_RD14-0003-36_37_38_39_40-1;9;9;9;1-M2d-0.5IP-Q1.6_001.5sec.fsa,False
D16S539,G,11,275.24,128.0,False,A09_RD14-0003-36_37_38_39_40-1;9;9;9;1-M2d-0.5IP-Q1.6_001.5sec.fsa,False
D2S1338,G,16,308.79,175.0,False,A09_RD14-0003-36_37_38_39_40-1;9;9;9;1-M2d-0.5IP-Q1.6_001.5sec.fsa,False
D2S1338,G,18,316.89,81.0,False,A09_RD14-0003-36_37_38_39_40-1;9;9;9;1-M2d-0.5IP-Q1.6_001.5sec.fsa,False
D2S1338,G,19,321.13,167.0,False,A09_RD14-0003-36_37_38_39_40-1;9;9;9;1-M2d-0.5IP-Q1.6_001.5sec.fsa,False
D2S1338,G,20,325.17,81.0,False,A09_RD14-0003-36_37_38_39_40-1;9;9;9;1-M2d-0.5IP-Q1.6_001.5sec.fsa,False
D19S433,Y,13,116.23,428.0,False,A09_RD14-0003-36_37_38_39_40-1;9;9;9;1-M2d-0.5IP-Q1.6_001.5sec.fsa,False
D19S433,Y,14,120.16,604.0,False,A09_RD14-0003-36_37_38_39_40-1;9;9;9;1-M2d-0.5IP-Q1.6_001.5sec.fsa,False
D19S433,Y,14.2,122.11,117.0,False,A09_RD14-0003-36_37_38_39_40-1;9;9;9;1-M2d-0.5IP-Q1.6_001.5sec.fsa,True
vWA,Y,15,168.08,61.0,False,A09_RD14-0003-36_37_38_39_40-1;9;9;9;1-M2d-0.5IP-Q1.6_001.5sec.fsa,False
vWA,Y,16,172.21,158.0,False,A09_RD14-0003-36_37_38_39_40-1;9;9;9;1-M2d-0.5IP-Q1.6_001.5sec.fsa,False
vWA,Y,17,176.19,114.0,False,A09_RD14-0003-36_37_38_39_40-1;9;9;9;1-M2d-0.5IP-Q1.6_001.5sec.fsa,False
vWA,Y,18,180.34,170.0,False,A09_RD14-0003-36_37_38_39_40-1;9;9;9;1-M2d-0.5IP-Q1.6_001.5sec.fsa,False
TPOX,Y,8,228.74,333.0,False,A09_RD14-0003-36_37_38_39_40-1;9;9;9;1-M2d-0.5IP-Q1.6_001.5sec.fsa,False
TPOX,Y,10,236.82,80.0,False,A09_RD14-0003-36_37_38_39_40-1;9;9;9;1-M2d-0.5IP-Q1.6_001.5sec.fsa,False
TPOX,Y,11,240.81,100.0,False,A09_RD14-0003-36_37_38_39_40-1;9;9;9;1-M2d-0.5IP-Q1.6_001.5sec.fsa,False
TPOX,Y,12,244.97,117.0,False,A09_RD14-0003-36_37_38_39_40-1;9;9;9;1-M2d-0.5IP-Q1.6_001.5sec.fsa,True
D18S51,Y,15,293.12,177.0,False,A09_RD14-0003-36_37_38_39_40-1;9;9;9;1-M2d-0.5IP-Q1.6_001.5sec.fsa,False
AMEL,R,X,105.02,462.0,False,A09_RD14-0003-36_37_38_39_40-1;9;9;9;1-M2d-0.5IP-Q1.6_001.5sec.fsa,False
AMEL,R,Y,110.89,542.0,False,A09_RD14-0003-36_37_38_39_40-1;9;9;9;1-M2d-0.5IP-Q1.6_001.5sec.fsa,False
D5S818,R,11,148.88,239.0,False,A09_RD14-0003-36_37_38_39_40-1;9;9;9;1-M2d-0.5IP-Q1.6_001.5sec.fsa,False
D5S818,R,12,152.94,219.0,False,A09_RD14-0003-36_37_38_39_40-1;9;9;9;1-M2d-0.5IP-Q1.6_001.5sec.fsa,False
FGA,R,22,233.13,331.0,False,A09_RD14-0003-36_37_38_39_40-1;9;9;9;1-M2d-0.5IP-Q1.6_001.5sec.fsa,False
D21S11,B,28,198.7,53.0,False,A02_RD14-0003-50_29_30_31-1;1;2;1-M3c-0.075IP-Q0.5_001.5sec.fsa,False
D7S820,B,13,282.22,64.0,False,A02_RD14-0003-50_29_30_31-1;1;2;1-M3c-0.075IP-Q0.5_001.5sec.fsa,True
CSF1PO,B,9,314.57,80.0,False,A02_RD14-0003-50_29_30_31-1;1;2;1-M3c-0.075IP-Q0.5_001.5sec.fsa,True
D3S1358,G,15,122.2,215.0,False,A02_RD14-0003-50_29_30_31-1;1;2;1-M3c-0.075IP-Q0.5_001.5sec.fsa,False
D3S1358,G,16,126.41,59.0,False,A02_RD14-0003-50_29_30_31-1;1;2;1-M3c-0.075IP-Q0.5_001.5sec.fsa,False
D3S1358,G,17,130.41,153.0,False,A02_RD14-0003-50_29_30_31-1;1;2;1-M3c-0.075IP-Q0.5_001.5sec.fsa,False
D3S1358,G,18,134.53,99.0,False,A02_RD14-0003-50_29_30_31-1;1;2;1-M3c-0.075IP-Q0.5_001.5sec.fsa,True
TH01,G,6,168.58,121.0,False,A02_RD14-0003-50_29_30_31-1;1;2;1-M3c-0.075IP-Q0.5_001.5sec.fsa,False
TH01,G,7,172.63,123.0,False,A02_RD14-0003-50_29_30_31-1;1;2;1-M3c-0.075IP-Q0.5_001.5sec.fsa,False
TH01,G,8,176.69,52.0,False,A02_RD14-0003-50_29_30_31-1;1;2;1-M3c-0.075IP-Q0.5_001.5sec.fsa,False
D13S317,G,11,227.31,121.0,False,A02_RD14-0003-50_29_30_31-1;1;2;1-M3c-0.075IP-Q0.5_001.5sec.fsa,False
D13S317,G,12,231.32,163.0,False,A02_RD14-0003-50_29_30_31-1;1;2;1-M3c-0.075IP-Q0.5_001.5sec.fsa,False
D16S539,G,11,275.23,111.0,False,A02_RD14-0003-50_29_30_31-1;1;2;1-M3c-0.075IP-Q0.5_001.5sec.fsa,False
D2S1338,G,22,333.23,144.0,False,A02_RD14-0003-50_29_30_31-1;1;2;1-M3c-0.075IP-Q0.5_001.5sec.fsa,False
D19S433,Y,12,112.24,139.0,False,A02_RD14-0003-50_29_30_31-1;1;2;1-M3c-0.075IP-Q0.5_001.5sec.fsa,False
D19S433,Y,12.2,114.23,55.0,False,A02_RD14-0003-50_29_30_31-1;1;2;1-M3c-0.075IP-Q0.5_001.5sec.fsa,True
D19S433,Y,14,120.16,100.0,False,A02_RD14-0003-50_29_30_31-1;1;2;1-M3c-0.075IP-Q0.5_001.5sec.fsa,False
vWA,Y,15,168.07,62.0,False,A02_RD14-0003-50_29_30_31-1;1;2;1-M3c-0.075IP-Q0.5_001.5sec.fsa,False
vWA,Y,17,176.27,98.0,False,A02_RD14-0003-50_29_30_31-1;1;2;1-M3c-0.075IP-Q0.5_001.5sec.fsa,False
vWA,Y,18,180.34,86.0,False,A02_RD14-0003-50_29_30_31-1;1;2;1-M3c-0.075IP-Q0.5_001.5sec.fsa,False
TPOX,Y,8,228.79,59.0,False,A02_RD14-0003-50_29_30_31-1;1;2;1-M3c-0.075IP-Q0.5_001.5sec.fsa,False
TPOX,Y,10,236.84,54.0,False,A02_RD14-0003-50_29_30_31-1;1;2;1-M3c-0.075IP-Q0.5_001.5sec.fsa,False
D18S51,Y,14,289.16,80.0,False,A02_RD14-0003-50_29_30_31-1;1;2;1-M3c-0.075IP-Q0.5_001.5sec.fsa,False
AMEL,R,X,104.93,137.0,False,A02_RD14-0003-50_29_30_31-1;1;2;1-M3c-0.075IP-Q0.5_001.5sec.fsa,False
AMEL,R,Y,110.88,174.0,False,A02_RD14-0003-50_29_30_31-1;1;2;1-M3c-0.075IP-Q0.5_001.5sec.fsa,False
D5S818,R,10,144.75,66.0,False,A02_RD14-0003-50_29_30_31-1;1;2;1-M3c-0.075IP-Q0.5_001.5sec.fsa,False
D5S818,R,11,148.85,91.0,False,A02_RD14-0003-50_29_30_31-1;1;2;1-M3c-0.075IP-Q0.5_001.5sec.fsa,False
D5S818,R,12,152.97,66.0,False,A02_RD14-0003-50_29_30_31-1;1;2;1-M3c-0.075IP-Q0.5_001.5sec.fsa,False
FGA,R,22,233.16,54.0,False,A02_RD14-0003-50_29_30_31-1;1;2;1-M3c-0.075IP-Q0.5_001.5sec.fsa,False
FGA,R,23,237.28,56.0,False,A02_RD14-0003-50_29_30_31-1;1;2;1-M3c-0.075IP-Q0.5_001.5sec.fsa,False
D3S1358,G,16,126.31,52.0,False,A03_RD14-0003-50_29_30_31-1;1;2;1-M3e-0.075IP-Q1.1_001.5sec.fsa,False
TH01,G,7,172.71,147.0,False,A03_RD14-0003-50_29_30_31-1;1;2;1-M3e-0.075IP-Q1.1_001.5sec.fsa,False
D13S317,G,11,227.34,112.0,False,A03_RD14-0003-50_29_30_31-1;1;2;1-M3e-0.075IP-Q1.1_001.5sec.fsa,False
D13S317,G,12,231.34,63.0,False,A03_RD14-0003-50_29_30_31-1;1;2;1-M3e-0.075IP-Q1.1_001.5sec.fsa,False
D16S539,G,11,275.26,73.0,False,A03_RD14-0003-50_29_30_31-1;1;2;1-M3e-0.075IP-Q1.1_001.5sec.fsa,False
D19S433,Y,12,112.23,84.0,False,A03_RD14-0003-50_29_30_31-1;1;2;1-M3e-0.075IP-Q1.1_001.5sec.fsa,False
D19S433,Y,14,120.15,89.0,False,A03_RD14-0003-50_29_30_31-1;1;2;1-M3e-0.075IP-Q1.1_001.5sec.fsa,False
vWA,Y,15,168.23,53.0,False,A03_RD14-0003-50_29_30_31-1;1;2;1-M3e-0.075IP-Q1.1_001.5sec.fsa,False
AMEL,R,X,104.97,157.0,False,A03_RD14-0003-50_29_30_31-1;1;2;1-M3e-0.075IP-Q1.1_001.5sec.fsa,False
AMEL,R,Y,110.85,154.0,False,A03_RD14-0003-50_29_30_31-1;1;2;1-M3e-0.075IP-Q1.1_001.5sec.fsa,False
D8S1179,B,10,129.76,83.0,False,A04_RD14-0003-32_33_34_35-1;1;9;1-M2c-0.372IP-Q0.4_001.5sec.fsa,False
D8S1179,B,11,133.81,611.0,False,A04_RD14-0003-32_33_34_35-1;1;9;1-M2c-0.372IP-Q0.4_001.5sec.fsa,False
D8S1179,B,12,137.82,650.0,False,A04_RD14-0003-32_33_34_35-1;1;9;1-M2c-0.372IP-Q0.4_001.5sec.fsa,False
D21S11,B,28,198.63,585.0,False,A04_RD14-0003-32_33_34_35-1;1;9;1-M2c-0.372IP-Q0.4_001.5sec.fsa,False
D7S820,B,8,262.1,373.0,False,A04_RD14-0003-32_33_34_35-1;1;9;1-M2c-0.372IP-Q0.4_001.5sec.fsa,False
CSF1PO,B,10,318.66,125.0,False,A04_RD14-0003-32_33_34_35-1;1;9;1-M2c-0.372IP-Q0.4_001.5sec.fsa,False
CSF1PO,B,11,322.78,493.0,False,A04_RD14-0003-32_33_34_35-1;1;9;1-M2c-0.372IP-Q0.4_001.5sec.fsa,False
CSF1PO,B,12,326.84,713.0,False,A04_RD14-0003-32_33_34_35-1;1;9;1-M2c-0.372IP-Q0.4_001.5sec.fsa,False
D3S1358,G,14,118.39,99.0,False,A04_RD14-0003-32_33_34_35-1;1;9;1-M2c-0.372IP-Q0.4_001.5sec.fsa,False
D3S1358,G,15,122.32,1360.0,False,A04_RD14-0003-32_33_34_35-1;1;9;1-M2c-0.372IP-Q0.4_001.5sec.fsa,False
D3S1358,G,16,126.54,90.0,False,A04_RD14-0003-32_33_34_35-1;1;9;1-M2c-0.372IP-Q0.4_001.5sec.fsa,False
D3S1358,G,17,130.55,92.0,False,A04_RD14-0003-32_33_34_35-1;1;9;1-M2c-0.372IP-Q0.4_001.5sec.fsa,False
D3S1358,G,18,134.53,74.0,False,A04_RD14-0003-32_33_34_35-1;1;9;1-M2c-0.372IP-Q0.4_001.5sec.fsa,True
TH01,G,7,172.67,115.0,False,A04_RD14-0003-32_33_34_35-1;1;9;1-M2c-0.372IP-Q0.4_001.5sec.fsa,False
TH01,G,8,176.67,952.0,False,A04_RD14-0003-32_33_34_35-1;1;9;1-M2c-0.372IP-Q0.4_001.5sec.fsa,False
TH01,G,9,180.68,97.0,False,A04_RD14-0003-32_33_34_35-1;1;9;1-M2c-0.372IP-Q0.4_001.5sec.fsa,False
TH01,G,9.3,183.9,1130.0,False,A04_RD14-0003-32_33_34_35-1;1;9;1-M2c-0.372IP-Q0.4_001.5sec.fsa,False
D13S317,G,10,223.25,59.0,False,A04_RD14-0003-32_33_34_35-1;1;9;1-M2c-0.372IP-Q0.4_001.5sec.fsa,False
D13S317,G,11,227.2,1555.0,False,A04_RD14-0003-32_33_34_35-1;1;9;1-M2c-0.372IP-Q0.4_001.5sec.fsa,False
D13S317,G,12,231.25,203.0,False,A04_RD14-0003-32_33_34_35-1;1;9;1-M2c-0.372IP-Q0.4_001.5sec.fsa,False
D13S317,G,13,235.31,106.0,False,A04_RD14-0003-32_33_34_35-1;1;9;1-M2c-0.372IP-Q0.4_001.5sec.fsa,False
D16S539,G,8,263.23,733.0,False,A04_RD14-0003-32_33_34_35-1;1;9;1-M2c-0.372IP-Q0.4_001.5sec.fsa,False
D16S539,G,9,267.18,56.0,False,A04_RD14-0003-32_33_34_35-1;1;9;1-M2c-0.372IP-Q0.4_001.5sec.fsa,False
D16S539,G,11,275.21,182.0,False,A04_RD14-0003-32_33_34_35-1;1;9;1-M2c-0.372IP-Q0.4_001.5sec.fsa,False
D2S1338,G,16,308.68,57.0,False,A04_RD14-0003-32_33_34_35-1;1;9;1-M2c-0.372IP-Q0.4_001.5sec.fsa,False
D2S1338,G,17,312.73,702.0,False,A04_RD14-0003-32_33_34_35-1;1;9;1-M2c-0.372IP-Q0.4_001.5sec.fsa,False
D2S1338,G,18,316.85,54.0,False,A04_RD14-0003-32_33_34_35-1;1;9;1-M2c-0.372IP-Q0.4_001.5sec.fsa,False
D19S433,Y,11,108.05,150.0,False,A04_RD14-0003-32_33_34_35-1;1;9;1-M2c-0.372IP-Q0.4_001.5sec.fsa,False
vWA,Y,16,172.26,313.0,False,A04_RD14-0003-32_33_34_35-1;1;9;1-M2c-0.372IP-Q0.4_001.5sec.fsa,False
vWA,Y,17,176.25,612.0,False,A04_RD14-0003-32_33_34_35-1;1;9;1-M2c-0.372IP-Q0.4_001.5sec.fsa,False
vWA,Y,18,180.34,626.0,False,A04_RD14-0003-32_33_34_35-1;1;9;1-M2c-0.372IP-Q0.4_001.5sec.fsa,False
TPOX,Y,6,220.77,98.0,False,A04_RD14-0003-32_33_34_35-1;1;9;1-M2c-0.372IP-Q0.4_001.5sec.fsa,False
TPOX,Y,8,228.75,57.0,False,A04_RD14-0003-32_33_34_35-1;1;9;1-M2c-0.372IP-Q0.4_001.5sec.fsa,False
TPOX,Y,11,240.81,762.0,False,A04_RD14-0003-32_33_34_35-1;1;9;1-M2c-0.372IP-Q0.4_001.5sec.fsa,False
D18S51,Y,12,281.06,74.0,False,A04_RD14-0003-32_33_34_35-1;1;9;1-M2c-0.372IP-Q0.4_001.5sec.fsa,False
D18S51,Y,14,289.07,422.0,False,A04_RD14-0003-32_33_34_35-1;1;9;1-M2c-0.372IP-Q0.4_001.5sec.fsa,False
D18S51,Y,16,297.18,84.0,False,A04_RD14-0003-32_33_34_35-1;1;9;1-M2c-0.372IP-Q0.4_001.5sec.fsa,False
AMEL,R,X,104.95,574.0,False,A04_RD14-0003-32_33_34_35-1;1;9;1-M2c-0.372IP-Q0.4_001.5sec.fsa,False
AMEL,R,Y,110.91,749.0,False,A04_RD14-0003-32_33_34_35-1;1;9;1-M2c-0.372IP-Q0.4_001.5sec.fsa,False
D5S818,R,11,148.86,123.0,False,A04_RD14-0003-32_33_34_35-1;1;9;1-M2c-0.372IP-Q0.4_001.5sec.fsa,False
D5S818,R,12,153.03,633.0,False,A04_RD14-0003-32_33_34_35-1;1;9;1-M2c-0.372IP-Q0.4_001.5sec.fsa,False
FGA,R,20,225.05,77.0,False,A04_RD14-0003-32_33_34_35-1;1;9;1-M2c-0.372IP-Q0.4_001.5sec.fsa,False
FGA,R,21,229.18,98.0,False,A04_RD14-0003-32_33_34_35-1;1;9;1-M2c-0.372IP-Q0.4_001.5sec.fsa,False
FGA,R,23,237.31,124.0,False,A04_RD14-0003-32_33_34_35-1;1;9;1-M2c-0.372IP-Q0.4_001.5sec.fsa,False
D8S1179,B,10,129.7,65.0,False,A05_RD14-0003-32_33_34_35-1;1;9;1-M2e-0.372IP-Q0.6_001.5sec.fsa,False
D8S1179,B,11,133.77,449.0,False,A05_RD14-0003-32_33_34_35-1;1;9;1-M2e-0.372IP-Q0.6_001.5sec.fsa,False
D8S1179,B,12,137.8,497.0,False,A05_RD14-0003-32_33_34_35-1;1;9;1-M2e-0.372IP-Q0.6_001.5sec.fsa,False
D8S1179,B,13,142.05,96.0,False,A05_RD14-0003-32_33_34_35-1;1;9;1-M2e-0.372IP-Q0.6_001.5sec.fsa,False
D7S820,B,8,262.1,223.0,False,A05_RD14-0003-32_33_34_35-1;1;9;1-M2e-0.372IP-Q0.6_001.5sec.fsa,False
D7S820,B,9,266.05,281.0,False,A05_RD14-0003-32_33_34_35-1;1;9;1-M2e-0.372IP-Q0.6_001.5sec.fsa,False
D7S820,B,11,274.16,129.0,False,A05_RD14-0003-32_33_34_35-1;1;9;1-M2e-0.372IP-Q0.6_001.5sec.fsa,False
CSF1PO,B,10,318.76,62.0,False,A05_RD14-0003-32_33_34_35-1;1;9;1-M2e-0.372IP-Q0.6_001.5sec.fsa,False
D3S1358,G,14,118.33,92.0,False,A05_RD14-0003-32_33_34_35-1;1;9;1-M2e-0.372IP-Q0.6_001.5sec.fsa,False
D3S1358,G,15,122.24,1195.0,False,A05_RD14-0003-32_33_34_35-1;1;9;1-M2e-0.372IP-Q0.6_001.5sec.fsa,False
D3S1358,G,17,130.49,103.0,False,A05_RD14-0003-32_33_34_35-1;1;9;1-M2e-0.372IP-Q0.6_001.5sec.fsa,False
TH01,G,8,176.65,675.0,False,A05_RD14-0003-32_33_34_35-1;1;9;1-M2e-0.372IP-Q0.6_001.5sec.fsa,False
TH01,G,9,180.77,130.0,False,A05_RD14-0003-32_33_34_35-1;1;9;1-M2e-0.372IP-Q0.6_001.5sec.fsa,False
TH01,G,9.3,183.91,837.0,False,A05_RD14-0003-32_33_34_35-1;1;9;1-M2e-0.372IP-Q0.6_001.5sec.fsa,False
D13S317,G,11,227.25,835.0,False,A05_RD14-0003-32_33_34_35-1;1;9;1-M2e-0.372IP-Q0.6_001.5sec.fsa,False
D16S539,G,8,263.33,289.0,False,A05_RD14-0003-32_33_34_35-1;1;9;1-M2e-0.372IP-Q0.6_001.5sec.fsa,False
D2S1338,G,17,312.73,238.0,False,A05_RD14-0003-32_33_34_35-1;1;9;1-M2e-0.372IP-Q0.6_001.5sec.fsa,False
D19S433,Y,11,108.15,198.0,False,A05_RD14-0003-32_33_34_35-1;1;9;1-M2e-0.372IP-Q0.6_001.5sec.fsa,False
D19S433,Y,13,116.21,639.0,False,A05_RD14-0003-32_33_34_35-1;1;9;1-M2e-0.372IP-Q0.6_001.5sec.fsa,False
D19S433,Y,13.2,118.18,438.0,False,A05_RD14-0003-32_33_34_35-1;1;9;1-M2e-0.372IP-Q0.6_001.5sec.fsa,False
vWA,Y,16,172.22,113.0,False,A05_RD14-0003-32_33_34_35-1;1;9;1-M2e-0.372IP-Q0.6_001.5sec.fsa,False
vWA,Y,17,176.31,349.0,False,A05_RD14-0003-32_33_34_35-1;1;9;1-M2e-0.372IP-Q0.6_001.5sec.fsa,False
vWA,Y,18,180.43,407.0,False,A05_RD14-0003-32_33_34_35-1;1;9;1-M2e-0.372IP-Q0.6_001.5sec.fsa,False
TPOX,Y,8,228.8,51.0,False,A05_RD14-0003-32_33_34_35-1;1;9;1-M2e-0.372IP-Q0.6_001.5sec.fsa,False
D18S51,Y,14,289.15,202.0,False,A05_RD14-0003-32_33_34_35-1;1;9;1-M2e-0.372IP-Q0.6_001.5sec.fsa,False
D18S51,Y,16,297.18,80.0,False,A05_RD14-0003-32_33_34_35-1;1;9;1-M2e-0.372IP-Q0.6_001.5sec.fsa,False
AMEL,R,X,104.96,871.0,False,A05_RD14-0003-32_33_34_35-1;1;9;1-M2e-0.372IP-Q0.6_001.5sec.fsa,False
AMEL,R,Y,110.92,709.0,False,A05_RD14-0003-32_33_34_35-1;1;9;1-M2e-0.372IP-Q0.6_001.5sec.fsa,False
D5S818,R,11,148.9,156.0,False,A05_RD14-0003-32_33_34_35-1;1;9;1-M2e-0.372IP-Q0.6_001.5sec.fsa,False
D5S818,R,12,152.97,437.0,False,A05_RD14-0003-32_33_34_35-1;1;9;1-M2e-0.372IP-Q0.6_001.5sec.fsa,False
D5S818,R,13,157.15,435.0,False,A05_RD14-0003-32_33_34_35-1;1;9;1-M2e-0.372IP-Q0.6_001.5sec.fsa,False
FGA,R,19.2,223.1,59.0,False,A05_RD14-0003-32_33_34_35-1;1;9;1-M2e-0.372IP-Q0.6_001.5sec.fsa,True
FGA,R,20,225.09,95.0,False,A05_RD14-0003-32_33_34_35-1;1;9;1-M2e-0.372IP-Q0.6_001.5sec.fsa,False
FGA,R,21,229.24,97.0,False,A05_RD14-0003-32_33_34_35-1;1;9;1-M2e-0.372IP-Q0.6_001.5sec.fsa,False
D8S1179,B,10,129.73,609.0,False,A06_RD14-0003-33_34_35_36-1;4;4;1-M2c-0.63IP-Q0.8_001.5sec.fsa,False
D8S1179,B,11,133.75,441.0,False,A06_RD14-0003-33_34_35_36-1;4;4;1-M2c-0.63IP-Q0.8_001.5sec.fsa,False
D8S1179,B,12,137.8,525.0,False,A06_RD14-0003-33_34_35_36-1;4;4;1-M2c-0.63IP-Q0.8_001.5sec.fsa,False
D21S11,B,28,198.81,569.0,False,A06_RD14-0003-33_34_35_36-1;4;4;1-M2c-0.63IP-Q0.8_001.5sec.fsa,False
D21S11,B,30,206.81,162.0,False,A06_RD14-0003-33_34_35_36-1;4;4;1-M2c-0.63IP-Q0.8_001.5sec.fsa,False
D7S820,B,8,262.13,179.0,False,A06_RD14-0003-33_34_35_36-1;4;4;1-M2c-0.63IP-Q0.8_001.5sec.fsa,False
D7S820,B,9,266.07,347.0,False,A06_RD14-0003-33_34_35_36-1;4;4;1-M2c-0.63IP-Q0.8_001.5sec.fsa,False
CSF1PO,B,10,318.81,274.0,False,A06_RD14-0003-33_34_35_36-1;4;4;1-M2c-0.63IP-Q0.8_001.5sec.fsa,False
CSF1PO,B,11,322.94,149.0,False,A06_RD14-0003-33_34_35_36-1;4;4;1-M2c-0.63IP-Q0.8_001.5sec.fsa,False
CSF1PO,B,12,326.92,226.0,False,A06_RD14-0003-33_34_35_36-1;4;4;1-M2c-0.63IP-Q0.8_001.5sec.fsa,False
D3S1358,G,14,118.36,97.0,False,A06_RD14-0003-33_34_35_36-1;4;4;1-M2c-0.63IP-Q0.8_001.5sec.fsa,False
D3S1358,G,15,122.28,1311.0,False,A06_RD14-0003-33_34_35_36-1;4;4;1-M2c-0.63IP-Q0.8_001.5sec.fsa,False
D3S1358,G,16,126.31,56.0,False,A06_RD14-0003-33_34_35_36-1;4;4;1-M2c-0.63IP-Q0.8_001.5sec.fsa,False
TH01,G,7,172.76,530.0,False,A06_RD14-0003-33_34_35_36-1;4;4;1-M2c-0.63IP-Q0.8_001.5sec.fsa,False
TH01,G,8,176.75,688.0,False,A06_RD14-0003-33_34_35_36-1;4;4;1-M2c-0.63IP-Q0.8_001.5sec.fsa,False
TH01,G,9,180.85,172.0,False,A06_RD14-0003-33_34_35_36-1;4;4;1-M2c-0.63IP-Q0.8_001.5sec.fsa,False
TH01,G,9.3,184.0,605.0,False,A06_RD14-0003-33_34_35_36-1;4;4;1-M2c-0.63IP-Q0.8_001.5sec.fsa,False
D13S317,G,11,227.33,875.0,False,A06_RD14-0003-33_34_35_36-1;4;4;1-M2c-0.63IP-Q0.8_001.5sec.fsa,False
D13S317,G,12,231.26,297.0,False,A06_RD14-0003-33_34_35_36-1;4;4;1-M2c-0.63IP-Q0.8_001.5sec.fsa,False
D16S539,G,8,263.33,153.0,False,A06_RD14-0003-33_34_35_36-1;4;4;1-M2c-0.63IP-Q0.8_001.5sec.fsa,False
D16S539,G,9,267.35,340.0,False,A06_RD14-0003-33_34_35_36-1;4;4;1-M2c-0.63IP-Q0.8_001.5sec.fsa,False
D16S539,G,11,275.34,459.0,False,A06_RD14-0003-33_34_35_36-1;4;4;1-M2c-0.63IP-Q0.8_001.5sec.fsa,False
D16S539,G,12,279.31,402.0,False,A06_RD14-0003-33_34_35_36-1;4;4;1-M2c-0.63IP-Q0.8_001.5sec.fsa,False
D2S1338,G,17,312.86,164.0,False,A06_RD14-0003-33_34_35_36-1;4;4;1-M2c-0.63IP-Q0.8_001.5sec.fsa,False
D2S1338,G,18,316.99,100.0,False,A06_RD14-0003-33_34_35_36-1;4;4;1-M2c-0.63IP-Q0.8_001.5sec.fsa,False
D2S1338,G,19,321.16,222.0,False,A06_RD14-0003-33_34_35_36-1;4;4;1-M2c-0.63IP-Q0.8_001.5sec.fsa,False
D19S433,Y,10.2,106.18,133.0,False,A06_RD14-0003-33_34_35_36-1;4;4;1-M2c-0.63IP-Q0.8_001.5sec.fsa,True
D19S433,Y,11,108.18,554.0,False,A06_RD14-0003-33_34_35_36-1;4;4;1-M2c-0.63IP-Q0.8_001.5sec.fsa,False
vWA,Y,15,168.2,56.0,False,A06_RD14-0003-33_34_35_36-1;4;4;1-M2c-0.63IP-Q0.8_001.5sec.fsa,False
vWA,Y,16,172.26,551.0,False,A06_RD14-0003-33_34_35_36-1;4;4;1-M2c-0.63IP-Q0.8_001.5sec.fsa,False
vWA,Y,17,176.34,545.0,False,A06_RD14-0003-33_34_35_36-1;4;4;1-M2c-0.63IP-Q0.8_001.5sec.fsa,False
TPOX,Y,6,220.85,53.0,False,A06_RD14-0003-33_34_35_36-1;4;4;1-M2c-0.63IP-Q0.8_001.5sec.fsa,False
TPOX,Y,8,228.87,54.0,False,A06_RD14-0003-33_34_35_36-1;4;4;1-M2c-0.63IP-Q0.8_001.5sec.fsa,False
TPOX,Y,11,240.96,665.0,False,A06_RD14-0003-33_34_35_36-1;4;4;1-M2c-0.63IP-Q0.8_001.5sec.fsa,False
TPOX,Y,12,245.06,302.0,False,A06_RD14-0003-33_34_35_36-1;4;4;1-M2c-0.63IP-Q0.8_001.5sec.fsa,True
D18S51,Y,12,281.2,187.0,False,A06_RD14-0003-33_34_35_36-1;4;4;1-M2c-0.63IP-Q0.8_001.5sec.fsa,False
D18S51,Y,14,289.23,112.0,False,A06_RD14-0003-33_34_35_36-1;4;4;1-M2c-0.63IP-Q0.8_001.5sec.fsa,False
D18S51,Y,16,297.18,143.0,False,A06_RD14-0003-33_34_35_36-1;4;4;1-M2c-0.63IP-Q0.8_001.5sec.fsa,False
AMEL,R,X,104.98,1001.0,False,A06_RD14-0003-33_34_35_36-1;4;4;1-M2c-0.63IP-Q0.8_001.5sec.fsa,False
AMEL,R,Y,110.9,857.0,False,A06_RD14-0003-33_34_35_36-1;4;4;1-M2c-0.63IP-Q0.8_001.5sec.fsa,False
D5S818,R,10,144.82,69.0,False,A06_RD14-0003-33_34_35_36-1;4;4;1-M2c-0.63IP-Q0.8_001.5sec.fsa,False
D5S818,R,11,148.91,154.0,False,A06_RD14-0003-33_34_35_36-1;4;4;1-M2c-0.63IP-Q0.8_001.5sec.fsa,False
D5S818,R,12,153.01,852.0,False,A06_RD14-0003-33_34_35_36-1;4;4;1-M2c-0.63IP-Q0.8_001.5sec.fsa,False
D5S818,R,13,157.22,304.0,False,A06_RD14-0003-33_34_35_36-1;4;4;1-M2c-0.63IP-Q0.8_001.5sec.fsa,False
FGA,R,19.2,223.06,252.0,False,A06_RD14-0003-33_34_35_36-1;4;4;1-M2c-0.63IP-Q0.8_001.5sec.fsa,True
FGA,R,20,225.11,92.0,False,A06_RD14-0003-33_34_35_36-1;4;4;1-M2c-0.63IP-Q0.8_001.5sec.fsa,False
FGA,R,21,229.12,88.0,False,A06_RD14-0003-33_34_35_36-1;4;4;1-M2c-0.63IP-Q0.8_001.5sec.fsa,False
D8S1179,B,10,129.71,473.0,False,A07_RD14-0003-33_34_35_36-1;4;4;1-M1e-0.63IP-Q1.2_001.5sec.fsa,False
D8S1179,B,11,133.74,311.0,False,A07_RD14-0003-33_34_35_36-1;4;4;1-M1e-0.63IP-Q1.2_001.5sec.fsa,False
D21S11,B,28,198.77,322.0,False,A07_RD14-0003-33_34_35_36-1;4;4;1-M1e-0.63IP-Q1.2_001.5sec.fsa,False
D7S820,B,8,262.13,118.0,False,A07_RD14-0003-33_34_35_36-1;4;4;1-M1e-0.63IP-Q1.2_001.5sec.fsa,False
D7S820,B,9,266.13,131.0,False,A07_RD14-0003-33_34_35_36-1;4;4;1-M1e-0.63IP-Q1.2_001.5sec.fsa,False
D7S820,B,11,274.26,68.0,False,A07_RD14-0003-33_34_35_36-1;4;4;1-M1e-0.63IP-Q1.2_001.5sec.fsa,False
D7S820,B,12,278.2,88.0,False,A07_RD14-0003-33_34_35_36-1;4;4;1-M1e-0.63IP-Q1.2_001.5sec.fsa,False
CSF1PO,B,10,318.85,234.0,False,A07_RD14-0003-33_34_35_36-1;4;4;1-M1e-0.63IP-Q1.2_001.5sec.fsa,False
CSF1PO,B,12,327.0,217.0,False,A07_RD14-0003-33_34_35_36-1;4;4;1-M1e-0.63IP-Q1.2_001.5sec.fsa,False
D3S1358,G,14,118.34,85.0,False,A07_RD14-0003-33_34_35_36-1;4;4;1-M1e-0.63IP-Q1.2_001.5sec.fsa,False
D3S1358,G,15,122.32,1100.0,False,A07_RD14-0003-33_34_35_36-1;4;4;1-M1e-0.63IP-Q1.2_001.5sec.fsa,False
D3S1358,G,16,126.28,86.0,False,A07_RD14-0003-33_34_35_36-1;4;4;1-M1e-0.63IP-Q1.2_001.5sec.fsa,False
TH01,G,7,172.75,369.0,False,A07_RD14-0003-33_34_35_36-1;4;4;1-M1e-0.63IP-Q1.2_001.5sec.fsa,False
TH01,G,8,176.75,586.0,False,A07_RD14-0003-33_34_35_36-1;4;4;1-M1e-0.63IP-Q1.2_001.5sec.fsa,False
TH01,G,9,180.78,65.0,False,A07_RD14-0003-33_34_35_36-1;4;4;1-M1e-0.63IP-Q1.2_001.5sec.fsa,False
TH01,G,9.3,183.92,419.0,False,A07_RD14-0003-33_34_35_36-1;4;4;1-M1e-0.63IP-Q1.2_001.5sec.fsa,False
D13S317,G,11,227.25,596.0,False,A07_RD14-0003-33_34_35_36-1;4;4;1-M1e-0.63IP-Q1.2_001.5sec.fsa,False
D16S539,G,8,263.37,70.0,False,A07_RD14-0003-33_34_35_36-1;4;4;1-M1e-0.63IP-Q1.2_001.5sec.fsa,False
D16S539,G,9,267.38,225.0,False,A07_RD14-0003-33_34_35_36-1;4;4;1-M1e-0.63IP-Q1.2_001.5sec.fsa,False
D16S539,G,11,275.42,254.0,False,A07_RD14-0003-33_34_35_36-1;4;4;1-M1e-0.63IP-Q1.2_001.5sec.fsa,False
D2S1338,G,17,312.82,120.0,False,A07_RD14-0003-33_34_35_36-1;4;4;1-M1e-0.63IP-Q1.2_001.5sec.fsa,False
D2S1338,G,19,321.2,100.0,False,A07_RD14-0003-33_34_35_36-1;4;4;1-M1e-0.63IP-Q1.2_001.5sec.fsa,False
D19S433,Y,10.2,106.21,121.0,False,A07_RD14-0003-33_34_35_36-1;4;4;1-M1e-0.63IP-Q1.2_001.5sec.fsa,True
D19S433,Y,11,108.27,502.0,False,A07_RD14-0003-33_34_35_36-1;4;4;1-M1e-0.63IP-Q1.2_001.5sec.fsa,False
D19S433,Y,12,112.37,55.0,False,A07_RD14-0003-33_34_35_36-1;4;4;1-M1e-0.63IP-Q1.2_001.5sec.fsa,False
vWA,Y,15,168.23,71.0,False,A07_RD14-0003-33_34_35_36-1;4;4;1-M1e-0.63IP-Q1.2_001.5sec.fsa,False
vWA,Y,16,172.23,336.0,False,A07_RD14-0003-33_34_35_36-1;4;4;1-M1e-0.63IP-Q1.2_001.5sec.fsa,False
vWA,Y,17,176.33,397.0,False,A07_RD14-0003-33_34_35_36-1;4;4;1-M1e-0.63IP-Q1.2_001.5sec.fsa,False
D18S51,Y,12,281.24,115.0,False,A07_RD14-0003-33_34_35_36-1;4;4;1-M1e-0.63IP-Q1.2_001.5sec.fsa,False
D18S51,Y,14,289.21,81.0,False,A07_RD14-0003-33_34_35_36-1;4;4;1-M1e-0.63IP-Q1.2_001.5sec.fsa,False
D18S51,Y,16,297.26,64.0,False,A07_RD14-0003-33_34_35_36-1;4;4;1-M1e-0.63IP-Q1.2_001.5sec.fsa,False
AMEL,R,X,104.97,835.0,False,A07_RD14-0003-33_34_35_36-1;4;4;1-M1e-0.63IP-Q1.2_001.5sec.fsa,False
AMEL,R,Y,110.89,945.0,False,A07_RD14-0003-33_34_35_36-1;4;4;1-M1e-0.63IP-Q1.2_001.5sec.fsa,False
D5S818,R,10,144.86,83.0,False,A07_RD14-0003-33_34_35_36-1;4;4;1-M1e-0.63IP-Q1.2_001.5sec.fsa,False
D5S818,R,12,153.09,640.0,False,A07_RD14-0003-33_34_35_36-1;4;4;1-M1e-0.63IP-Q1.2_001.5sec.fsa,False
D5S818,R,13,157.23,361.0,False,A07_RD14-0003-33_34_35_36-1;4;4;1-M1e-0.63IP-Q1.2_001.5sec.fsa,False
FGA,R,19.2,223.05,109.0,False,A07_RD14-0003-33_34_35_36-1;4;4;1-M1e-0.63IP-Q1.2_001.5sec.fsa,True
FGA,R,20,225.06,65.0,False,A07_RD14-0003-33_34_35_36-1;4;4;1-M1e-0.63IP-Q1.2_001.5sec.fsa,False
D8S1179,B,10,129.72,661.0,False,A08_RD14-0003-37_38_39_40-1;9;9;1-M2a-0.5IP-Q0.4_001.5sec.fsa,False
D8S1179,B,11,133.72,53.0,False,A08_RD14-0003-37_38_39_40-1;9;9;1-M2a-0.5IP-Q0.4_001.5sec.fsa,False
D8S1179,B,12,137.84,789.0,False,A08_RD14-0003-37_38_39_40-1;9;9;1-M2a-0.5IP-Q0.4_001.5sec.fsa,False
D21S11,B,28,198.78,465.0,False,A08_RD14-0003-37_38_39_40-1;9;9;1-M2a-0.5IP-Q0.4_001.5sec.fsa,False
D7S820,B,8,262.1,422.0,False,A08_RD14-0003-37_38_39_40-1;9;9;1-M2a-0.5IP-Q0.4_001.5sec.fsa,False
D7S820,B,9,266.13,564.0,False,A08_RD14-0003-37_38_39_40-1;9;9;1-M2a-0.5IP-Q0.4_001.5sec.fsa,False
CSF1PO,B,10,318.87,727.0,False,A08_RD14-0003-37_38_39_40-1;9;9;1-M2a-0.5IP-Q0.4_001.5sec.fsa,False
CSF1PO,B,11,322.93,520.0,False,A08_RD14-0003-37_38_39_40-1;9;9;1-M2a-0.5IP-Q0.4_001.5sec.fsa,False
CSF1PO,B,12,327.03,1200.0,False,A08_RD14-0003-37_38_39_40-1;9;9;1-M2a-0.5IP-Q0.4_001.5sec.fsa,False
D3S1358,G,15,122.31,141.0,False,A08_RD14-0003-37_38_39_40-1;9;9;1-M2a-0.5IP-Q0.4_001.5sec.fsa,False
D3S1358,G,16,126.48,878.0,False,A08_RD14-0003-37_38_39_40-1;9;9;1-M2a-0.5IP-Q0.4_001.5sec.fsa,False
D3S1358,G,17,130.45,2379.0,False,A08_RD14-0003-37_38_39_40-1;9;9;1-M2a-0.5IP-Q0.4_001.5sec.fsa,False
TH01,G,6,168.67,923.0,False,A08_RD14-0003-37_38_39_40-1;9;9;1-M2a-0.5IP-Q0.4_001.5sec.fsa,False
TH01,G,7,172.72,1327.0,False,A08_RD14-0003-37_38_39_40-1;9;9;1-M2a-0.5IP-Q0.4_001.5sec.fsa,False
TH01,G,8,176.78,246.0,False,A08_RD14-0003-37_38_39_40-1;9;9;1-M2a-0.5IP-Q0.4_001.5sec.fsa,False
TH01,G,9.3,184.0,1091.0,False,A08_RD14-0003-37_38_39_40-1;9;9;1-M2a-0.5IP-Q0.4_001.5sec.fsa,False
D13S317,G,10,223.22,562.0,False,A08_RD14-0003-37_38_39_40-1;9;9;1-M2a-0.5IP-Q0.4_001.5sec.fsa,False
D13S317,G,11,227.32,222.0,False,A08_RD14-0003-37_38_39_40-1;9;9;1-M2a-0.5IP-Q0.4_001.5sec.fsa,False
D16S539,G,9,267.27,596.0,False,A08_RD14-0003-37_38_39_40-1;9;9;1-M2a-0.5IP-Q0.4_001.5sec.fsa,False
D16S539,G,11,275.3,620.0,False,A08_RD14-0003-37_38_39_40-1;9;9;1-M2a-0.5IP-Q0.4_001.5sec.fsa,False
D2S1338,G,15,304.95,78.0,False,A08_RD14-0003-37_38_39_40-1;9;9;1-M2a-0.5IP-Q0.4_001.5sec.fsa,True
D2S1338,G,16,308.91,1658.0,False,A08_RD14-0003-37_38_39_40-1;9;9;1-M2a-0.5IP-Q0.4_001.5sec.fsa,False
D2S1338,G,18,316.99,162.0,False,A08_RD14-0003-37_38_39_40-1;9;9;1-M2a-0.5IP-Q0.4_001.5sec.fsa,False
D2S1338,G,19,321.19,1326.0,False,A08_RD14-0003-37_38_39_40-1;9;9;1-M2a-0.5IP-Q0.4_001.5sec.fsa,False
D19S433,Y,13,116.29,753.0,False,A08_RD14-0003-37_38_39_40-1;9;9;1-M2a-0.5IP-Q0.4_001.5sec.fsa,False
D19S433,Y,14,120.24,1031.0,False,A08_RD14-0003-37_38_39_40-1;9;9;1-M2a-0.5IP-Q0.4_001.5sec.fsa,False
D19S433,Y,14.2,122.23,523.0,False,A08_RD14-0003-37_38_39_40-1;9;9;1-M2a-0.5IP-Q0.4_001.5sec.fsa,True
vWA,Y,16,172.3,98.0,False,A08_RD14-0003-37_38_39_40-1;9;9;1-M2a-0.5IP-Q0.4_001.5sec.fsa,False
vWA,Y,17,176.27,589.0,False,A08_RD14-0003-37_38_39_40-1;9;9;1-M2a-0.5IP-Q0.4_001.5sec.fsa,False
vWA,Y,18,180.35,1191.0,False,A08_RD14-0003-37_38_39_40-1;9;9;1-M2a-0.5IP-Q0.4_001.5sec.fsa,False
vWA,Y,19,184.43,411.0,False,A08_RD14-0003-37_38_39_40-1;9;9;1-M2a-0.5IP-Q0.4_001.5sec.fsa,True
TPOX,Y,8,228.89,1060.0,False,A08_RD14-0003-37_38_39_40-1;9;9;1-M2a-0.5IP-Q0.4_001.5sec.fsa,False
TPOX,Y,10,236.93,432.0,False,A08_RD14-0003-37_38_39_40-1;9;9;1-M2a-0.5IP-Q0.4_001.5sec.fsa,False
TPOX,Y,11,240.99,476.0,False,A08_RD14-0003-37_38_39_40-1;9;9;1-M2a-0.5IP-Q0.4_001.5sec.fsa,False
TPOX,Y,12,245.11,175.0,False,A08_RD14-0003-37_38_39_40-1;9;9;1-M2a-0.5IP-Q0.4_001.5sec.fsa,True
D18S51,Y,12,281.14,69.0,False,A08_RD14-0003-37_38_39_40-1;9;9;1-M2a-0.5IP-Q0.4_001.5sec.fsa,False
D18S51,Y,13,285.18,609.0,False,A08_RD14-0003-37_38_39_40-1;9;9;1-M2a-0.5IP-Q0.4_001.5sec.fsa,False
AMEL,R,X,104.99,1257.0,False,A08_RD14-0003-37_38_39_40-1;9;9;1-M2a-0.5IP-Q0.4_001.5sec.fsa,False
AMEL,R,Y,110.92,1077.0,False,A08_RD14-0003-37_38_39_40-1;9;9;1-M2a-0.5IP-Q0.4_001.5sec.fsa,False
D5S818,R,11,148.93,505.0,False,A08_RD14-0003-37_38_39_40-1;9;9;1-M2a-0.5IP-Q0.4_001.5sec.fsa,False
FGA,R,21,229.24,70.0,False,A08_RD14-0003-37_38_39_40-1;9;9;1-M2a-0.5IP-Q0.4_001.5sec.fsa,False
FGA,R,22,233.26,1035.0,False,A08_RD14-0003-37_38_39_40-1;9;9;1-M2a-0.5IP-Q0.4_001.5sec.fsa,False
FGA,R,22.2,235.27,382.0,False,A08_RD14-0003-37_38_39_40-1;9;9;1-M2a-0.5IP-Q0.4_001.5sec.fsa,True
FGA,R,24,241.44,51.0,False,A08_RD14-0003-37_38_39_40-1;9;9;1-M2a-0.5IP-Q0.4_001.5sec.fsa,True
D8S1179,B,10,129.71,400.0,False,A09_RD14-0003-37_38_39_40-1;9;9;1-M2d-0.5IP-Q0.7_001.5sec.fsa,False
D8S1179,B,12,137.82,356.0,False,A09_RD14-0003-37_38_39_40-1;9;9;1-M2d-0.5IP-Q0.7_001.5sec.fsa,False
D21S11,B,28,198.77,187.0,False,A09_RD14-0003-37_38_39_40-1;9;9;1-M2d-0.5IP-Q0.7_001.5sec.fsa,False
D21S11,B,29,202.76,97.0,False,A09_RD14-0003-37_38_39_40-1;9;9;1-M2d-0.5IP-Q0.7_001.5sec.fsa,False
D7S820,B,8,262.05,252.0,False,A09_RD14-0003-37_38_39_40-1;9;9;1-M2d-0.5IP-Q0.7_001.5sec.fsa,False
D7S820,B,9,266.06,209.0,False,A09_RD14-0003-37_38_39_40-1;9;9;1-M2d-0.5IP-Q0.7_001.5sec.fsa,False
D7S820,B,11,274.13,222.0,False,A09_RD14-0003-37_38_39_40-1;9;9;1-M2d-0.5IP-Q0.7_001.5sec.fsa,False
CSF1PO,B,10,318.76,269.0,False,A09_RD14-0003-37_38_39_40-1;9;9;1-M2d-0.5IP-Q0.7_001.5sec.fsa,False
CSF1PO,B,11,322.89,193.0,False,A09_RD14-0003-37_38_39_40-1;9;9;1-M2d-0.5IP-Q0.7_001.5sec.fsa,False
CSF1PO,B,12,326.9,325.0,False,A09_RD14-0003-37_38_39_40-1;9;9;1-M2d-0.5IP-Q0.7_001.5sec.fsa,False
D3S1358,G,14,118.42,58.0,False,A09_RD14-0003-37_38_39_40-1;9;9;1-M2d-0.5IP-Q0.7_001.5sec.fsa,False
D3S1358,G,15,122.24,164.0,False,A09_RD14-0003-37_38_39_40-1;9;9;1-M2d-0.5IP-Q0.7_001.5sec.fsa,False
D3S1358,G,16,126.52,517.0,False,A09_RD14-0003-37_38_39_40-1;9;9;1-M2d-0.5IP-Q0.7_001.5sec.fsa,False
D3S1358,G,17,130.44,1297.0,False,A09_RD14-0003-37_38_39_40-1;9;9;1-M2d-0.5IP-Q0.7_001.5sec.fsa,False
TH01,G,6,168.61,628.0,False,A09_RD14-0003-37_38_39_40-1;9;9;1-M2d-0.5IP-Q0.7_001.5sec.fsa,False
TH01,G,7,172.71,782.0,False,A09_RD14-0003-37_38_39_40-1;9;9;1-M2d-0.5IP-Q0.7_001.5sec.fsa,False
D13S317,G,9,219.2,89.0,False,A09_RD14-0003-37_38_39_40-1;9;9;1-M2d-0.5IP-Q0.7_001.5sec.fsa,False
D13S317,G,10,223.16,320.0,False,A09_RD14-0003-37_38_39_40-1;9;9;1-M2d-0.5IP-Q0.7_001.5sec.fsa,False
D13S317,G,11,227.21,86.0,False,A09_RD14-0003-37_38_39_40-1;9;9;1-M2d-0.5IP-Q0.7_001.5sec.fsa,False
D16S539,G,9,267.22,332.0,False,A09_RD14-0003-37_38_39_40-1;9;9;1-M2d-0.5IP-Q0.7_001.5sec.fsa,False
D2S1338,G,16,308.81,445.0,False,A09_RD14-0003-37_38_39_40-1;9;9;1-M2d-0.5IP-Q0.7_001.5sec.fsa,False
D2S1338,G,18,316.94,79.0,False,A09_RD14-0003-37_38_39_40-1;9;9;1-M2d-0.5IP-Q0.7_001.5sec.fsa,False
D2S1338,G,19,321.12,478.0,False,A09_RD14-0003-37_38_39_40-1;9;9;1-M2d-0.5IP-Q0.7_001.5sec.fsa,False
D19S433,Y,13,116.29,603.0,False,A09_RD14-0003-37_38_39_40-1;9;9;1-M2d-0.5IP-Q0.7_001.5sec.fsa,False
D19S433,Y,14,120.24,988.0,False,A09_RD14-0003-37_38_39_40-1;9;9;1-M2d-0.5IP-Q0.7_001.5sec.fsa,False
vWA,Y,17,176.31,284.0,False,A09_RD14-0003-37_38_39_40-1;9;9;1-M2d-0.5IP-Q0.7_001.5sec.fsa,False
vWA,Y,18,180.35,624.0,False,A09_RD14-0003-37_38_39_40-1;9;9;1-M2d-0.5IP-Q0.7_001.5sec.fsa,False
vWA,Y,19,184.47,291.0,False,A09_RD14-0003-37_38_39_40-1;9;9;1-M2d-0.5IP-Q0.7_001.5sec.fsa,True
TPOX,Y,8,228.8,486.0,False,A09_RD14-0003-37_38_39_40-1;9;9;1-M2d-0.5IP-Q0.7_001.5sec.fsa,False
TPOX,Y,10,236.88,232.0,False,A09_RD14-0003-37_38_39_40-1;9;9;1-M2d-0.5IP-Q0.7_001.5sec.fsa,False
TPOX,Y,11,240.91,270.0,False,A09_RD14-0003-37_38_39_40-1;9;9;1-M2d-0.5IP-Q0.7_001.5sec.fsa,False
D18S51,Y,13,285.18,125.0,False,A09_RD14-0003-37_38_39_40-1;9;9;1-M2d-0.5IP-Q0.7_001.5sec.fsa,False
D18S51,Y,15,293.12,128.0,False,A09_RD14-0003-37_38_39_40-1;9;9;1-M2d-0.5IP-Q0.7_001.5sec.fsa,False
AMEL,R,X,105.02,823.0,False,A09_RD14-0003-37_38_39_40-1;9;9;1-M2d-0.5IP-Q0.7_001.5sec.fsa,False
AMEL,R,Y,110.91,1035.0,False,A09_RD14-0003-37_38_39_40-1;9;9;1-M2d-0.5IP-Q0.7_001.5sec.fsa,False
D5S818,R,11,148.96,395.0,False,A09_RD14-0003-37_38_39_40-1;9;9;1-M2d-0.5IP-Q0.7_001.5sec.fsa,False
D5S818,R,12,153.09,353.0,False,A09_RD14-0003-37_38_39_40-1;9;9;1-M2d-0.5IP-Q0.7_001.5sec.fsa,False
D5S818,R,13,157.14,554.0,False,A09_RD14-0003-37_38_39_40-1;9;9;1-M2d-0.5IP-Q0.7_001.5sec.fsa,False
FGA,R,22,233.14,498.0,False,A09_RD14-0003-37_38_39_40-1;9;9;1-M2d-0.5IP-Q0.7_001.5sec.fsa,False
FGA,R,22.2,235.18,317.0,False,A09_RD14-0003-37_38_39_40-1;9;9;1-M2d-0.5IP-Q0.7_001.5sec.fsa,True
D8S1179,B,10,129.67,717.0,False,A10_RD14-0003-48_49_50_29-1;4;4;4-M2a-0.5IP-Q0.4_001.5sec.fsa,False
D8S1179,B,12,137.91,465.0,False,A10_RD14-0003-48_49_50_29-1;4;4;4-M2a-0.5IP-Q0.4_001.5sec.fsa,False
D8S1179,B,13,142.04,329.0,False,A10_RD14-0003-48_49_50_29-1;4;4;4-M2a-0.5IP-Q0.4_001.5sec.fsa,False
D8S1179,B,14,146.13,245.0,False,A10_RD14-0003-48_49_50_29-1;4;4;4-M2a-0.5IP-Q0.4_001.5sec.fsa,False
D21S11,B,28,198.68,460.0,False,A10_RD14-0003-48_49_50_29-1;4;4;4-M2a-0.5IP-Q0.4_001.5sec.fsa,False
D21S11,B,29,202.74,317.0,False,A10_RD14-0003-48_49_50_29-1;4;4;4-M2a-0.5IP-Q0.4_001.5sec.fsa,False
D7S820,B,8,262.14,563.0,False,A10_RD14-0003-48_49_50_29-1;4;4;4-M2a-0.5IP-Q0.4_001.5sec.fsa,False
D7S820,B,9,266.15,224.0,False,A10_RD14-0003-48_49_50_29-1;4;4;4-M2a-0.5IP-Q0.4_001.5sec.fsa,False
D7S820,B,10,270.09,65.0,False,A10_RD14-0003-48_49_50_29-1;4;4;4-M2a-0.5IP-Q0.4_001.5sec.fsa,False
CSF1PO,B,9,314.58,412.0,False,A10_RD14-0003-48_49_50_29-1;4;4;4-M2a-0.5IP-Q0.4_001.5sec.fsa,True
CSF1PO,B,10,318.83,1258.0,False,A10_RD14-0003-48_49_50_29-1;4;4;4-M2a-0.5IP-Q0.4_001.5sec.fsa,False
CSF1PO,B,11,322.9,494.0,False,A10_RD14-0003-48_49_50_29-1;4;4;4-M2a-0.5IP-Q0.4_001.5sec.fsa,False
D3S1358,G,14,118.42,359.0,False,A10_RD14-0003-48_49_50_29-1;4;4;4-M2a-0.5IP-Q0.4_001.5sec.fsa,False
D3S1358,G,15,122.23,106.0,False,A10_RD14-0003-48_49_50_29-1;4;4;4-M2a-0.5IP-Q0.4_001.5sec.fsa,False
D3S1358,G,16,126.34,451.0,False,A10_RD14-0003-48_49_50_29-1;4;4;4-M2a-0.5IP-Q0.4_001.5sec.fsa,False
D3S1358,G,17,130.48,843.0,False,A10_RD14-0003-48_49_50_29-1;4;4;4-M2a-0.5IP-Q0.4_001.5sec.fsa,False
TH01,G,6,168.61,1079.0,False,A10_RD14-0003-48_49_50_29-1;4;4;4-M2a-0.5IP-Q0.4_001.5sec.fsa,False
TH01,G,7,172.62,655.0,False,A10_RD14-0003-48_49_50_29-1;4;4;4-M2a-0.5IP-Q0.4_001.5sec.fsa,False
TH01,G,8,176.74,548.0,False,A10_RD14-0003-48_49_50_29-1;4;4;4-M2a-0.5IP-Q0.4_001.5sec.fsa,False
D13S317,G,10,223.35,57.0,False,A10_RD14-0003-48_49_50_29-1;4;4;4-M2a-0.5IP-Q0.4_001.5sec.fsa,False
D13S317,G,11,227.32,1409.0,False,A10_RD14-0003-48_49_50_29-1;4;4;4-M2a-0.5IP-Q0.4_001.5sec.fsa,False
D13S317,G,12,231.31,1469.0,False,A10_RD14-0003-48_49_50_29-1;4;4;4-M2a-0.5IP-Q0.4_001.5sec.fsa,False
D16S539,G,9,267.31,99.0,False,A10_RD14-0003-48_49_50_29-1;4;4;4-M2a-0.5IP-Q0.4_001.5sec.fsa,False
D16S539,G,10,271.26,449.0,False,A10_RD14-0003-48_49_50_29-1;4;4;4-M2a-0.5IP-Q0.4_001.5sec.fsa,False
D16S539,G,11,275.21,1066.0,False,A10_RD14-0003-48_49_50_29-1;4;4;4-M2a-0.5IP-Q0.4_001.5sec.fsa,False
D16S539,G,12,279.28,553.0,False,A10_RD14-0003-48_49_50_29-1;4;4;4-M2a-0.5IP-Q0.4_001.5sec.fsa,False
D2S1338,G,16,308.88,67.0,False,A10_RD14-0003-48_49_50_29-1;4;4;4-M2a-0.5IP-Q0.4_001.5sec.fsa,False
D2S1338,G,17,312.8,818.0,False,A10_RD14-0003-48_49_50_29-1;4;4;4-M2a-0.5IP-Q0.4_001.5sec.fsa,False
D2S1338,G,21,329.29,341.0,False,A10_RD14-0003-48_49_50_29-1;4;4;4-M2a-0.5IP-Q0.4_001.5sec.fsa,True
D19S433,Y,11,108.21,411.0,False,A10_RD14-0003-48_49_50_29-1;4;4;4-M2a-0.5IP-Q0.4_001.5sec.fsa,False
D19S433,Y,12,112.29,645.0,False,A10_RD14-0003-48_49_50_29-1;4;4;4-M2a-0.5IP-Q0.4_001.5sec.fsa,False
vWA,Y,15,168.18,402.0,False,A10_RD14-0003-48_49_50_29-1;4;4;4-M2a-0.5IP-Q0.4_001.5sec.fsa,False
vWA,Y,16,172.2,217.0,False,A10_RD14-0003-48_49_50_29-1;4;4;4-M2a-0.5IP-Q0.4_001.5sec.fsa,False
vWA,Y,17,176.22,797.0,False,A10_RD14-0003-48_49_50_29-1;4;4;4-M2a-0.5IP-Q0.4_001.5sec.fsa,False
TPOX,Y,7,224.85,187.0,False,A10_RD14-0003-48_49_50_29-1;4;4;4-M2a-0.5IP-Q0.4_001.5sec.fsa,True
TPOX,Y,8,228.92,98.0,False,A10_RD14-0003-48_49_50_29-1;4;4;4-M2a-0.5IP-Q0.4_001.5sec.fsa,False
TPOX,Y,9,232.81,89.0,False,A10_RD14-0003-48_49_50_29-1;4;4;4-M2a-0.5IP-Q0.4_001.5sec.fsa,False
TPOX,Y,10,236.89,471.0,False,A10_RD14-0003-48_49_50_29-1;4;4;4-M2a-0.5IP-Q0.4_001.5sec.fsa,False
TPOX,Y,11,240.91,1414.0,False,A10_RD14-0003-48_49_50_29-1;4;4;4-M2a-0.5IP-Q0.4_001.5sec.fsa,False
D18S51,Y,12,281.16,291.0,False,A10_RD14-0003-48_49_50_29-1;4;4;4-M2a-0.5IP-Q0.4_001.5sec.fsa,False
D18S51,Y,13,285.18,358.0,False,A10_RD14-0003-48_49_50_29-1;4;4;4-M2a-0.5IP-Q0.4_001.5sec.fsa,False
D18S51,Y,14,289.19,316.0,False,A10_RD14-0003-48_49_50_29-1;4;4;4-M2a-0.5IP-Q0.4_001.5sec.fsa,False
AMEL,R,X,105.02,1028.0,False,A10_RD14-0003-48_49_50_29-1;4;4;4-M2a-0.5IP-Q0.4_001.5sec.fsa,False
AMEL,R,Y,110.91,1363.0,False,A10_RD14-0003-48_49_50_29-1;4;4;4-M2a-0.5IP-Q0.4_001.5sec.fsa,False
D5S818,R,11,148.87,931.0,False,A10_RD14-0003-48_49_50_29-1;4;4;4-M2a-0.5IP-Q0.4_001.5sec.fsa,False
D5S818,R,12,153.0,347.0,False,A10_RD14-0003-48_49_50_29-1;4;4;4-M2a-0.5IP-Q0.4_001.5sec.fsa,False
D5S818,R,13,157.14,639.0,False,A10_RD14-0003-48_49_50_29-1;4;4;4-M2a-0.5IP-Q0.4_001.5sec.fsa,False
FGA,R,19,221.06,548.0,False,A10_RD14-0003-48_49_50_29-1;4;4;4-M2a-0.5IP-Q0.4_001.5sec.fsa,False
FGA,R,23,237.33,611.0,False,A10_RD14-0003-48_49_50_29-1;4;4;4-M2a-0.5IP-Q0.4_001.5sec.fsa,False
FGA,R,24,241.37,509.0,False,A10_RD14-0003-48_49_50_29-1;4;4;4-M2a-0.5IP-Q0.4_001.5sec.fsa,True
D8S1179,B,10,129.72,416.0,False,A11_RD14-0003-48_49_50_29-1;4;4;4-M2d-0.5IP-Q0.7_001.5sec.fsa,False
D8S1179,B,12,138.01,259.0,False,A11_RD14-0003-48_49_50_29-1;4;4;4-M2d-0.5IP-Q0.7_001.5sec.fsa,False
D8S1179,B,13,142.03,237.0,False,A11_RD14-0003-48_49_50_29-1;4;4;4-M2d-0.5IP-Q0.7_001.5sec.fsa,False
D8S1179,B,14,146.19,165.0,False,A11_RD14-0003-48_49_50_29-1;4;4;4-M2d-0.5IP-Q0.7_001.5sec.fsa,False
D21S11,B,28,198.78,72.0,False,A11_RD14-0003-48_49_50_29-1;4;4;4-M2d-0.5IP-Q0.7_001.5sec.fsa,False
D21S11,B,29,202.72,56.0,False,A11_RD14-0003-48_49_50_29-1;4;4;4-M2d-0.5IP-Q0.7_001.5sec.fsa,False
D7S820,B,8,262.13,201.0,False,A11_RD14-0003-48_49_50_29-1;4;4;4-M2d-0.5IP-Q0.7_001.5sec.fsa,False
D7S820,B,9,266.14,77.0,False,A11_RD14-0003-48_49_50_29-1;4;4;4-M2d-0.5IP-Q0.7_001.5sec.fsa,False
CSF1PO,B,9,314.66,127.0,False,A11_RD14-0003-48_49_50_29-1;4;4;4-M2d-0.5IP-Q0.7_001.5sec.fsa,True
CSF1PO,B,10,318.85,311.0,False,A11_RD14-0003-48_49_50_29-1;4;4;4-M2d-0.5IP-Q0.7_001.5sec.fsa,False
CSF1PO,B,11,322.88,66.0,False,A11_RD14-0003-48_49_50_29-1;4;4;4-M2d-0.5IP-Q0.7_001.5sec.fsa,False
D3S1358,G,14,118.42,305.0,False,A11_RD14-0003-48_49_50_29-1;4;4;4-M2d-0.5IP-Q0.7_001.5sec.fsa,False
D3S1358,G,15,122.31,67.0,False,A11_RD14-0003-48_49_50_29-1;4;4;4-M2d-0.5IP-Q0.7_001.5sec.fsa,False
D3S1358,G,16,126.4,321.0,False,A11_RD14-0003-48_49_50_29-1;4;4;4-M2d-0.5IP-Q0.7_001.5sec.fsa,False
D3S1358,G,17,130.53,577.0,False,A11_RD14-0003-48_49_50_29-1;4;4;4-M2d-0.5IP-Q0.7_001.5sec.fsa,False
D3S1358,G,18,134.54,685.0,False,A11_RD14-0003-48_49_50_29-1;4;4;4-M2d-0.5IP-Q0.7_001.5sec.fsa,True
TH01,G,6,168.65,410.0,False,A11_RD14-0003-48_49_50_29-1;4;4;4-M2d-0.5IP-Q0.7_001.5sec.fsa,False
TH01,G,7,172.66,448.0,False,A11_RD14-0003-48_49_50_29-1;4;4;4-M2d-0.5IP-Q0.7_001.5sec.fsa,False
TH01,G,8,176.75,323.0,False,A11_RD14-0003-48_49_50_29-1;4;4;4-M2d-0.5IP-Q0.7_001.5sec.fsa,False
D13S317,G,11,227.31,446.0,False,A11_RD14-0003-48_49_50_29-1;4;4;4-M2d-0.5IP-Q0.7_001.5sec.fsa,False
D13S317,G,12,231.36,489.0,False,A11_RD14-0003-48_49_50_29-1;4;4;4-M2d-0.5IP-Q0.7_001.5sec.fsa,False
D16S539,G,10,271.31,106.0,False,A11_RD14-0003-48_49_50_29-1;4;4;4-M2d-0.5IP-Q0.7_001.5sec.fsa,False
D16S539,G,11,275.25,363.0,False,A11_RD14-0003-48_49_50_29-1;4;4;4-M2d-0.5IP-Q0.7_001.5sec.fsa,False
D2S1338,G,17,312.81,151.0,False,A11_RD14-0003-48_49_50_29-1;4;4;4-M2d-0.5IP-Q0.7_001.5sec.fsa,False
D2S1338,G,21,329.27,68.0,False,A11_RD14-0003-48_49_50_29-1;4;4;4-M2d-0.5IP-Q0.7_001.5sec.fsa,True
D19S433,Y,11,108.16,354.0,False,A11_RD14-0003-48_49_50_29-1;4;4;4-M2d-0.5IP-Q0.7_001.5sec.fsa,False
D19S433,Y,12,112.3,458.0,False,A11_RD14-0003-48_49_50_29-1;4;4;4-M2d-0.5IP-Q0.7_001.5sec.fsa,False
D19S433,Y,13,116.29,326.0,False,A11_RD14-0003-48_49_50_29-1;4;4;4-M2d-0.5IP-Q0.7_001.5sec.fsa,False
vWA,Y,15,168.14,136.0,False,A11_RD14-0003-48_49_50_29-1;4;4;4-M2d-0.5IP-Q0.7_001.5sec.fsa,False
vWA,Y,16,172.31,101.0,False,A11_RD14-0003-48_49_50_29-1;4;4;4-M2d-0.5IP-Q0.7_001.5sec.fsa,False
TPOX,Y,7,224.84,108.0,False,A11_RD14-0003-48_49_50_29-1;4;4;4-M2d-0.5IP-Q0.7_001.5sec.fsa,True
TPOX,Y,10,236.91,153.0,False,A11_RD14-0003-48_49_50_29-1;4;4;4-M2d-0.5IP-Q0.7_001.5sec.fsa,False
D18S51,Y,12,281.16,119.0,False,A11_RD14-0003-48_49_50_29-1;4;4;4-M2d-0.5IP-Q0.7_001.5sec.fsa,False
D18S51,Y,13,285.17,101.0,False,A11_RD14-0003-48_49_50_29-1;4;4;4-M2d-0.5IP-Q0.7_001.5sec.fsa,False
AMEL,R,X,104.99,801.0,False,A11_RD14-0003-48_49_50_29-1;4;4;4-M2d-0.5IP-Q0.7_001.5sec.fsa,False
AMEL,R,Y,110.92,842.0,False,A11_RD14-0003-48_49_50_29-1;4;4;4-M2d-0.5IP-Q0.7_001.5sec.fsa,False
D5S818,R,11,148.92,433.0,False,A11_RD14-0003-48_49_50_29-1;4;4;4-M2d-0.5IP-Q0.7_001.5sec.fsa,False
D5S818,R,12,153.03,265.0,False,A11_RD14-0003-48_49_50_29-1;4;4;4-M2d-0.5IP-Q0.7_001.5sec.fsa,False
D5S818,R,13,157.15,231.0,False,A11_RD14-0003-48_49_50_29-1;4;4;4-M2d-0.5IP-Q0.7_001.5sec.fsa,False
FGA,R,19,221.06,316.0,False,A11_RD14-0003-48_49_50_29-1;4;4;4-M2d-0.5IP-Q0.7_001.5sec.fsa,False
FGA,R,23,237.27,238.0,False,A11_RD14-0003-48_49_50_29-1;4;4;4-M2d-0.5IP-Q0.7_001.5sec.fsa,False
D7S820,B,9,266.07,54.0,False,A07_RD14-0003-46_47_48-1;1;1-M4d-0.045IP-Q0.6_001.5sec.fsa,False
CSF1PO,B,10,318.78,64.0,False,A07_RD14-0003-46_47_48-1;1;1-M4d-0.045IP-Q0.6_001.5sec.fsa,False
CSF1PO,B,12,326.95,62.0,False,A07_RD14-0003-46_47_48-1;1;1-M4d-0.045IP-Q0.6_001.5sec.fsa,False
D3S1358,G,14,118.35,117.0,False,A07_RD14-0003-46_47_48-1;1;1-M4d-0.045IP-Q0.6_001.5sec.fsa,False
D3S1358,G,15,122.28,89.0,False,A07_RD14-0003-46_47_48-1;1;1-M4d-0.045IP-Q0.6_001.5sec.fsa,False
TH01,G,7,172.68,58.0,False,A07_RD14-0003-46_47_48-1;1;1-M4d-0.045IP-Q0.6_001.5sec.fsa,False
D13S317,G,12,231.26,66.0,False,A07_RD14-0003-46_47_48-1;1;1-M4d-0.045IP-Q0.6_001.5sec.fsa,False
D19S433,Y,13,116.25,107.0,False,A07_RD14-0003-46_47_48-1;1;1-M4d-0.045IP-Q0.6_001.5sec.fsa,False
vWA,Y,16,172.27,75.0,False,A07_RD14-0003-46_47_48-1;1;1-M4d-0.045IP-Q0.6_001.5sec.fsa,False
TPOX,Y,8,228.81,92.0,False,A07_RD14-0003-46_47_48-1;1;1-M4d-0.045IP-Q0.6_001.5sec.fsa,False
AMEL,R,X,105.01,83.0,False,A07_RD14-0003-46_47_48-1;1;1-M4d-0.045IP-Q0.6_001.5sec.fsa,False
AMEL,R,Y,110.91,91.0,False,A07_RD14-0003-46_47_48-1;1;1-M4d-0.045IP-Q0.6_001.5sec.fsa,False
D8S1179,B,10,129.66,388.0,False,A08_RD14-0003-49_50_29-1;4;1-M3a-0.186IP-Q0.5_001.5sec.fsa,False
D8S1179,B,13,142.01,63.0,False,A08_RD14-0003-49_50_29-1;4;1-M3a-0.186IP-Q0.5_001.5sec.fsa,False
D21S11,B,29,202.66,64.0,False,A08_RD14-0003-49_50_29-1;4;1-M3a-0.186IP-Q0.5_001.5sec.fsa,False
D7S820,B,8,262.03,210.0,False,A08_RD14-0003-49_50_29-1;4;1-M3a-0.186IP-Q0.5_001.5sec.fsa,False
D7S820,B,9,266.11,64.0,False,A08_RD14-0003-49_50_29-1;4;1-M3a-0.186IP-Q0.5_001.5sec.fsa,False
D7S820,B,12,278.1,190.0,False,A08_RD14-0003-49_50_29-1;4;1-M3a-0.186IP-Q0.5_001.5sec.fsa,False
CSF1PO,B,10,318.67,84.0,False,A08_RD14-0003-49_50_29-1;4;1-M3a-0.186IP-Q0.5_001.5sec.fsa,False
CSF1PO,B,11,322.76,143.0,False,A08_RD14-0003-49_50_29-1;4;1-M3a-0.186IP-Q0.5_001.5sec.fsa,False
CSF1PO,B,13,330.82,163.0,False,A08_RD14-0003-49_50_29-1;4;1-M3a-0.186IP-Q0.5_001.5sec.fsa,True
D3S1358,G,14,118.34,99.0,False,A08_RD14-0003-49_50_29-1;4;1-M3a-0.186IP-Q0.5_001.5sec.fsa,False
TH01,G,6,168.54,476.0,False,A08_RD14-0003-49_50_29-1;4;1-M3a-0.186IP-Q0.5_001.5sec.fsa,False
TH01,G,7,172.58,381.0,False,A08_RD14-0003-49_50_29-1;4;1-M3a-0.186IP-Q0.5_001.5sec.fsa,False
TH01,G,9,180.72,90.0,False,A08_RD14-0003-49_50_29-1;4;1-M3a-0.186IP-Q0.5_001.5sec.fsa,False
D13S317,G,11,227.23,458.0,False,A08_RD14-0003-49_50_29-1;4;1-M3a-0.186IP-Q0.5_001.5sec.fsa,False
D13S317,G,12,231.26,274.0,False,A08_RD14-0003-49_50_29-1;4;1-M3a-0.186IP-Q0.5_001.5sec.fsa,False
D16S539,G,10,271.19,96.0,False,A08_RD14-0003-49_50_29-1;4;1-M3a-0.186IP-Q0.5_001.5sec.fsa,False
D16S539,G,11,275.22,133.0,False,A08_RD14-0003-49_50_29-1;4;1-M3a-0.186IP-Q0.5_001.5sec.fsa,False
D16S539,G,12,279.26,236.0,False,A08_RD14-0003-49_50_29-1;4;1-M3a-0.186IP-Q0.5_001.5sec.fsa,False
D16S539,G,13,283.11,314.0,False,A08_RD14-0003-49_50_29-1;4;1-M3a-0.186IP-Q0.5_001.5sec.fsa,False
D2S1338,G,17,312.64,247.0,False,A08_RD14-0003-49_50_29-1;4;1-M3a-0.186IP-Q0.5_001.5sec.fsa,False
D19S433,Y,11,108.07,131.0,False,A08_RD14-0003-49_50_29-1;4;1-M3a-0.186IP-Q0.5_001.5sec.fsa,False
D19S433,Y,12,112.15,216.0,False,A08_RD14-0003-49_50_29-1;4;1-M3a-0.186IP-Q0.5_001.5sec.fsa,False
D19S433,Y,13,116.17,95.0,False,A08_RD14-0003-49_50_29-1;4;1-M3a-0.186IP-Q0.5_001.5sec.fsa,False
vWA,Y,15,168.15,239.0,False,A08_RD14-0003-49_50_29-1;4;1-M3a-0.186IP-Q0.5_001.5sec.fsa,False
vWA,Y,17,176.25,96.0,False,A08_RD14-0003-49_50_29-1;4;1-M3a-0.186IP-Q0.5_001.5sec.fsa,False
TPOX,Y,7,224.74,168.0,False,A08_RD14-0003-49_50_29-1;4;1-M3a-0.186IP-Q0.5_001.5sec.fsa,True
TPOX,Y,11,240.83,260.0,False,A08_RD14-0003-49_50_29-1;4;1-M3a-0.186IP-Q0.5_001.5sec.fsa,False
D18S51,Y,12,281.06,67.0,False,A08_RD14-0003-49_50_29-1;4;1-M3a-0.186IP-Q0.5_001.5sec.fsa,False
D18S51,Y,16,297.04,136.0,False,A08_RD14-0003-49_50_29-1;4;1-M3a-0.186IP-Q0.5_001.5sec.fsa,False
AMEL,R,X,104.94,296.0,False,A08_RD14-0003-49_50_29-1;4;1-M3a-0.186IP-Q0.5_001.5sec.fsa,False
AMEL,R,Y,110.89,344.0,False,A08_RD14-0003-49_50_29-1;4;1-M3a-0.186IP-Q0.5_001.5sec.fsa,False
D5S818,R,11,148.86,390.0,False,A08_RD14-0003-49_50_29-1;4;1-M3a-0.186IP-Q0.5_001.5sec.fsa,False
D5S818,R,12,153.0,60.0,False,A08_RD14-0003-49_50_29-1;4;1-M3a-0.186IP-Q0.5_001.5sec.fsa,False
FGA,R,19,221.04,359.0,False,A08_RD14-0003-49_50_29-1;4;1-M3a-0.186IP-Q0.5_001.5sec.fsa,False
D8S1179,B,10,129.69,82.0,False,A09_RD14-0003-49_50_29-1;4;1-M3e-0.186IP-Q1.6_001.5sec.fsa,False
D3S1358,G,16,126.34,107.0,False,A09_RD14-0003-49_50_29-1;4;1-M3e-0.186IP-Q1.6_001.5sec.fsa,False
TH01,G,6,168.61,136.0,False,A09_RD14-0003-49_50_29-1;4;1-M3e-0.186IP-Q1.6_001.5sec.fsa,False
TH01,G,7,172.69,84.0,False,A09_RD14-0003-49_50_29-1;4;1-M3e-0.186IP-Q1.6_001.5sec.fsa,False
TH01,G,8,176.69,98.0,False,A09_RD14-0003-49_50_29-1;4;1-M3e-0.186IP-Q1.6_001.5sec.fsa,False
D16S539,G,12,279.37,62.0,False,A09_RD14-0003-49_50_29-1;4;1-M3e-0.186IP-Q1.6_001.5sec.fsa,False
D2S1338,G,21,329.13,70.0,False,A09_RD14-0003-49_50_29-1;4;1-M3e-0.186IP-Q1.6_001.5sec.fsa,True
D19S433,Y,11,108.07,201.0,False,A09_RD14-0003-49_50_29-1;4;1-M3e-0.186IP-Q1.6_001.5sec.fsa,False
D19S433,Y,12,112.2,114.0,False,A09_RD14-0003-49_50_29-1;4;1-M3e-0.186IP-Q1.6_001.5sec.fsa,False
vWA,Y,15,168.15,85.0,False,A09_RD14-0003-49_50_29-1;4;1-M3e-0.186IP-Q1.6_001.5sec.fsa,False
TPOX,Y,7,224.73,54.0,False,A09_RD14-0003-49_50_29-1;4;1-M3e-0.186IP-Q1.6_001.5sec.fsa,True
AMEL,R,X,104.91,123.0,False,A09_RD14-0003-49_50_29-1;4;1-M3e-0.186IP-Q1.6_001.5sec.fsa,False
AMEL,R,Y,110.85,143.0,False,A09_RD14-0003-49_50_29-1;4;1-M3e-0.186IP-Q1.6_001.5sec.fsa,False
D5S818,R,11,148.91,182.0,False,A09_RD14-0003-49_50_29-1;4;1-M3e-0.186IP-Q1.6_001.5sec.fsa,False
FGA,R,19,221.01,96.0,False,A09_RD14-0003-49_50_29-1;4;1-M3e-0.186IP-Q1.6_001.5sec.fsa,False
D8S1179,B,11,133.68,441.0,False,A10_RD14-0003-30_31_32-1;4;4-M2d-0.567IP-Q0.6_001.5sec.fsa,False
D8S1179,B,12,137.88,528.0,False,A10_RD14-0003-30_31_32-1;4;4-M2d-0.567IP-Q0.6_001.5sec.fsa,False
D8S1179,B,13,141.99,502.0,False,A10_RD14-0003-30_31_32-1;4;4-M2d-0.567IP-Q0.6_001.5sec.fsa,False
D21S11,B,29,202.7,629.0,False,A10_RD14-0003-30_31_32-1;4;4-M2d-0.567IP-Q0.6_001.5sec.fsa,False
D21S11,B,31,210.7,314.0,False,A10_RD14-0003-30_31_32-1;4;4-M2d-0.567IP-Q0.6_001.5sec.fsa,True
D7S820,B,8,262.11,58.0,False,A10_RD14-0003-30_31_32-1;4;4-M2d-0.567IP-Q0.6_001.5sec.fsa,False
CSF1PO,B,10,318.87,313.0,False,A10_RD14-0003-30_31_32-1;4;4-M2d-0.567IP-Q0.6_001.5sec.fsa,False
CSF1PO,B,11,322.94,323.0,False,A10_RD14-0003-30_31_32-1;4;4-M2d-0.567IP-Q0.6_001.5sec.fsa,False
CSF1PO,B,12,326.96,580.0,False,A10_RD14-0003-30_31_32-1;4;4-M2d-0.567IP-Q0.6_001.5sec.fsa,False
D3S1358,G,14,118.2,100.0,False,A10_RD14-0003-30_31_32-1;4;4-M2d-0.567IP-Q0.6_001.5sec.fsa,False
D3S1358,G,15,122.19,1429.0,False,A10_RD14-0003-30_31_32-1;4;4-M2d-0.567IP-Q0.6_001.5sec.fsa,False
D3S1358,G,16,126.45,861.0,False,A10_RD14-0003-30_31_32-1;4;4-M2d-0.567IP-Q0.6_001.5sec.fsa,False
TH01,G,6,168.68,162.0,False,A10_RD14-0003-30_31_32-1;4;4-M2d-0.567IP-Q0.6_001.5sec.fsa,False
TH01,G,7,172.74,678.0,False,A10_RD14-0003-30_31_32-1;4;4-M2d-0.567IP-Q0.6_001.5sec.fsa,False
TH01,G,9,180.81,550.0,False,A10_RD14-0003-30_31_32-1;4;4-M2d-0.567IP-Q0.6_001.5sec.fsa,False
D13S317,G,11,227.27,532.0,False,A10_RD14-0003-30_31_32-1;4;4-M2d-0.567IP-Q0.6_001.5sec.fsa,False
D2S1338,G,17,312.83,73.0,False,A10_RD14-0003-30_31_32-1;4;4-M2d-0.567IP-Q0.6_001.5sec.fsa,False
D2S1338,G,19,321.18,790.0,False,A10_RD14-0003-30_31_32-1;4;4-M2d-0.567IP-Q0.6_001.5sec.fsa,False
D19S433,Y,11,108.15,507.0,False,A10_RD14-0003-30_31_32-1;4;4-M2d-0.567IP-Q0.6_001.5sec.fsa,False
D19S433,Y,12,112.31,219.0,False,A10_RD14-0003-30_31_32-1;4;4-M2d-0.567IP-Q0.6_001.5sec.fsa,False
vWA,Y,15,168.2,382.0,False,A10_RD14-0003-30_31_32-1;4;4-M2d-0.567IP-Q0.6_001.5sec.fsa,False
TPOX,Y,6,220.81,397.0,False,A10_RD14-0003-30_31_32-1;4;4-M2d-0.567IP-Q0.6_001.5sec.fsa,False
TPOX,Y,8,228.81,1121.0,False,A10_RD14-0003-30_31_32-1;4;4-M2d-0.567IP-Q0.6_001.5sec.fsa,False
TPOX,Y,11,240.92,261.0,False,A10_RD14-0003-30_31_32-1;4;4-M2d-0.567IP-Q0.6_001.5sec.fsa,False
D18S51,Y,12,281.13,272.0,False,A10_RD14-0003-30_31_32-1;4;4-M2d-0.567IP-Q0.6_001.5sec.fsa,False
AMEL,R,X,104.97,1020.0,False,A10_RD14-0003-30_31_32-1;4;4-M2d-0.567IP-Q0.6_001.5sec.fsa,False
AMEL,R,Y,110.85,851.0,False,A10_RD14-0003-30_31_32-1;4;4-M2d-0.567IP-Q0.6_001.5sec.fsa,False
D5S818,R,10,144.79,1000.0,False,A10_RD14-0003-30_31_32-1;4;4-M2d-0.567IP-Q0.6_001.5sec.fsa,False
D5S818,R,11,148.87,564.0,False,A10_RD14-0003-30_31_32-1;4;4-M2d-0.567IP-Q0.6_001.5sec.fsa,False
D5S818,R,12,153.05,155.0,False,A10_RD14-0003-30_31_32-1;4;4-M2d-0.567IP-Q0.6_001.5sec.fsa,False
FGA,R,19,221.05,104.0,False,A10_RD14-0003-30_31_32-1;4;4-M2d-0.567IP-Q0.6_001.5sec.fsa,False
FGA,R,21,229.13,538.0,False,A10_RD14-0003-30_31_32-1;4;4-M2d-0.567IP-Q0.6_001.5sec.fsa,False
FGA,R,22,233.18,81.0,False,A10_RD14-0003-30_31_32-1;4;4-M2d-0.567IP-Q0.6_001.5sec.fsa,False
D3S1358,G,15,122.3,110.0,False,A02_RD14-0003-44_45-1;1-M4d-0.031IP-Q0.9_001.5sec.fsa,False
D3S1358,G,17,130.24,57.0,False,A02_RD14-0003-44_45-1;1-M4d-0.031IP-Q0.9_001.5sec.fsa,False
D2S1338,G,16,308.66,60.0,False,A02_RD14-0003-44_45-1;1-M4d-0.031IP-Q0.9_001.5sec.fsa,False
D19S433,Y,11,108.11,52.0,False,A02_RD14-0003-44_45-1;1-M4d-0.031IP-Q0.9_001.5sec.fsa,False
vWA,Y,16,172.15,70.0,False,A02_RD14-0003-44_45-1;1-M4d-0.031IP-Q0.9_001.5sec.fsa,False
AMEL,R,X,104.93,94.0,False,A02_RD14-0003-44_45-1;1-M4d-0.031IP-Q0.9_001.5sec.fsa,False
D8S1179,B,13,141.91,288.0,False,A03_RD14-0003-40_41-1;4-M4a-0.075IP-Q0.6_001.5sec.fsa,False
D7S820,B,11,274.23,272.0,False,A03_RD14-0003-40_41-1;4-M4a-0.075IP-Q0.6_001.5sec.fsa,False
CSF1PO,B,12,326.99,260.0,False,A03_RD14-0003-40_41-1;4-M4a-0.075IP-Q0.6_001.5sec.fsa,False
D3S1358,G,15,122.19,56.0,False,A03_RD14-0003-40_41-1;4-M4a-0.075IP-Q0.6_001.5sec.fsa,False
D3S1358,G,16,126.36,161.0,False,A03_RD14-0003-40_41-1;4-M4a-0.075IP-Q0.6_001.5sec.fsa,False
TH01,G,7,172.77,390.0,False,A03_RD14-0003-40_41-1;4-M4a-0.075IP-Q0.6_001.5sec.fsa,False
D13S317,G,12,231.28,172.0,False,A03_RD14-0003-40_41-1;4-M4a-0.075IP-Q0.6_001.5sec.fsa,False
D13S317,G,13,235.34,180.0,False,A03_RD14-0003-40_41-1;4-M4a-0.075IP-Q0.6_001.5sec.fsa,False
D16S539,G,9,267.36,113.0,False,A03_RD14-0003-40_41-1;4-M4a-0.075IP-Q0.6_001.5sec.fsa,False
D16S539,G,11,275.35,191.0,False,A03_RD14-0003-40_41-1;4-M4a-0.075IP-Q0.6_001.5sec.fsa,False
D2S1338,G,20,325.14,229.0,False,A03_RD14-0003-40_41-1;4-M4a-0.075IP-Q0.6_001.5sec.fsa,False
D19S433,Y,13,116.26,166.0,False,A03_RD14-0003-40_41-1;4-M4a-0.075IP-Q0.6_001.5sec.fsa,False
D19S433,Y,16.2,130.17,172.0,False,A03_RD14-0003-40_41-1;4-M4a-0.075IP-Q0.6_001.5sec.fsa,True
TPOX,Y,8,228.9,316.0,False,A03_RD14-0003-40_41-1;4-M4a-0.075IP-Q0.6_001.5sec.fsa,False
D18S51,Y,13,285.2,206.0,False,A03_RD14-0003-40_41-1;4-M4a-0.075IP-Q0.6_001.5sec.fsa,False
AMEL,R,X,104.98,132.0,False,A03_RD14-0003-40_41-1;4-M4a-0.075IP-Q0.6_001.5sec.fsa,False
AMEL,R,Y,110.81,69.0,False,A03_RD14-0003-40_41-1;4-M4a-0.075IP-Q0.6_001.5sec.fsa,False
D5S818,R,11,148.9,252.0,False,A03_RD14-0003-40_41-1;4-M4a-0.075IP-Q0.6_001.5sec.fsa,False
FGA,R,22,233.23,143.0,False,A03_RD14-0003-40_41-1;4-M4a-0.075IP-Q0.6_001.5sec.fsa,False
FGA,R,27,253.63,112.0,False,A03_RD14-0003-40_41-1;4-M4a-0.075IP-Q0.6_001.5sec.fsa,True
D7S820,B,11,274.19,152.0,False,A04_RD14-0003-40_41-1;4-M3e-0.155IP-Q0.8_001.5sec.fsa,False
CSF1PO,B,12,326.98,256.0,False,A04_RD14-0003-40_41-1;4-M3e-0.155IP-Q0.8_001.5sec.fsa,False
D3S1358,G,16,126.32,215.0,False,A04_RD14-0003-40_41-1;4-M3e-0.155IP-Q0.8_001.5sec.fsa,False
TH01,G,7,172.66,301.0,False,A04_RD14-0003-40_41-1;4-M3e-0.155IP-Q0.8_001.5sec.fsa,False
TH01,G,8,176.75,53.0,False,A04_RD14-0003-40_41-1;4-M3e-0.155IP-Q0.8_001.5sec.fsa,False
D13S317,G,12,231.28,297.0,False,A04_RD14-0003-40_41-1;4-M3e-0.155IP-Q0.8_001.5sec.fsa,False
D13S317,G,13,235.33,165.0,False,A04_RD14-0003-40_41-1;4-M3e-0.155IP-Q0.8_001.5sec.fsa,False
D16S539,G,9,267.34,139.0,False,A04_RD14-0003-40_41-1;4-M3e-0.155IP-Q0.8_001.5sec.fsa,False
D2S1338,G,20,325.24,161.0,False,A04_RD14-0003-40_41-1;4-M3e-0.155IP-Q0.8_001.5sec.fsa,False
D2S1338,G,22,333.25,145.0,False,A04_RD14-0003-40_41-1;4-M3e-0.155IP-Q0.8_001.5sec.fsa,False
D19S433,Y,11,108.24,54.0,False,A04_RD14-0003-40_41-1;4-M3e-0.155IP-Q0.8_001.5sec.fsa,False
D19S433,Y,13,116.29,185.0,False,A04_RD14-0003-40_41-1;4-M3e-0.155IP-Q0.8_001.5sec.fsa,False
D19S433,Y,16.2,130.13,262.0,False,A04_RD14-0003-40_41-1;4-M3e-0.155IP-Q0.8_001.5sec.fsa,True
vWA,Y,18,180.35,112.0,False,A04_RD14-0003-40_41-1;4-M3e-0.155IP-Q0.8_001.5sec.fsa,False
TPOX,Y,8,228.83,289.0,False,A04_RD14-0003-40_41-1;4-M3e-0.155IP-Q0.8_001.5sec.fsa,False
D18S51,Y,13,285.2,78.0,False,A04_RD14-0003-40_41-1;4-M3e-0.155IP-Q0.8_001.5sec.fsa,False
AMEL,R,X,104.9,268.0,False,A04_RD14-0003-40_41-1;4-M3e-0.155IP-Q0.8_001.5sec.fsa,False
AMEL,R,Y,110.84,263.0,False,A04_RD14-0003-40_41-1;4-M3e-0.155IP-Q0.8_001.5sec.fsa,False
D5S818,R,11,148.88,211.0,False,A04_RD14-0003-40_41-1;4-M3e-0.155IP-Q0.8_001.5sec.fsa,False
D5S818,R,12,152.97,96.0,False,A04_RD14-0003-40_41-1;4-M3e-0.155IP-Q0.8_001.5sec.fsa,False
FGA,R,22,233.13,101.0,False,A04_RD14-0003-40_41-1;4-M3e-0.155IP-Q0.8_001.5sec.fsa,False
D8S1179,B,11,133.67,280.0,False,A05_RD14-0003-42_43-1;9-M2d-0.31IP-Q0.8_001.5sec.fsa,False
D21S11,B,27,194.72,219.0,False,A05_RD14-0003-42_43-1;9-M2d-0.31IP-Q0.8_001.5sec.fsa,False
D7S820,B,8,262.09,186.0,False,A05_RD14-0003-42_43-1;9-M2d-0.31IP-Q0.8_001.5sec.fsa,False
D7S820,B,9,266.12,144.0,False,A05_RD14-0003-42_43-1;9-M2d-0.31IP-Q0.8_001.5sec.fsa,False
CSF1PO,B,10,318.78,174.0,False,A05_RD14-0003-42_43-1;9-M2d-0.31IP-Q0.8_001.5sec.fsa,False
CSF1PO,B,12,326.93,72.0,False,A05_RD14-0003-42_43-1;9-M2d-0.31IP-Q0.8_001.5sec.fsa,False
D3S1358,G,14,118.42,70.0,False,A05_RD14-0003-42_43-1;9-M2d-0.31IP-Q0.8_001.5sec.fsa,False
TH01,G,8,176.77,357.0,False,A05_RD14-0003-42_43-1;9-M2d-0.31IP-Q0.8_001.5sec.fsa,False
TH01,G,9,180.78,56.0,False,A05_RD14-0003-42_43-1;9-M2d-0.31IP-Q0.8_001.5sec.fsa,False
TH01,G,9.3,183.98,451.0,False,A05_RD14-0003-42_43-1;9-M2d-0.31IP-Q0.8_001.5sec.fsa,False
D13S317,G,11,227.29,235.0,False,A05_RD14-0003-42_43-1;9-M2d-0.31IP-Q0.8_001.5sec.fsa,False
D13S317,G,12,231.29,270.0,False,A05_RD14-0003-42_43-1;9-M2d-0.31IP-Q0.8_001.5sec.fsa,False
D16S539,G,9,267.34,66.0,False,A05_RD14-0003-42_43-1;9-M2d-0.31IP-Q0.8_001.5sec.fsa,False
D16S539,G,10,271.29,456.0,False,A05_RD14-0003-42_43-1;9-M2d-0.31IP-Q0.8_001.5sec.fsa,False
D16S539,G,12,279.29,50.0,False,A05_RD14-0003-42_43-1;9-M2d-0.31IP-Q0.8_001.5sec.fsa,False
D2S1338,G,19,321.1,167.0,False,A05_RD14-0003-42_43-1;9-M2d-0.31IP-Q0.8_001.5sec.fsa,False
D2S1338,G,22,333.27,141.0,False,A05_RD14-0003-42_43-1;9-M2d-0.31IP-Q0.8_001.5sec.fsa,False
vWA,Y,13,160.0,327.0,False,A05_RD14-0003-42_43-1;9-M2d-0.31IP-Q0.8_001.5sec.fsa,False
vWA,Y,16,172.18,56.0,False,A05_RD14-0003-42_43-1;9-M2d-0.31IP-Q0.8_001.5sec.fsa,False
vWA,Y,17,176.34,263.0,False,A05_RD14-0003-42_43-1;9-M2d-0.31IP-Q0.8_001.5sec.fsa,False
TPOX,Y,8,228.85,287.0,False,A05_RD14-0003-42_43-1;9-M2d-0.31IP-Q0.8_001.5sec.fsa,False
TPOX,Y,10,236.86,62.0,False,A05_RD14-0003-42_43-1;9-M2d-0.31IP-Q0.8_001.5sec.fsa,False
D18S51,Y,18,305.09,171.0,False,A05_RD14-0003-42_43-1;9-M2d-0.31IP-Q0.8_001.5sec.fsa,True
D18S51,Y,19,309.02,109.0,False,A05_RD14-0003-42_43-1;9-M2d-0.31IP-Q0.8_001.5sec.fsa,True
AMEL,R,X,104.99,413.0,False,A05_RD14-0003-42_43-1;9-M2d-0.31IP-Q0.8_001.5sec.fsa,False
AMEL,R,Y,110.92,535.0,False,A05_RD14-0003-42_43-1;9-M2d-0.31IP-Q0.8_001.5sec.fsa,False
D5S818,R,11,148.88,269.0,False,A05_RD14-0003-42_43-1;9-M2d-0.31IP-Q0.8_001.5sec.fsa,False
D5S818,R,12,152.97,321.0,False,A05_RD14-0003-42_43-1;9-M2d-0.31IP-Q0.8_001.5sec.fsa,False
D5S818,R,13,157.08,52.0,False,A05_RD14-0003-42_43-1;9-M2d-0.31IP-Q0.8_001.5sec.fsa,False
FGA,R,21,229.11,307.0,False,A05_RD14-0003-42_43-1;9-M2d-0.31IP-Q0.8_001.5sec.fsa,False
D8S1179,B,10,129.73,588.0,False,H07_RD14-0003-35_36_37_38_39-1;4;4;4;1-M2I35-0.75IP-QLAND_004.5sec.fsa,False
D21S11,B,27,194.73,55.0,False,H07_RD14-0003-35_36_37_38_39-1;4;4;4;1-M2I35-0.75IP-QLAND_004.5sec.fsa,False
D21S11,B,28,198.77,893.0,False,H07_RD14-0003-35_36_37_38_39-1;4;4;4;1-M2I35-0.75IP-QLAND_004.5sec.fsa,False
D21S11,B,29,202.83,232.0,False,H07_RD14-0003-35_36_37_38_39-1;4;4;4;1-M2I35-0.75IP-QLAND_004.5sec.fsa,False
D21S11,B,30,206.79,482.0,False,H07_RD14-0003-35_36_37_38_39-1;4;4;4;1-M2I35-0.75IP-QLAND_004.5sec.fsa,False
D7S820,B,8,262.15,241.0,False,H07_RD14-0003-35_36_37_38_39-1;4;4;4;1-M2I35-0.75IP-QLAND_004.5sec.fsa,False
D7S820,B,9,266.1,330.0,False,H07_RD14-0003-35_36_37_38_39-1;4;4;4;1-M2I35-0.75IP-QLAND_004.5sec.fsa,False
CSF1PO,B,10,318.85,631.0,False,H07_RD14-0003-35_36_37_38_39-1;4;4;4;1-M2I35-0.75IP-QLAND_004.5sec.fsa,False
D3S1358,G,14,118.4,179.0,False,H07_RD14-0003-35_36_37_38_39-1;4;4;4;1-M2I35-0.75IP-QLAND_004.5sec.fsa,False
D3S1358,G,15,122.25,645.0,False,H07_RD14-0003-35_36_37_38_39-1;4;4;4;1-M2I35-0.75IP-QLAND_004.5sec.fsa,False
TH01,G,6,168.73,527.0,False,H07_RD14-0003-35_36_37_38_39-1;4;4;4;1-M2I35-0.75IP-QLAND_004.5sec.fsa,False
TH01,G,7,172.77,992.0,False,H07_RD14-0003-35_36_37_38_39-1;4;4;4;1-M2I35-0.75IP-QLAND_004.5sec.fsa,False
TH01,G,8,176.81,447.0,False,H07_RD14-0003-35_36_37_38_39-1;4;4;4;1-M2I35-0.75IP-QLAND_004.5sec.fsa,False
D13S317,G,9,219.28,534.0,False,H07_RD14-0003-35_36_37_38_39-1;4;4;4;1-M2I35-0.75IP-QLAND_004.5sec.fsa,False
D13S317,G,10,223.35,191.0,False,H07_RD14-0003-35_36_37_38_39-1;4;4;4;1-M2I35-0.75IP-QLAND_004.5sec.fsa,False
D13S317,G,11,227.32,1245.0,False,H07_RD14-0003-35_36_37_38_39-1;4;4;4;1-M2I35-0.75IP-QLAND_004.5sec.fsa,False
D16S539,G,9,267.36,487.0,False,H07_RD14-0003-35_36_37_38_39-1;4;4;4;1-M2I35-0.75IP-QLAND_004.5sec.fsa,False
D2S1338,G,16,308.96,338.0,False,H07_RD14-0003-35_36_37_38_39-1;4;4;4;1-M2I35-0.75IP-QLAND_004.5sec.fsa,False
D2S1338,G,17,312.89,54.0,False,H07_RD14-0003-35_36_37_38_39-1;4;4;4;1-M2I35-0.75IP-QLAND_004.5sec.fsa,False
D2S1338,G,18,317.04,664.0,False,H07_RD14-0003-35_36_37_38_39-1;4;4;4;1-M2I35-0.75IP-QLAND_004.5sec.fsa,False
D2S1338,G,19,321.12,364.0,False,H07_RD14-0003-35_36_37_38_39-1;4;4;4;1-M2I35-0.75IP-QLAND_004.5sec.fsa,False
D19S433,Y,10.2,106.11,181.0,False,H07_RD14-0003-35_36_37_38_39-1;4;4;4;1-M2I35-0.75IP-QLAND_004.5sec.fsa,True
D19S433,Y,11,108.25,68.0,False,H07_RD14-0003-35_36_37_38_39-1;4;4;4;1-M2I35-0.75IP-QLAND_004.5sec.fsa,False
D19S433,Y,13,116.32,348.0,False,H07_RD14-0003-35_36_37_38_39-1;4;4;4;1-M2I35-0.75IP-QLAND_004.5sec.fsa,False
D19S433,Y,14,120.24,586.0,False,H07_RD14-0003-35_36_37_38_39-1;4;4;4;1-M2I35-0.75IP-QLAND_004.5sec.fsa,False
vWA,Y,15,168.22,272.0,False,H07_RD14-0003-35_36_37_38_39-1;4;4;4;1-M2I35-0.75IP-QLAND_004.5sec.fsa,False
vWA,Y,16,172.25,524.0,False,H07_RD14-0003-35_36_37_38_39-1;4;4;4;1-M2I35-0.75IP-QLAND_004.5sec.fsa,False
vWA,Y,17,176.3,213.0,False,H07_RD14-0003-35_36_37_38_39-1;4;4;4;1-M2I35-0.75IP-QLAND_004.5sec.fsa,False
TPOX,Y,6,220.88,229.0,False,H07_RD14-0003-35_36_37_38_39-1;4;4;4;1-M2I35-0.75IP-QLAND_004.5sec.fsa,False
TPOX,Y,8,228.92,563.0,False,H07_RD14-0003-35_36_37_38_39-1;4;4;4;1-M2I35-0.75IP-QLAND_004.5sec.fsa,False
TPOX,Y,10,236.89,137.0,False,H07_RD14-0003-35_36_37_38_39-1;4;4;4;1-M2I35-0.75IP-QLAND_004.5sec.fsa,False
TPOX,Y,11,241.0,128.0,False,H07_RD14-0003-35_36_37_38_39-1;4;4;4;1-M2I35-0.75IP-QLAND_004.5sec.fsa,False
TPOX,Y,12,245.01,201.0,False,H07_RD14-0003-35_36_37_38_39-1;4;4;4;1-M2I35-0.75IP-QLAND_004.5sec.fsa,True
D18S51,Y,12,281.25,69.0,False,H07_RD14-0003-35_36_37_38_39-1;4;4;4;1-M2I35-0.75IP-QLAND_004.5sec.fsa,False
D18S51,Y,13,285.17,50.0,False,H07_RD14-0003-35_36_37_38_39-1;4;4;4;1-M2I35-0.75IP-QLAND_004.5sec.fsa,False
D18S51,Y,15,293.21,296.0,False,H07_RD14-0003-35_36_37_38_39-1;4;4;4;1-M2I35-0.75IP-QLAND_004.5sec.fsa,False
D18S51,Y,16,297.14,51.0,False,H07_RD14-0003-35_36_37_38_39-1;4;4;4;1-M2I35-0.75IP-QLAND_004.5sec.fsa,False
AMEL,R,X,104.96,520.0,False,H07_RD14-0003-35_36_37_38_39-1;4;4;4;1-M2I35-0.75IP-QLAND_004.5sec.fsa,False
AMEL,R,Y,110.88,710.0,False,H07_RD14-0003-35_36_37_38_39-1;4;4;4;1-M2I35-0.75IP-QLAND_004.5sec.fsa,False
D5S818,R,10,144.79,232.0,False,H07_RD14-0003-35_36_37_38_39-1;4;4;4;1-M2I35-0.75IP-QLAND_004.5sec.fsa,False
D5S818,R,11,148.91,339.0,False,H07_RD14-0003-35_36_37_38_39-1;4;4;4;1-M2I35-0.75IP-QLAND_004.5sec.fsa,False
D5S818,R,12,153.05,558.0,False,H07_RD14-0003-35_36_37_38_39-1;4;4;4;1-M2I35-0.75IP-QLAND_004.5sec.fsa,False
FGA,R,19.2,223.0,59.0,False,H07_RD14-0003-35_36_37_38_39-1;4;4;4;1-M2I35-0.75IP-QLAND_004.5sec.fsa,True
FGA,R,22,233.17,335.0,False,H07_RD14-0003-35_36_37_38_39-1;4;4;4;1-M2I35-0.75IP-QLAND_004.5sec.fsa,False
FGA,R,23,237.25,234.0,False,H07_RD14-0003-35_36_37_38_39-1;4;4;4;1-M2I35-0.75IP-QLAND_004.5sec.fsa,False
